{"type":"FeatureCollection","name":"??????","source":"????????? ????????(TWD97???)","features":[{"type":"Feature","properties":{"COUNTYCODE":"09007","COUNTYNAME":"連江縣","COUNTYENG":"Lienchiang County"},"geometry":{"type":"MultiPolygon","coordinates":[[[[119.96445941900004,25.945745612000053],[119.9641374680001,25.94551840400004],[119.96426754100003,25.945488368000042],[119.96445941900004,25.945745612000053]]],[[[119.9644237440001,25.946939673000088],[119.96420516500007,25.946822404000045],[119.96462910100001,25.94675398600009],[119.9644237440001,25.946939673000088]]],[[[119.96432003900009,25.946381657000074],[119.96203895500003,25.94546644600007],[119.9614126680001,25.941005163000057],[119.96414683500007,25.94265013200004],[119.96469927100009,25.944249868000043],[119.963842408,25.945040619000054],[119.96432003900009,25.946381657000074]]],[[[119.9848660350001,25.964372052000044],[119.98484249900002,25.96442670400006],[119.98476464800001,25.964340423000067],[119.9848660350001,25.964372052000044]]],[[[119.98565248600005,25.96464852400004],[119.98586631400008,25.964757595000037],[119.98536531100001,25.964844854000035],[119.98565248600005,25.96464852400004]]],[[[119.98897057300007,25.970825037000054],[119.98801434200004,25.96995607200006],[119.99007857800007,25.97003326500004],[119.98897057300007,25.970825037000054]]],[[[119.981983463,25.969020698000065],[119.983039007,25.967251445000045],[119.98183339500008,25.966467933000047],[119.97850176600002,25.967193174000045],[119.97832128900006,25.968509537000045],[119.97151322400009,25.96705961500004],[119.96953674400004,25.96045622400004],[119.96218764700006,25.95811059400006],[119.96344960400006,25.95781080200004],[119.9650027020001,25.958238022000046],[119.965589464,25.95626547200004],[119.962156682,25.950127319000046],[119.9604470700001,25.950175954000088],[119.96493531200008,25.94920868400004],[119.97147367900004,25.956625158000065],[119.97393032900004,25.95333044700004],[119.97467657600009,25.95527474900007],[119.97894796600008,25.95619802300007],[119.97855946900006,25.95965562400005],[119.98493062600005,25.962505907000036],[119.98367423600007,25.964213508000057],[119.98859076200006,25.96812982700004],[119.98734998500004,25.968860688000063],[119.9879741100001,25.970365094000044],[119.981983463,25.969020698000065]]],[[[119.97620631300003,25.972353872000042],[119.976281266,25.97237885600009],[119.976272343,25.972394919000067],[119.97620631300003,25.972353872000042]]],[[[119.96471768700007,25.97245921600006],[119.96475557600002,25.97259011500006],[119.96419550600001,25.972429015000046],[119.96471768700007,25.97245921600006]]],[[[119.97658286300009,25.97304094200007],[119.97656323300009,25.972996326000043],[119.97662212400007,25.973015957000086],[119.97658286300009,25.97304094200007]]],[[[119.97420027200008,25.97310157000004],[119.974243258,25.97311767900004],[119.97412547500005,25.973158726000065],[119.97420027200008,25.97310157000004]]],[[[119.97743054600005,25.974020685000085],[119.97743233000006,25.97408850000005],[119.9773520230001,25.974036745000035],[119.97743054600005,25.974020685000085]]],[[[119.977535837,25.974174161000064],[119.9775626060001,25.97418665300006],[119.9775608220001,25.974206283000058],[119.977535837,25.974174161000064]]],[[[119.96746524000002,25.97442228500006],[119.9672800410001,25.974203462000048],[119.96729760100004,25.97418179500005],[119.96746524000002,25.97442228500006]]],[[[119.96523842400006,25.974403865000056],[119.96486933200003,25.974523599000065],[119.96484992,25.974375038000062],[119.96523842400006,25.974403865000056]]],[[[119.96521859900008,25.97470099800006],[119.9653041040001,25.974382984000044],[119.96542429700003,25.974564487000066],[119.96521859900008,25.97470099800006]]],[[[119.96625645400002,25.974946387000045],[119.96617095300007,25.974928970000065],[119.966168262,25.974884789000043],[119.96625645400002,25.974946387000045]]],[[[119.96642103500005,25.975020010000037],[119.96630818200003,25.974931549000075],[119.96637226900009,25.974894507000045],[119.96642103500005,25.975020010000037]]],[[[119.96666645900007,25.974676102000046],[119.96493750100001,25.974129873000038],[119.965296652,25.972865778000084],[119.9643762820001,25.97115344200006],[119.96720103400003,25.971688278000045],[119.96666645900007,25.974676102000046]]],[[[119.97647400300002,25.97525027200004],[119.97642224900005,25.975244918000044],[119.97642046400006,25.97520565700006],[119.97647400300002,25.97525027200004]]],[[[119.96641499100008,25.975262134000047],[119.966420277,25.975300228000037],[119.96632280600011,25.975244408000037],[119.96641499100008,25.975262134000047]]],[[[119.976520402,25.975307378000082],[119.9765775090001,25.97519138100006],[119.97663283100007,25.97528953200009],[119.976520402,25.975307378000082]]],[[[119.96625487100005,25.975179509000043],[119.9659735460001,25.97531269500007],[119.96593196700007,25.975108310000053],[119.96625487100005,25.975179509000043]]],[[[119.97499635700001,25.975378762000048],[119.97495174300002,25.97535913200005],[119.97496780400002,25.97530024100007],[119.97499635700001,25.975378762000048]]],[[[119.96645682100007,25.975342079000086],[119.96649574900005,25.975399370000048],[119.96640146200002,25.975358588000063],[119.96645682100007,25.975342079000086]]],[[[119.965904744,25.975312063000047],[119.965776753,25.975405831000046],[119.96577254300007,25.975284702000067],[119.965904744,25.975312063000047]]],[[[119.9768112910001,25.975451931000066],[119.97671313900003,25.975259194000046],[119.97694513600004,25.975228857000047],[119.9768112910001,25.975451931000066]]],[[[119.96697559900008,25.975368867000043],[119.9669105160001,25.97545351900004],[119.966570628,25.975168947000043],[119.96697559900008,25.975368867000043]]],[[[119.97510878700007,25.97557863800006],[119.974991004,25.97558577600006],[119.9750177730001,25.97548405400005],[119.97510878700007,25.97557863800006]]],[[[119.92020727400006,25.975161090000086],[119.9202949270001,25.975680690000047],[119.919385412,25.975159078000047],[119.92020727400006,25.975161090000086]]],[[[119.96588797900006,25.975704532000066],[119.96582828600003,25.975712052000063],[119.96581040500007,25.975602311000046],[119.96588797900006,25.975704532000066]]],[[[119.97519087800003,25.975774942000044],[119.97514626300006,25.975625037000043],[119.9752801080001,25.97563752900004],[119.97519087800003,25.975774942000044]]],[[[119.96593473400003,25.975638351000043],[119.96629045100008,25.97524839500005],[119.966640686,25.975648814000067],[119.96593473400003,25.975638351000043]]],[[[119.97577801,25.975923065000075],[119.97443599400003,25.974795199000084],[119.97397735300001,25.970258758000057],[119.97727528600001,25.97410277700004],[119.97577801,25.975923065000075]]],[[[119.9758101330001,25.976069400000085],[119.975753026,25.975967679000064],[119.97599216100002,25.975910571000043],[119.9758101330001,25.976069400000085]]],[[[119.96591924300003,25.97600544000005],[119.96614204000002,25.976109378000046],[119.9660927430001,25.97624486500007],[119.96591924300003,25.97600544000005]]],[[[119.97560490400008,25.97659407200007],[119.97562453500007,25.97653161100004],[119.97569948800003,25.976526257000046],[119.97560490400008,25.97659407200007]]],[[[119.97596182400002,25.976112232000048],[119.97675953800001,25.976445951000073],[119.9765703710001,25.97662976400005],[119.97596182400002,25.976112232000048]]],[[[119.922153041,25.976745065000046],[119.92177832900006,25.97705509800005],[119.9217132770001,25.97631694800009],[119.922153041,25.976745065000046]]],[[[119.947115973,25.977145980000046],[119.94683457500003,25.977170813000043],[119.94686743800003,25.97687541600004],[119.947115973,25.977145980000046]]],[[[119.92198728000005,25.977382375000047],[119.921736528,25.977468297000087],[119.92170498200005,25.977275551000048],[119.92198728000005,25.977382375000047]]],[[[119.9470532790001,25.97735093600005],[119.94707560300003,25.977462324000044],[119.9469169460001,25.977473083000064],[119.9470532790001,25.97735093600005]]],[[[119.94717963700009,25.977690774000052],[119.94704670400006,25.977741128000048],[119.94706039000005,25.977613229000042],[119.94717963700009,25.977690774000052]]],[[[119.922261477,25.97834251200004],[119.92184682200002,25.978093605000083],[119.92196583400005,25.977944206000075],[119.922261477,25.97834251200004]]],[[[119.9919956540001,25.980699000000072],[119.99203535600009,25.980748046000087],[119.99174369700006,25.980750911000086],[119.9919956540001,25.980699000000072]]],[[[119.94833243700009,25.981261998000036],[119.9484833140001,25.981394573000046],[119.94823943300003,25.981312097000057],[119.94833243700009,25.981261998000036]]],[[[119.94819132500004,25.981394209000086],[119.94820181400007,25.981459074000043],[119.9481151970001,25.981418138000038],[119.94819132500004,25.981394209000086]]],[[[119.99245744200005,25.981494771000087],[119.99191585100004,25.98139223000004],[119.99194758700003,25.98135824800005],[119.99245744200005,25.981494771000087]]],[[[119.94820738300007,25.98165432400009],[119.94816491400002,25.981653424000058],[119.94816919000004,25.981636508000065],[119.94820738300007,25.98165432400009]]],[[[119.99252066500003,25.981960839000067],[119.99233467800002,25.981870092000065],[119.99238117700008,25.98179089100006],[119.99252066500003,25.981960839000067]]],[[[119.94618502200001,25.982071535000046],[119.9460032180001,25.98201269900005],[119.94603930400001,25.981952679000074],[119.94618502200001,25.982071535000046]]],[[[119.94076708300008,25.982211134000067],[119.940814176,25.982352880000064],[119.94060468100008,25.982272596000087],[119.94076708300008,25.982211134000067]]],[[[119.9449258630001,25.982357225000044],[119.94483522900009,25.98238304000006],[119.94481293400008,25.982316681000043],[119.9449258630001,25.982357225000044]]],[[[119.946317314,25.98235451100004],[119.9463295160001,25.982427793000056],[119.94620580800006,25.982375348000062],[119.946317314,25.98235451100004]]],[[[119.9467708310001,25.982461818000047],[119.94627500700005,25.982054231000063],[119.94632309800011,25.982050471000036],[119.9467708310001,25.982461818000047]]],[[[119.94458695100002,25.982097799000087],[119.93885595000006,25.980685703000063],[119.93728307100002,25.981755711000062],[119.93339752300005,25.979972531000044],[119.93162539100001,25.981627176000075],[119.9268976940001,25.981649965000088],[119.92400290400008,25.979239342000085],[119.92881844200008,25.97096700900005],[119.93052363900006,25.971876403000067],[119.93329865600003,25.97000457300004],[119.93154953300007,25.96747462600007],[119.93392792300006,25.96748407800004],[119.93830933900006,25.970677806000083],[119.93719514700001,25.971780883000065],[119.93848239600004,25.97338645700006],[119.94193267500009,25.972925383000074],[119.94640899300009,25.978057151000087],[119.94771082700004,25.97816533300005],[119.9480043310001,25.981717238000044],[119.94506796500002,25.980683886000065],[119.94458695100002,25.982097799000087]]],[[[119.94466665900006,25.98268550100005],[119.944794355,25.982447669000067],[119.94483699200009,25.982466746000057],[119.94466665900006,25.98268550100005]]],[[[119.99309262300005,25.982752491000042],[119.9928533640001,25.98288371700005],[119.9919790890001,25.982404371000086],[119.99309262300005,25.982752491000042]]],[[[119.94379967500004,25.982755017000045],[119.94355691500004,25.982899726000085],[119.94354981600009,25.982776370000067],[119.94379967500004,25.982755017000045]]],[[[119.94482441700006,25.983119154000065],[119.944438063,25.983057595000048],[119.94455287800008,25.98290561600004],[119.94482441700006,25.983119154000065]]],[[[119.95795489900001,26.08112951600009],[119.95775789000004,26.081140668000046],[119.95772071900001,26.080989505000048],[119.95795489900001,26.08112951600009]]],[[[119.9643949450001,26.08564816100005],[119.9644056520001,26.08573917500007],[119.96425396200004,26.08569634400004],[119.9643949450001,26.08564816100005]]],[[[119.963505951,26.085353630000043],[119.96413502200005,26.08549165000005],[119.96413796400009,26.085760591000053],[119.963505951,26.085353630000043]]],[[[119.96135204000007,26.086132321000036],[119.96132527200007,26.086130537000088],[119.96133776300007,26.08608592300004],[119.96135204000007,26.086132321000036]]],[[[119.961801928,26.086179970000046],[119.96180549600001,26.086110370000085],[119.96193398800006,26.086144279000052],[119.961801928,26.086179970000046]]],[[[119.9613682700001,26.086022927000045],[119.96154137600001,26.085000353000055],[119.96273527100004,26.085169889000042],[119.9613682700001,26.086022927000045]]],[[[119.96173191600008,26.086313265000058],[119.96169823600007,26.086324490000038],[119.96169823600007,26.086282391000054],[119.96173191600008,26.086313265000058]]],[[[119.96297976100004,26.086344153000084],[119.96291373100007,26.08631024600004],[119.96293693100006,26.086294185000042],[119.96297976100004,26.086344153000084]]],[[[119.96225343000003,26.086347722000085],[119.96201607900002,26.086278124000046],[119.96211423200009,26.086224584000036],[119.96225343000003,26.086347722000085]]],[[[119.96171252900001,26.086646285000086],[119.96163222200005,26.08664450000009],[119.96162329900005,26.086603455000045],[119.96171252900001,26.086646285000086]]],[[[119.96143413200002,26.086810468000067],[119.96137524000005,26.08678013100007],[119.96138059400005,26.086753360000046],[119.96143413200002,26.086810468000067]]],[[[119.9612699490001,26.087001420000036],[119.9612717330001,26.08696216000004],[119.96135917900006,26.08689077400004],[119.9612699490001,26.087001420000036]]],[[[119.96128422600009,26.087322648000054],[119.96110933600005,26.087190588000055],[119.96143413200002,26.087044251000066],[119.96128422600009,26.087322648000054]]],[[[119.96194274200002,26.087402953000037],[119.96191954200003,26.08737261600004],[119.96206944800008,26.087367262000043],[119.96194274200002,26.087402953000037]]],[[[119.96135025600006,26.08752073700009],[119.96127351900009,26.08741187600009],[119.961733944,26.087212003000047],[119.96135025600006,26.08752073700009]]],[[[119.96533863700006,26.09131516700006],[119.96525654600009,26.091261629000087],[119.96529402200008,26.091177753000068],[119.96533863700006,26.09131516700006]]],[[[119.96551174300009,26.091381196000043],[119.965465343,26.09140261300007],[119.96543500500002,26.09130802900006],[119.96551174300009,26.091381196000043]]],[[[119.96516017700003,26.091738116000045],[119.96545820400002,26.091693502000055],[119.96535112900006,26.091722055000048],[119.96516017700003,26.091738116000045]]],[[[119.9652440530001,26.091843408000045],[119.96586152300006,26.091666733000068],[119.96592220000002,26.091854115000046],[119.9652440530001,26.091843408000045]]],[[[119.97384907600008,26.11572397300006],[119.97423990200002,26.115397391000045],[119.9743219930001,26.115823911000064],[119.97384907600008,26.11572397300006]]],[[[119.97266410400005,26.116762608000045],[119.97294607000003,26.11631288800004],[119.97313880700005,26.116598425000063],[119.97266410400005,26.116762608000045]]],[[[119.96436567500007,26.14402393800009],[119.96471188600003,26.14404654300006],[119.96471902500002,26.144171465000056],[119.96436567500007,26.14402393800009]]],[[[119.96532697600003,26.144733018000068],[119.96531388900007,26.14480916100007],[119.96523655700003,26.14475086400006],[119.96532697600003,26.144733018000068]]],[[[119.96454770300011,26.144654496000044],[119.96460481000008,26.144255935000047],[119.96528176600009,26.14439632400007],[119.96454770300011,26.144654496000044]]],[[[119.96502359500005,26.145063763000053],[119.96505690800007,26.14490909700004],[119.96520443500003,26.144954307000035],[119.96502359500005,26.145063763000053]]],[[[119.95589846000007,26.150920167000038],[119.955547174,26.150768843000037],[119.95557936900002,26.150737951000053],[119.95589846000007,26.150920167000038]]],[[[120.40322796300006,26.15904468800005],[120.4028871060001,26.15648914700006],[120.40647057400008,26.15547371200006],[120.40475200800006,26.158047099000044],[120.4031173190001,26.157870424000066],[120.40322796300006,26.15904468800005]]],[[[119.97114592800006,26.161170492000053],[119.97110215700002,26.161229037000055],[119.97102388000008,26.161146383000073],[119.97114592800006,26.161170492000053]]],[[[119.97094728000002,26.161208127000066],[119.97089982900002,26.161280312000088],[119.97082822100003,26.16119134300004],[119.97094728000002,26.161208127000066]]],[[[119.97118744400007,26.161363013000084],[119.97112223200008,26.161381795000068],[119.97110649700005,26.16131682300005],[119.97118744400007,26.161363013000084]]],[[[119.9704455640001,26.16161670100007],[119.97043193400009,26.161689687000035],[119.97031344100003,26.16163221700009],[119.9704455640001,26.16161670100007]]],[[[119.97072558000002,26.16171858900009],[119.9705133440001,26.16160750800009],[119.9705841760001,26.161556191000045],[119.97072558000002,26.16171858900009]]],[[[119.97033608800007,26.16266862300006],[119.9701816270001,26.162674456000047],[119.97022855700004,26.16260740200005],[119.97033608800007,26.16266862300006]]],[[[119.97327943900007,26.163829453000062],[119.97318603500003,26.163714730000038],[119.97357466300002,26.16376234200004],[119.97327943900007,26.163829453000062]]],[[[119.97280846700005,26.163905879000083],[119.97268069500001,26.163893010000038],[119.97273749700003,26.163798247000045],[119.97280846700005,26.163905879000083]]],[[[119.96364990300003,26.16390141100004],[119.963624858,26.163849373000062],[119.96396451800001,26.163692706000063],[119.96364990300003,26.16390141100004]]],[[[119.97325504100002,26.164903570000035],[119.97324697900001,26.16501278900006],[119.97304075200009,26.164918712000087],[119.97325504100002,26.164903570000035]]],[[[119.97376422700006,26.165990686000043],[119.973640133,26.16597726300006],[119.97366697900009,26.165925203000086],[119.97376422700006,26.165990686000043]]],[[[119.97137913000006,26.16842611800007],[119.971439799,26.168651500000067],[119.97126212900002,26.16842068200009],[119.97137913000006,26.16842611800007]]],[[[119.96787642700008,26.16873653600004],[119.9650264390001,26.16700419500006],[119.96578415600004,26.16650267700004],[119.96787642700008,26.16873653600004]]],[[[119.9728287580001,26.16842405500006],[119.970720196,26.16722455200005],[119.9704821360001,26.161746463000043],[119.97271376000003,26.165878417000044],[119.9739071250001,26.16620755300005],[119.97232321000001,26.165825037000047],[119.9728287580001,26.16842405500006]]],[[[119.972336885,26.16880688400005],[119.9723396060001,26.168917848000035],[119.97198447200003,26.168778160000045],[119.972336885,26.16880688400005]]],[[[119.97372461000009,26.16903061100004],[119.9736441880001,26.169093497000063],[119.97362085200007,26.168998211000087],[119.97372461000009,26.16903061100004]]],[[[119.92891873300005,26.171919854000066],[119.92895850700006,26.171673818000045],[119.92929905800008,26.171939362000046],[119.92891873300005,26.171919854000066]]],[[[119.91702651100002,26.175176392000083],[119.91563074100009,26.17262160200005],[119.91690159200004,26.171455580000043],[119.91515490200004,26.169444764000048],[119.91915714900006,26.16719683900004],[119.91758397700005,26.162691609000035],[119.9150073400001,26.162867709000068],[119.91250091800009,26.159592461000045],[119.91537875400002,26.160112690000062],[119.91766254800007,26.157896625000035],[119.91397506100009,26.154676807000044],[119.91514841500009,26.15326342500009],[119.910738842,26.149737713000036],[119.908897282,26.145347309000044],[119.91013243500004,26.14414546200004],[119.91302768500009,26.14526016800005],[119.91261311900007,26.142567858000064],[119.91683032500009,26.141091191000044],[119.92347250700004,26.141999592000047],[119.92442191700002,26.137782900000047],[119.93040349300009,26.139788527000064],[119.92881164800008,26.141593415000045],[119.93443297900001,26.14569052300004],[119.937238783,26.14579461900007],[119.93802385100003,26.14289032000005],[119.94198633300005,26.14325582500004],[119.94650958300008,26.14673250000004],[119.94625962000009,26.148395785000048],[119.94875954200006,26.14855594700009],[119.94843534900008,26.152069419000043],[119.94996116700008,26.153545050000048],[119.95326784400004,26.152336992000073],[119.95157378200008,26.151463895000063],[119.95401469400008,26.15211609100004],[119.95530067800007,26.150736020000068],[119.95941969900002,26.15755786400007],[119.96217897200006,26.158420052000054],[119.963679222,26.162077382000064],[119.96288799800004,26.16375100500005],[119.9651851430001,26.166486920000068],[119.96066175300007,26.168303241000046],[119.95662407900011,26.16796469400009],[119.95360449400005,26.16420960100004],[119.95307335000007,26.16743528300009],[119.95115494000004,26.168213639000044],[119.94439516800003,26.16497432700004],[119.939621622,26.165841947000047],[119.94185954300008,26.158905824000044],[119.9358240570001,26.154229436000037],[119.93496953900001,26.159533879000037],[119.93114280100008,26.158147376000045],[119.929865877,26.159408646000088],[119.93145510800002,26.15998980200004],[119.93047470500005,26.162069391000045],[119.92794333800009,26.16018635200004],[119.92392392800002,26.16205513400007],[119.92581711600008,26.170088448000058],[119.92839481500005,26.169793883000068],[119.92827928000008,26.171991679000087],[119.92217951400005,26.17177944200006],[119.91994687600004,26.175050961000068],[119.91702651100002,26.175176392000083]]],[[[119.9182796,26.17549958500007],[119.91798447000008,26.17555585300005],[119.91812860000005,26.175311245000046],[119.9182796,26.17549958500007]]],[[[119.98050346900004,26.18728786300005],[119.9800864550001,26.18733935700004],[119.98011497900006,26.186773018000054],[119.98050346900004,26.18728786300005]]],[[[119.94911590000004,26.195205844000043],[119.94905106100009,26.195577505000074],[119.94722527600004,26.194995169000038],[119.94911590000004,26.195205844000043]]],[[[120.01459129400007,26.21060312500009],[120.0146970730001,26.211157739000043],[120.01089948000003,26.21043030800007],[120.01459129400007,26.21060312500009]]],[[[120.01610796400007,26.213680654000086],[120.01605049200009,26.21386877300006],[120.01523689400005,26.213340264000067],[120.01610796400007,26.213680654000086]]],[[[120.01573444100006,26.21395433200007],[120.015953997,26.214245178000056],[120.01550040900008,26.214123425000082],[120.01573444100006,26.21395433200007]]],[[[120.01207440100006,26.21258445300009],[120.01498737300005,26.213249836000045],[120.0135506040001,26.21412966400004],[120.01207440100006,26.21258445300009]]],[[[120.0157707520001,26.214348353000048],[120.01583121200008,26.21443457500004],[120.015603414,26.21444520400007],[120.0157707520001,26.214348353000048]]],[[[120.01198726900009,26.21569461300004],[120.01195459600001,26.215799037000068],[120.0118577930001,26.215695312000037],[120.01198726900009,26.21569461300004]]],[[[120.04855054000006,26.22603416000004],[120.04852417500001,26.226311486000043],[120.04803640700004,26.225970251000035],[120.04855054000006,26.22603416000004]]],[[[119.98332007700003,26.226650979000055],[119.98317258100008,26.226952547000053],[119.98258658400005,26.226574025000048],[119.98332007700003,26.226650979000055]]],[[[120.06310381000003,26.233718210000063],[120.06300101800002,26.234048579000046],[120.06226238500005,26.233627282000043],[120.06310381000003,26.233718210000063]]],[[[120.06233091600006,26.23806817400009],[120.06078283300008,26.237811298000054],[120.06067552100001,26.236914624000065],[120.0613107800001,26.236636221000083],[120.06233091600006,26.23806817400009]]],[[[119.99316475500007,26.23647002200005],[119.99324218600009,26.233973870000057],[119.9832451640001,26.224982544000056],[119.97872736200009,26.226012926000067],[119.97155472200006,26.220915542000057],[119.96743256400009,26.22124855900006],[119.96738612200011,26.21909544500005],[119.96908465000001,26.218211807000046],[119.96858805000011,26.215401537000048],[119.97105604000001,26.212434379000058],[119.96559707200004,26.204893799000047],[119.96645877900005,26.194020608000073],[119.97127049000005,26.19524221800009],[119.97319544700008,26.194513621000056],[119.9735337840001,26.192310189000068],[119.975985132,26.193250418000048],[119.97553816900006,26.19482011100007],[119.97287806000008,26.19481590500004],[119.97356976100002,26.197600340000065],[119.97137205000001,26.199384858000087],[119.97289053100008,26.201454626000043],[119.97146331800002,26.207513308000046],[119.9725427090001,26.211865166000052],[119.97584350200009,26.215197828000044],[119.9870616290001,26.218682347000083],[119.98936424500005,26.217717683000046],[119.989027728,26.215055926000048],[119.99022499800003,26.21444372800005],[119.99305730000003,26.21863079600007],[119.99690238400001,26.218152942000074],[119.99834257000009,26.22262537100005],[120.000635289,26.22196293400009],[119.99903229300003,26.21953613100004],[120.00021572600008,26.218723475000047],[120.00333937900007,26.222925408000037],[120.00700359000007,26.22226831200004],[120.00963148100004,26.214763891000075],[120.011627653,26.21438308200004],[120.01157684900011,26.217301692000035],[120.01267354400011,26.217850513000087],[120.00979729100004,26.219670171000075],[120.01447619300006,26.223488737000082],[120.01323942300007,26.22452740700004],[120.01537807800003,26.227789289000043],[120.01048780100007,26.228461227000082],[120.00655594600005,26.22650576500007],[120.005740672,26.223314713000036],[120.00363854800003,26.223651578000045],[120.00646965200008,26.22785722200007],[120.00529164200009,26.230251157000055],[120.00636853900005,26.23405636600006],[120.00190119600006,26.233608374000084],[120.00005458300006,26.23798852500005],[119.99316475500007,26.23647002200005]]],[[[120.01708421400008,26.239269715000034],[120.01541421700006,26.239388155000086],[120.01420762600003,26.23862028700006],[120.01614962600001,26.237808518000065],[120.01708421400008,26.239269715000034]]],[[[120.0127640720001,26.24053347200004],[120.01086734100011,26.23812025700005],[120.01131016400007,26.235630180000044],[120.01410059500006,26.23899292400006],[120.0127640720001,26.24053347200004]]],[[[120.20204423000007,26.24913034900004],[120.20216736700002,26.248869798000044],[120.20232976600005,26.249062535000064],[120.20204423000007,26.24913034900004]]],[[[120.00086685500003,26.248490496000045],[119.99843387400006,26.249716999000043],[119.995550095,26.24463464300004],[119.99582581800007,26.24204652700007],[120.00328408900009,26.245213309000064],[120.00647685900003,26.25074771800007],[120.00086685500003,26.248490496000045]]],[[[120.00719148500002,26.251468111000065],[120.0067455840001,26.25164673000006],[120.00656470700005,26.251133181000057],[120.00719148500002,26.251468111000065]]],[[[120.20235181200007,26.25171722400006],[120.2025402700001,26.251645803000088],[120.2025576530001,26.251730787000042],[120.20235181200007,26.25171722400006]]],[[[120.00704133700003,26.25173899200007],[120.00711137200005,26.251865483000074],[120.006946438,26.25168960600007],[120.00704133700003,26.25173899200007]]],[[[120.00729988600006,26.25191953700005],[120.00729945900002,26.251941129000045],[120.00718830400001,26.251900833000036],[120.00729988600006,26.25191953700005]]],[[[120.00989411600005,26.25514850600007],[120.00751129100001,26.25194304300004],[120.01364357600005,26.25246996000004],[120.0150442040001,26.25410845600004],[120.01107627800002,26.253961710000056],[120.00989411600005,26.25514850600007]]],[[[120.00966652400007,26.255771371000037],[120.0094979910001,26.255784775000052],[120.0094575390001,26.255609349000053],[120.00966652400007,26.255771371000037]]],[[[119.99292649300003,26.25606494300007],[119.99284609400002,26.256279589000087],[119.992454984,26.256134012000075],[119.99292649300003,26.25606494300007]]],[[[119.9933309380001,26.256366205000063],[119.99328757300009,26.256481464000046],[119.99303687000008,26.25622495600004],[119.9933309380001,26.256366205000063]]],[[[119.99345164300007,26.256797109000047],[119.99344853600007,26.25690468600004],[119.99323478200006,26.256827462000047],[119.99345164300007,26.256797109000047]]],[[[119.99324097100009,26.256938355000045],[119.99323420500002,26.257038716000068],[119.99303342300004,26.256977574000075],[119.99324097100009,26.256938355000045]]],[[[119.99330856300003,26.25739949700005],[119.99319261200003,26.25753462600005],[119.99271707600008,26.257347981000066],[119.99330856300003,26.25739949700005]]],[[[119.99227193000002,26.25866568500004],[119.99131648500008,26.258349271000043],[119.99245172500002,26.25770245700005],[119.99227193000002,26.25866568500004]]],[[[119.97676322100006,26.273417108000046],[119.97559010100008,26.27224550200009],[119.97576453600004,26.272111031000065],[119.97676322100006,26.273417108000046]]],[[[119.99201413500009,26.27952926100005],[119.991691726,26.27947031800005],[119.99180500400007,26.279310544000055],[119.99201413500009,26.27952926100005]]],[[[119.99930030500002,26.280630488000043],[119.99956853800006,26.281307266000056],[119.9987198130001,26.281156862000046],[119.99930030500002,26.280630488000043]]],[[[119.99846566400004,26.28160662600004],[119.9989087030001,26.281831263000072],[119.99783201900004,26.28170657600009],[119.99846566400004,26.28160662600004]]],[[[119.99939021,26.282522106000044],[119.99963097600005,26.28301247400009],[119.9980089180001,26.282509503000085],[119.99939021,26.282522106000044]]],[[[119.99228404300004,26.283058709000045],[119.9920641870001,26.28339344200009],[119.99147550800001,26.283118399000045],[119.99228404300004,26.283058709000045]]],[[[119.99114283200004,26.282953300000088],[119.99091268000006,26.283490536000045],[119.9898868040001,26.282110668000087],[119.99114283200004,26.282953300000088]]],[[[119.98881694300007,26.283707322000055],[119.98682405200009,26.283011962000046],[119.98676881600011,26.280091429000038],[119.98319317700009,26.28047154300009],[119.98388461000002,26.27937656800009],[119.98157925100008,26.27832398000004],[119.98412537600007,26.277000135000037],[119.9840510250001,26.27482531000004],[119.97838958200009,26.27205923200006],[119.97994654400009,26.27145757100004],[119.97881018800001,26.26962939000009],[119.98123446200009,26.266552381000054],[119.98791297500009,26.267147381000086],[119.99035166400006,26.269695503000037],[119.98865127600004,26.27293695700007],[119.99230405600008,26.275690515000065],[119.98927002700009,26.27694009800007],[119.9914371430001,26.278710344000046],[119.98878510400004,26.278162173000055],[119.98881694300007,26.283707322000055]]],[[[119.98684629800005,26.283705722000036],[119.98662049900008,26.283869346000074],[119.98651519100008,26.283755958000086],[119.98684629800005,26.283705722000036]]],[[[119.99067601600007,26.284257497000056],[119.99030879700001,26.284479461000046],[119.989872537,26.28403346600004],[119.99067601600007,26.284257497000056]]],[[[119.98667973800002,26.28474365800008],[119.9869585130001,26.285166769000057],[119.98632798000006,26.285020176000046],[119.98667973800002,26.28474365800008]]],[[[120.00828409600001,26.298457565000035],[120.00800188400001,26.297895682000046],[120.00850335500002,26.298020604000044],[120.00828409600001,26.298457565000035]]],[[[120.21368716400002,26.335199035000073],[120.21319036700004,26.335133259000088],[120.21330487300008,26.334950220000053],[120.21368716400002,26.335199035000073]]],[[[120.216373653,26.334648336000043],[120.21608081800002,26.335245026000052],[120.21588765800004,26.334943532000068],[120.216373653,26.334648336000043]]],[[[120.214676446,26.335087490000035],[120.21461105100002,26.335512375000064],[120.214231487,26.335502245000043],[120.214676446,26.335087490000035]]],[[[120.217111854,26.336109837000038],[120.2166029550001,26.336053249000088],[120.21676758600006,26.335721616000058],[120.217111854,26.336109837000038]]],[[[120.22419047000005,26.33933886500006],[120.22396580700001,26.339498371000047],[120.22388391800007,26.33934550500004],[120.22419047000005,26.33933886500006]]],[[[120.22759805800001,26.343509889000075],[120.22715528900005,26.343765062000045],[120.22710466300009,26.343373642000074],[120.22759805800001,26.343509889000075]]],[[[120.22778890900008,26.34414836600007],[120.22730872,26.344489191000036],[120.22711726,26.343858269000066],[120.22778890900008,26.34414836600007]]],[[[120.22892597700002,26.34501728200007],[120.228901844,26.34737069600004],[120.22207672900004,26.341253746000064],[120.2203341720001,26.341829691000044],[120.21806409700002,26.335712141000045],[120.2204240420001,26.336328009000056],[120.2215062780001,26.338933782000083],[120.22310517000005,26.33853420300005],[120.2274385400001,26.344830766000086],[120.22892597700002,26.34501728200007]]],[[[120.483676608,26.35423680400004],[120.4838312710001,26.35493464600006],[120.481812655,26.35283307700007],[120.483676608,26.35423680400004]]],[[[120.48553781500004,26.355994259000056],[120.48520868900005,26.35541119600009],[120.485806626,26.354971164000062],[120.48553781500004,26.355994259000056]]],[[[120.486383692,26.35589768200009],[120.48584124400008,26.35629054000009],[120.48594959800005,26.35587668900007],[120.486383692,26.35589768200009]]],[[[120.49431977900008,26.356926215000044],[120.49429365700007,26.35714478200009],[120.49372523700004,26.356797778000043],[120.49431977900008,26.356926215000044]]],[[[120.49499059100003,26.35833480100007],[120.49481112500007,26.35840571700004],[120.49484628900007,26.358248743000047],[120.49499059100003,26.35833480100007]]],[[[120.49542187600002,26.359187374000044],[120.49527373700005,26.359454106000044],[120.49516042500011,26.359153655000057],[120.49542187600002,26.359187374000044]]],[[[120.51148987800002,26.364943768000046],[120.51114239200001,26.364743221000083],[120.5112024770001,26.364602035000075],[120.51148987800002,26.364943768000046]]],[[[120.50066120300005,26.376206616000047],[120.50063065200004,26.376411809000047],[120.50045243900001,26.376142722000054],[120.50066120300005,26.376206616000047]]],[[[120.50109976800002,26.377594258000045],[120.50091184500002,26.377663949000066],[120.50090874500006,26.37751522900004],[120.50109976800002,26.377594258000045]]],[[[120.50101261000009,26.37799069600004],[120.50092051800004,26.37819237800005],[120.50059968000005,26.37809122400006],[120.50101261000009,26.37799069600004]]],[[[120.48418139900002,26.37879589100004],[120.48420091700007,26.37895631300006],[120.48336496700006,26.37860222800009],[120.48418139900002,26.37879589100004]]],[[[120.48310806900008,26.379075270000044],[120.48302849700008,26.379114980000054],[120.482990728,26.37904586700006],[120.48310806900008,26.379075270000044]]],[[[120.4833243280001,26.379286320000062],[120.48325019900005,26.379321126000036],[120.48320801400007,26.37925341500005],[120.4833243280001,26.379286320000062]]],[[[120.4842073320001,26.379408631000047],[120.48419334200003,26.379754303000084],[120.48358967700005,26.379354643000056],[120.4842073320001,26.379408631000047]]],[[[120.48084143800008,26.381586534000064],[120.48075625900003,26.381599038000047],[120.48074058700001,26.381524917000036],[120.48084143800008,26.381586534000064]]],[[[120.48143351500005,26.381700224000042],[120.4814057320001,26.381773577000047],[120.48130107500003,26.381696280000085],[120.48143351500005,26.381700224000042]]],[[[120.4806554270001,26.38199684600005],[120.48065591900001,26.382074854000052],[120.480530864,26.381958990000044],[120.4806554270001,26.38199684600005]]],[[[120.48049149000008,26.382075734000068],[120.48041753900009,26.38210880200006],[120.48038724100002,26.38204126900007],[120.48049149000008,26.382075734000068]]],[[[120.48164051600008,26.382226229000082],[120.48161534100007,26.38233007300005],[120.481359387,26.382196100000044],[120.48164051600008,26.382226229000082]]],[[[120.48055138400002,26.38226973400009],[120.480482026,26.382353084000044],[120.48041721600009,26.382239256000048],[120.48055138400002,26.38226973400009]]],[[[120.0826126930001,26.382559078000043],[120.08261863400003,26.38229923600005],[120.08296961200006,26.382216437000068],[120.0826126930001,26.382559078000043]]],[[[120.08187208600009,26.38269113800004],[120.08200022100004,26.382118468000044],[120.08247171000005,26.382202159000087],[120.08187208600009,26.38269113800004]]],[[[120.47442206900007,26.38361909400004],[120.47435687500001,26.383685721000063],[120.47429334600008,26.383575071000053],[120.47442206900007,26.38361909400004]]],[[[120.48071845700008,26.38377250800005],[120.480684247,26.383846765000044],[120.4804926160001,26.383753401000035],[120.48071845700008,26.38377250800005]]],[[[120.47416883400001,26.383754857000042],[120.47399903500002,26.383943482000063],[120.47377213300001,26.383574379000038],[120.47416883400001,26.383754857000042]]],[[[120.4795907240001,26.382999047000055],[120.48001142300006,26.38394166800009],[120.4775724540001,26.381803304000073],[120.47679006100009,26.383476663000067],[120.47403892600005,26.38337774900009],[120.47467808900001,26.379652045000057],[120.46925180700009,26.377123096000048],[120.4705572470001,26.374455424000075],[120.4693424190001,26.371230826000044],[120.47692010700007,26.379093934000082],[120.47770831900004,26.367563723000046],[120.48102208,26.37079493300007],[120.48534849200007,26.368927640000038],[120.48539758900006,26.365474561000042],[120.48205128100005,26.364993235000043],[120.48379454100007,26.363252677000048],[120.4815573510001,26.358425568000087],[120.48421731600001,26.35580152700004],[120.4861479870001,26.359788705000085],[120.48837479200006,26.359364824000068],[120.48856398800001,26.357358496000074],[120.4929779260001,26.359318444000053],[120.4934847400001,26.35688824600004],[120.49615167000002,26.36116052200009],[120.50054504000002,26.364440330000036],[120.50133285800007,26.368693288000088],[120.50294255300003,26.36880548000005],[120.50419231300009,26.365569082000036],[120.50646491100008,26.367052114000046],[120.5089170010001,26.36479103000005],[120.51130305000004,26.365224668000053],[120.51109587100007,26.368313454000088],[120.50825883000005,26.369438290000062],[120.5066296330001,26.372962836000056],[120.50354789100004,26.370795951000048],[120.501277071,26.37317303000009],[120.49866436000002,26.37265491700009],[120.50047995200009,26.37664452100006],[120.49969268200005,26.378444504000072],[120.494197547,26.37779414000005],[120.4922765340001,26.375033846000065],[120.49198823500001,26.370646123000085],[120.487806008,26.37183466500005],[120.48551379500009,26.36974679900004],[120.48151332600003,26.37122813900004],[120.48344837000002,26.377187641000035],[120.4795907240001,26.382999047000055]]],[[[120.0861467420001,26.385158561000082],[120.084089103,26.384967610000047],[120.08290234700007,26.384328725000046],[120.08529192000003,26.384091373000047],[120.0861467420001,26.385158561000082]]],[[[120.08602884000004,26.38525492900004],[120.0859235480001,26.385278130000074],[120.0859271170001,26.385190685000055],[120.08602884000004,26.38525492900004]]]]}},{"type":"Feature","properties":{"COUNTYCODE":"10002","COUNTYNAME":"宜蘭縣","COUNTYENG":"Yilan County"},"geometry":{"type":"MultiPolygon","coordinates":[[[[121.95717884100009,24.850263080000047],[121.94947418700008,24.851774739000064],[121.94752863500003,24.851250364000066],[121.94332698200003,24.844613890000062],[121.93517919100009,24.847164228000054],[121.93424857100001,24.84556935100005],[121.940998207,24.837809347000075],[121.9480055780001,24.83533936400005],[121.95705749400008,24.83682209600005],[121.96292876700011,24.835929901000043],[121.9649384820001,24.84049049500004],[121.960656191,24.842645489000063],[121.95717884100009,24.850263080000047]]],[[[121.95037683700002,24.988326998000048],[121.94788921100007,24.98666587100007],[121.944632576,24.988181515000065],[121.94041208100009,24.984448419000046],[121.9344462570001,24.983147428000052],[121.93349146600008,24.980900313000063],[121.92273525500002,24.978603929000087],[121.91480874800004,24.979334898000047],[121.91095578300008,24.976934664000055],[121.91031861800002,24.97477744400004],[121.90825604100007,24.97586700000005],[121.90541578600005,24.97342119800004],[121.9028195090001,24.97438298700007],[121.89719521100005,24.96707116600004],[121.88956597700007,24.96476460200006],[121.88855690600008,24.963179145000083],[121.8825207540001,24.96417324500004],[121.87154321900005,24.96072268200004],[121.86090313800003,24.96365794700006],[121.85255780300008,24.959608529000036],[121.850354939,24.96118096300006],[121.84685439500004,24.960269784000047],[121.8414035620001,24.954266920000066],[121.84174712400011,24.951127906000067],[121.83903959200006,24.944639007000035],[121.84243482500005,24.93936311100009],[121.84672807300001,24.93771763700005],[121.84913680900002,24.93033082100004],[121.8538593500001,24.927881787000047],[121.85369798600004,24.92521824000005],[121.84558951700001,24.91937176600004],[121.84372979500006,24.91572599600005],[121.83181205900007,24.90491079700007],[121.8255064540001,24.905265413000052],[121.8183722340001,24.90271313900007],[121.81162697100001,24.906521688000055],[121.81046773900005,24.90363467900005],[121.80461500500007,24.901192558000048],[121.79715565600009,24.901623396000048],[121.79517585500002,24.899755735000042],[121.79190607400005,24.89981348200007],[121.792929641,24.896160277000035],[121.79000196200002,24.893457356000056],[121.78578478300005,24.892497163000087],[121.78557486800003,24.89058634400004],[121.78167654900005,24.889468983000086],[121.78223255600005,24.879187485000045],[121.78520465700001,24.874192969000035],[121.77732246100004,24.870766055000047],[121.77541828100004,24.86508664300004],[121.76848007400008,24.865786497000045],[121.76437104500008,24.85989260300005],[121.7627809920001,24.861258331000045],[121.76155570200001,24.860155200000065],[121.76097691200005,24.856704022000088],[121.74796137500005,24.854953135000073],[121.74577494100004,24.852856445000043],[121.74198160200001,24.852462235000075],[121.736588052,24.85569927100005],[121.73041461600008,24.85524793400009],[121.72191297000006,24.849852732000045],[121.71972706000008,24.845592072000045],[121.7155823280001,24.844353414000068],[121.71425892900004,24.84178616400004],[121.70890529000008,24.84054751700006],[121.70185739700003,24.834403586000064],[121.69915588600009,24.83557964700009],[121.6963955550001,24.834622693000085],[121.69615791500007,24.82989722900004],[121.68763522100005,24.82490782900004],[121.69010983700002,24.821495498000047],[121.68830049500002,24.816127855000047],[121.68123230800006,24.817618848000052],[121.67714803500007,24.814094586000067],[121.67427495700008,24.814129948000073],[121.669041333,24.818012039000052],[121.6606819110001,24.810831432000043],[121.65310623200003,24.811268668000082],[121.6473658330001,24.813954540000054],[121.64502830600009,24.80929205600006],[121.63879457500002,24.81072805100007],[121.628656105,24.807962717000066],[121.62581913000008,24.808782749000045],[121.6254631170001,24.795062836000056],[121.62095279500011,24.792505823000056],[121.60962843800007,24.793768254000042],[121.60563535200004,24.789128677000065],[121.59197480300008,24.78765657200006],[121.59757744400008,24.772171755000045],[121.59557995300008,24.769303344000036],[121.59626996500003,24.76694181000005],[121.59077013000001,24.76134716200005],[121.58896571000002,24.75515486100005],[121.5903195410001,24.751247210000088],[121.59612459700008,24.748304718000043],[121.59165982100001,24.74491874200004],[121.59529827000006,24.739634626000054],[121.59376245500005,24.729540281000084],[121.59791703500002,24.728800273000047],[121.5873702350001,24.72019287200004],[121.57805068200003,24.722166891000086],[121.5772739890001,24.71487636200004],[121.57480542000008,24.710113015000047],[121.57215215800011,24.71058519400009],[121.57036703300003,24.713973791000058],[121.5677707860001,24.711565706000044],[121.56253438600004,24.712841740000044],[121.55636794300005,24.711224148000042],[121.55061342500005,24.70574434300005],[121.5433953590001,24.70573879500006],[121.53785618500001,24.699846514000058],[121.53888427800007,24.694778114000087],[121.53755074800006,24.694016919000035],[121.5368646600001,24.688496960000066],[121.52948997800002,24.687575337000055],[121.52787227500005,24.68897092700007],[121.52694541200003,24.68525667700004],[121.52378717900001,24.683297073000062],[121.51173390200006,24.684355435000043],[121.50499224600003,24.679486860000054],[121.49902071600002,24.677948864000086],[121.49346993800009,24.67337948100004],[121.48734069200009,24.675214992000065],[121.46919877900007,24.671832946000052],[121.4594900300001,24.67315903900004],[121.453823209,24.664320892000035],[121.44924404900007,24.661647171000084],[121.4476053940001,24.656172858000048],[121.4513310000001,24.650919412000064],[121.44875528300008,24.646015228000067],[121.4450698490001,24.64317871500009],[121.44501340600004,24.637296590000062],[121.44054024500008,24.635096993000047],[121.43607804700002,24.627403427000047],[121.43483054400008,24.62445656200009],[121.43565347800006,24.621327717000042],[121.43060942900001,24.614510241000062],[121.4276812810001,24.60585029300006],[121.42439706900007,24.603007172000048],[121.418279902,24.60103542300004],[121.4127740450001,24.60365126000005],[121.41228267700001,24.600937783000063],[121.40846376500008,24.598981956000046],[121.40308106100008,24.59186730400006],[121.41232290700009,24.573499715000082],[121.40357748100007,24.568708308000055],[121.401249044,24.562006582000038],[121.39475225700005,24.55591223500005],[121.39875507300007,24.54820416000007],[121.39673962000006,24.539823519000038],[121.40149295800006,24.52898745100009],[121.39770639100004,24.524814597000045],[121.390613884,24.523032328000056],[121.38852642200004,24.51780133400007],[121.3851093930001,24.51682150700009],[121.38356097400003,24.510218276000046],[121.37334674300007,24.509896610000055],[121.371246864,24.498364164000066],[121.36384391500007,24.49495770900006],[121.35774332200003,24.486609618000045],[121.350732408,24.48434423300006],[121.346310109,24.48465700400004],[121.34283241100002,24.482260404000044],[121.34006686600003,24.47485228100004],[121.3356346060001,24.472036005000064],[121.33599377500002,24.467366777000052],[121.330870946,24.465207254000063],[121.32378916200003,24.456722109000054],[121.31765886400001,24.44148940900004],[121.32166804300005,24.44036915500004],[121.32825025700004,24.433453952000036],[121.32743451900001,24.413021993000086],[121.32499014700011,24.406913285000087],[121.32759474700003,24.39845557800004],[121.33232869400001,24.397943910000038],[121.33912857300004,24.38960476200009],[121.34296167100001,24.392843225000036],[121.35468556900003,24.39327300700006],[121.36488120600006,24.389075055000035],[121.36979642900008,24.38259112700007],[121.36709828700009,24.378926413000045],[121.36942776800004,24.37226036000004],[121.373731163,24.36805381100004],[121.38075670700005,24.36690528400004],[121.38761571200007,24.369686432000037],[121.38995814900011,24.375148729000045],[121.39303793300007,24.375207326000066],[121.39546109900004,24.377848864000043],[121.40087882400007,24.37967571300004],[121.40789978200007,24.37754964000004],[121.4127638860001,24.37974319700004],[121.41909226100006,24.37905382200006],[121.42936408900005,24.383061419000057],[121.43777960900002,24.382877858000086],[121.44254845700004,24.373128846000043],[121.4479705980001,24.374828139000044],[121.45200501700003,24.36468166700007],[121.46539314300003,24.355307923000055],[121.47525518500004,24.351266639000073],[121.478866982,24.351877753000053],[121.4813706010001,24.34892780800004],[121.48535994300005,24.34845819900005],[121.495395594,24.340291103000084],[121.4993875450001,24.339372015000038],[121.5038698950001,24.342783436000047],[121.50729560500008,24.343259854000053],[121.50967245700008,24.341202942000052],[121.51355903700005,24.340816353000037],[121.5221511530001,24.34302447500005],[121.53326449000008,24.33705793100006],[121.54052736100004,24.33591469600009],[121.54498086700005,24.33777062200005],[121.55607068400002,24.331156940000085],[121.559481409,24.323156705000088],[121.563322008,24.32223762500007],[121.56636557800005,24.319186504000072],[121.56989183100006,24.31794466300005],[121.57584702200006,24.319673347000048],[121.58750725200002,24.316065268000045],[121.58948071300006,24.313805844000058],[121.59375273300009,24.316416621000087],[121.59718388800002,24.316297401000043],[121.60191029100008,24.314151191000065],[121.60573867000005,24.309426208000048],[121.60701494,24.312640575000046],[121.60521877600002,24.31728584800004],[121.60109029500006,24.320584975000088],[121.6013187850001,24.32328834200007],[121.59656266700006,24.328142400000047],[121.59574425900007,24.331626692000043],[121.59697028800008,24.333470525000052],[121.59922152800004,24.333528582000042],[121.60071150800002,24.330866701000048],[121.60446449200003,24.329012332000048],[121.6064522910001,24.330060932000038],[121.60790840000004,24.335419542000068],[121.61219857800006,24.335892001000047],[121.61522173100002,24.33330723100005],[121.61752866200004,24.333650042000045],[121.61865339000008,24.335746786000072],[121.61613052000007,24.33813824300006],[121.61920533600005,24.345485615000086],[121.62277662700001,24.33947689900009],[121.62747153500004,24.34112254100006],[121.62668189100009,24.335629818000086],[121.628629423,24.333698218000052],[121.63279582300004,24.33475138500006],[121.63136434700004,24.34398642900004],[121.63528823600006,24.34481917900007],[121.63551317000008,24.347621932000038],[121.63322809300007,24.349174050000045],[121.6304558270001,24.348220536000042],[121.62684310700001,24.34953486200004],[121.62676260400008,24.35433392300007],[121.62119322600006,24.35811792900006],[121.62356078100004,24.362344532000066],[121.62036907100003,24.36321324000005],[121.62187275400004,24.36676301500006],[121.63094270200008,24.37055273900006],[121.63060993600004,24.366424512000037],[121.6349903790001,24.366342504000045],[121.635019586,24.36371993700004],[121.63832772600006,24.362322990000052],[121.64046614600011,24.357171694000044],[121.64874700100006,24.349512704000063],[121.65071482400003,24.350934271000085],[121.64784393700006,24.35772914800009],[121.65066818500009,24.35985723500005],[121.65364480100004,24.35611324200005],[121.65350513400006,24.352193210000053],[121.65663741700007,24.353258870000047],[121.66000302000009,24.351155990000052],[121.66312049700002,24.35289037800004],[121.66389487900005,24.349177723000082],[121.66910020500006,24.343104290000042],[121.67397440000002,24.34340105800004],[121.67347881300009,24.339984421000054],[121.674831573,24.337778616000037],[121.6855725150001,24.340736218000075],[121.68845774400006,24.33362403800004],[121.69570590600006,24.33471113300004],[121.71352670600004,24.326891971000066],[121.72778273800009,24.325990672000046],[121.73517132100005,24.323078957000064],[121.74472766400004,24.322858146000044],[121.75938963500005,24.314112815000044],[121.77271569800007,24.313635196000064],[121.77395413300007,24.31961318200007],[121.77088233200004,24.332593914000086],[121.77163005,24.337570283000048],[121.77870851900002,24.356208236000043],[121.78701805100002,24.372503152000036],[121.791137822,24.40823669100007],[121.80185430800009,24.434343380000087],[121.812171831,24.44269343900004],[121.8155914670001,24.447899481000036],[121.81654404900007,24.44674624000004],[121.81715864900002,24.45021764100005],[121.82179704400005,24.455654007000078],[121.819928903,24.45948645800007],[121.82119222800009,24.462362709000047],[121.83264640700008,24.46742998900004],[121.84121589400002,24.47559059100007],[121.8485749350001,24.47900805200004],[121.855439735,24.480592398000056],[121.8596795090001,24.47856415700005],[121.86212219400011,24.480401704000087],[121.86021448100007,24.483648805000087],[121.85092264700006,24.48457547600009],[121.84964391800008,24.492208986000037],[121.850724807,24.495350731000087],[121.84803516900001,24.495816139000056],[121.84765912600005,24.497420590000047],[121.84642620600005,24.496587908000038],[121.839699419,24.498642516000075],[121.83832732000008,24.503490399000043],[121.83876566700008,24.511624742000038],[121.84252904700008,24.520813085000043],[121.85625287800008,24.523944375000042],[121.86091518,24.527181460000065],[121.8685634420001,24.527660491000063],[121.872562786,24.531104217000063],[121.87374163300001,24.53438824400007],[121.87229986200009,24.54149166500008],[121.8740952490001,24.545501517000048],[121.87120405600001,24.552381961000037],[121.86948157200004,24.57449568000004],[121.87206541100011,24.57818698400007],[121.87551899200002,24.577166968000085],[121.8756931590001,24.579014976000053],[121.87697159700008,24.57808778100008],[121.879780353,24.57967098100005],[121.87525453800004,24.581393621000075],[121.873992982,24.58457261300009],[121.8722410690001,24.584056589000056],[121.87620254800004,24.586497260000044],[121.8792302380001,24.591042805000086],[121.8734461570001,24.596618421000073],[121.87921692300006,24.59912933600009],[121.886027399,24.599820901000044],[121.88364754600002,24.601387462000048],[121.8851276360001,24.603722754000046],[121.882163494,24.60352045600007],[121.88020413800007,24.60575031700006],[121.87530874000004,24.60564659700009],[121.8733912990001,24.608738970000047],[121.86611894000009,24.609928807000074],[121.858753579,24.61670401200007],[121.85123734700005,24.629907658000036],[121.8405648700001,24.65987584800007],[121.83818151000003,24.672239151000042],[121.83635761200003,24.704671357000052],[121.836587828,24.710704045000057],[121.83950146400002,24.715855677000036],[121.83827910500008,24.718070667000063],[121.832774793,24.719899302000044],[121.8258692610001,24.73300574700005],[121.82097565900006,24.747698041000035],[121.8184103960001,24.76492229200005],[121.819009273,24.797485443000085],[121.82713340300006,24.84236300300006],[121.84268131100009,24.876160532000085],[121.85082799500003,24.886462506000044],[121.85135367400005,24.890117088000068],[121.86046506000002,24.894464679000066],[121.86736668000003,24.90299052800009],[121.87186878900002,24.904970311000056],[121.87177920900001,24.90364806900004],[121.8725015120001,24.90618709000006],[121.88503496500005,24.91793431900004],[121.88910340400002,24.936954250000042],[121.89527518500006,24.94072986200007],[121.904662659,24.939819431000046],[121.905350999,24.946601100000066],[121.92018878500005,24.955196337000075],[121.92014378800002,24.95906509300005],[121.9230390140001,24.961833855000066],[121.922378966,24.963215894000086],[121.92558325300001,24.968563550000056],[121.93622068500008,24.973855008000044],[121.94182489500008,24.97338889400004],[121.94426534600007,24.976834119000046],[121.95829901000002,24.982625719000055],[121.96223347500006,24.98175502500004],[121.9659850380001,24.983033184000078],[121.96289734200002,24.987707431000047],[121.95037683700002,24.988326998000048]]],[[[123.55595279500005,25.721151078000048],[123.55581718600001,25.721352601000035],[123.55575212200006,25.721116862000088],[123.55595279500005,25.721151078000048]]],[[[123.55671124800006,25.72147242400007],[123.55652085500003,25.721567806000053],[123.5563556300001,25.721164576000035],[123.55671124800006,25.72147242400007]]],[[[123.556722659,25.721825912000043],[123.55663145100004,25.721883071000036],[123.55652774500004,25.721713494000085],[123.556722659,25.721825912000043]]],[[[123.55644003400005,25.722239597000055],[123.55631909300007,25.722208437000063],[123.55633107900007,25.721979563000048],[123.55644003400005,25.722239597000055]]],[[[123.55643432800002,25.72242097800006],[123.55629447800004,25.722442194000052],[123.55629644400005,25.72233674100005],[123.55643432800002,25.72242097800006]]],[[[123.54336432000002,25.72256125100006],[123.54333122900005,25.72255049200004],[123.54332972100008,25.722516246000055],[123.54336432000002,25.72256125100006]]],[[[123.54332597400003,25.72268571300009],[123.54329512100003,25.722648045000085],[123.54334566,25.722630070000037],[123.54332597400003,25.72268571300009]]],[[[123.54298834300005,25.722892639000065],[123.54289331200005,25.722808461000056],[123.54290720000006,25.72277173000009],[123.54298834300005,25.722892639000065]]],[[[123.54309044600006,25.722888855000065],[123.543383769,25.72275592200009],[123.54334995900001,25.72302701500007],[123.54309044600006,25.722888855000065]]],[[[123.54471992600008,25.723130478000087],[123.54474283700006,25.723144222000087],[123.54466854100008,25.723157964000052],[123.54471992600008,25.723130478000087]]],[[[123.54477983000004,25.72408053500004],[123.54478617200004,25.72410633800007],[123.544677579,25.724073456000042],[123.54477983000004,25.72408053500004]]],[[[123.5440780350001,25.724305817000072],[123.54417215000001,25.723835172000065],[123.5445892140001,25.724297032000038],[123.5440780350001,25.724305817000072]]],[[[123.54455675100007,25.724461397000084],[123.54447831000004,25.72445294000005],[123.5444500540001,25.724343155000042],[123.54455675100007,25.724461397000084]]],[[[123.55019236600003,25.725813386000084],[123.54531271600001,25.72459539500005],[123.54496247700001,25.722355698000058],[123.55566403500006,25.720866018000038],[123.55440315800001,25.723869730000047],[123.55019236600003,25.725813386000084]]],[[[123.54521985600002,25.72786721500006],[123.5452551940001,25.728004525000074],[123.54492452300008,25.727858610000055],[123.54521985600002,25.72786721500006]]],[[[123.5450125530001,25.729394441000068],[123.54496905500002,25.72944196900005],[123.54484493100006,25.729285367000045],[123.5450125530001,25.729394441000068]]],[[[123.54133794500001,25.734385349000036],[123.5376121920001,25.73180551300004],[123.5424107980001,25.72525816600006],[123.54462336100005,25.726147971000046],[123.54474437100009,25.72789755900004],[123.54562144500005,25.728734297000074],[123.54364894600008,25.729522246000045],[123.54133794500001,25.734385349000036]]],[[[123.50614929100004,25.735812713000087],[123.5060948680001,25.735609518000047],[123.50652110400006,25.73537426200005],[123.50638572500009,25.735612985000046],[123.50614929100004,25.735812713000087]]],[[[123.50718720700002,25.735962461000042],[123.50710020700001,25.73595228000005],[123.50712756200005,25.735809500000073],[123.50718720700002,25.735962461000042]]],[[[123.47162692000006,25.738318780000043],[123.47158531800005,25.73830940600004],[123.4716117160001,25.73826052000004],[123.47162692000006,25.738318780000043]]],[[[123.45811408500003,25.738963141000056],[123.4580869020001,25.73896611500004],[123.458037279,25.738894233000053],[123.45811408500003,25.738963141000056]]],[[[123.47488791600006,25.739447589000065],[123.47483947600006,25.739448306000043],[123.47484539100003,25.739391712000042],[123.47488791600006,25.739447589000065]]],[[[123.45796464500006,25.739500268000086],[123.45787371400002,25.739464612000063],[123.45788271700007,25.739420375000066],[123.45796464500006,25.739500268000086]]],[[[123.47573752400001,25.740037744000063],[123.4756892370001,25.740020067000046],[123.47572240900001,25.739991605000057],[123.47573752400001,25.740037744000063]]],[[[123.47553046400003,25.740064843000084],[123.475494561,25.740129634000084],[123.47542319000001,25.740071114000045],[123.47553046400003,25.740064843000084]]],[[[123.47621520000007,25.74020099800009],[123.47618985700001,25.74014446700005],[123.47628516000009,25.740121558000055],[123.47621520000007,25.74020099800009]]],[[[123.476307099,25.740298301000053],[123.47626585100011,25.74028605600006],[123.4763071320001,25.74020460400004],[123.476307099,25.740298301000053]]],[[[123.47651694600006,25.740310555000065],[123.47650937500009,25.740349741000045],[123.47636599100008,25.740345593000086],[123.47651694600006,25.740310555000065]]],[[[123.48277362300007,25.740379304000044],[123.48267669500001,25.740376040000058],[123.48271717600005,25.740320818000043],[123.48277362300007,25.740379304000044]]],[[[123.49048189000007,25.74044508500009],[123.49056572900008,25.740235013000074],[123.49079787900007,25.740460130000088],[123.49048189000007,25.74044508500009]]],[[[123.48119283900007,25.74055175700005],[123.48114438700009,25.740546565000045],[123.48116973600008,25.740487305000045],[123.48119283900007,25.74055175700005]]],[[[123.49097538300009,25.74066947700004],[123.49094872,25.740715725000086],[123.49084830900006,25.740592543000048],[123.49097538300009,25.74066947700004]]],[[[123.49050852100004,25.740717174000054],[123.49047397800007,25.740872085000035],[123.49026308500004,25.74068585300006],[123.49050852100004,25.740717174000054]]],[[[123.49091486200007,25.74087651800005],[123.49082338100004,25.740795738000088],[123.49063374400009,25.740855491000048],[123.49045889000001,25.74053936200005],[123.49079168000003,25.740634653000086],[123.49091486200007,25.74087651800005]]],[[[123.49080766400004,25.74088917100005],[123.49076500300009,25.74088696800004],[123.49076567400004,25.74085176200009],[123.49080766400004,25.74088917100005]]],[[[123.49292366300006,25.74182742100004],[123.49289377100001,25.741822137000042],[123.492904221,25.741790267000056],[123.49292366300006,25.74182742100004]]],[[[123.46644407100007,25.74909327200004],[123.4663904900001,25.749099690000037],[123.46636975400008,25.749026357000048],[123.46644407100007,25.74909327200004]]],[[[123.484468644,25.749846742000045],[123.48441563200004,25.749846826000066],[123.48440610900002,25.749785244000066],[123.484468644,25.749846742000045]]],[[[123.4875530810001,25.75005912000006],[123.48770254200008,25.749893016000044],[123.48790444500003,25.750014556000053],[123.4876830610001,25.74998782700004],[123.4875530810001,25.75005912000006]]],[[[123.48755554600007,25.750219239000046],[123.48746552400007,25.750242959000047],[123.48745502200006,25.750206474000038],[123.48755554600007,25.750219239000046]]],[[[123.47982143800004,25.750854394000044],[123.47975167900006,25.75087901200004],[123.47973926400005,25.75081521000004],[123.47982143800004,25.750854394000044]]],[[[123.47668977800004,25.751816852000047],[123.46689945600008,25.749162572000046],[123.460296922,25.744717886000046],[123.45778429500001,25.74032349500004],[123.45939769900008,25.73564634300004],[123.46444757900008,25.734913040000038],[123.4722740310001,25.738938085000086],[123.473988771,25.738129837000088],[123.47450030700008,25.739875845000086],[123.47721023500003,25.741269876000047],[123.48862390900001,25.740190933000065],[123.49391953200006,25.742238438000072],[123.49320327600003,25.74487378300006],[123.48736470100005,25.749487402000057],[123.48061104200008,25.750102819000062],[123.47668977800004,25.751816852000047]]],[[[123.56610538200005,25.755643320000047],[123.56605716700005,25.75524252200006],[123.56696211500002,25.755022047000068],[123.56610538200005,25.755643320000047]]],[[[123.54079331600008,25.779393741000035],[123.54060623200007,25.779249495000045],[123.54176973000006,25.779028184000083],[123.54079331600008,25.779393741000035]]],[[[123.53902548300005,25.779414332000044],[123.53903236800011,25.77944590000004],[123.53897041000005,25.779470906000086],[123.53902548300005,25.779414332000044]]],[[[123.53959648900002,25.779216812000072],[123.540463187,25.77887250200007],[123.54051559700008,25.77942226400006],[123.53959648900002,25.779216812000072]]],[[[123.543090334,25.779996810000057],[123.542905045,25.779910915000073],[123.542928846,25.779864961000044],[123.543090334,25.779996810000057]]],[[[123.54337963900002,25.781514730000083],[123.5433754290001,25.78008643000004],[123.54472958500003,25.780912365000063],[123.54337963900002,25.781514730000083]]],[[[123.68327751800007,25.919159388000082],[123.68326147100004,25.919184219000044],[123.68320370000004,25.91914281000004],[123.68327751800007,25.919159388000082]]],[[[123.68255634800005,25.919212103000064],[123.68246379700008,25.919203592000088],[123.68246051800008,25.919114474000082],[123.68255634800005,25.919212103000064]]],[[[123.68604777500002,25.919652171000052],[123.68603725600008,25.919682271000056],[123.68600258200001,25.91966848900006],[123.68604777500002,25.919652171000052]]],[[[123.68618074200003,25.919760932000088],[123.68606163700008,25.919771670000046],[123.68610282100008,25.919706447000067],[123.68618074200003,25.919760932000088]]],[[[123.679058704,25.919971108000084],[123.67904431800002,25.919965953000087],[123.67912682300005,25.919938035000087],[123.679058704,25.919971108000084]]],[[[123.68761083200002,25.919978395000044],[123.68751813600011,25.91997912100004],[123.68756812000004,25.919897269000046],[123.68761083200002,25.919978395000044]]],[[[123.67861302000006,25.920353790000036],[123.67858152000008,25.92032892900005],[123.67873483100004,25.92023731200004],[123.67861302000006,25.920353790000036]]],[[[123.67844443500007,25.920487765000075],[123.67841541100006,25.920540359000086],[123.678318859,25.920495127000038],[123.67844443500007,25.920487765000075]]],[[[123.68786504400009,25.920780938000064],[123.6878973040001,25.920803602000035],[123.687822116,25.920835992000036],[123.68786504400009,25.920780938000064]]],[[[124.55592371,25.92143541200005],[124.5558517720001,25.921473198000058],[124.55587544500008,25.921401406000086],[124.55592371,25.92143541200005]]],[[[124.55613810800003,25.92162148400007],[124.55601371500006,25.921572832000038],[124.55605389100003,25.92156176700007],[124.55613810800003,25.92162148400007]]],[[[124.55602569500002,25.92163117800004],[124.55603926800006,25.92167451800009],[124.55596056700006,25.921673313000042],[124.55602569500002,25.92163117800004]]],[[[123.68830230000003,25.921724495000035],[123.6882469200001,25.921815588000072],[123.68821038700003,25.921758845000056],[123.68830230000003,25.921724495000035]]],[[[124.55645443100002,25.921825856000055],[124.55613061100007,25.92171768700007],[124.55621708000001,25.921573455000043],[124.55645443100002,25.921825856000055]]],[[[123.68928402400002,25.921869264000065],[123.689052769,25.921911547000036],[123.6890313560001,25.92185074400004],[123.68928402400002,25.921869264000065]]],[[[124.55674716800002,25.922114483000087],[124.55674435000003,25.922154139000043],[124.55666297000005,25.92209804500004],[124.55674716800002,25.922114483000087]]],[[[123.67735138500007,25.922235942000043],[123.67734012000005,25.922313202000055],[123.67728886200007,25.922236655000063],[123.67735138500007,25.922235942000043]]],[[[124.55648227400002,25.922335235000048],[124.55596642400008,25.922015602000045],[124.556325786,25.92189162200009],[124.55648227400002,25.922335235000048]]],[[[124.55675166500009,25.922325217000036],[124.5567124910001,25.92234508000007],[124.5567102,25.922316211000066],[124.55675166500009,25.922325217000036]]],[[[123.67675860600002,25.92257761600007],[123.67676960400001,25.92260818200009],[123.67673375300001,25.922606632000054],[123.67675860600002,25.92257761600007]]],[[[123.67681125000001,25.92270172700006],[123.67679734900003,25.922729469000046],[123.67676261200006,25.92268465500007],[123.67681125000001,25.92270172700006]]],[[[123.67645384600007,25.922821853000073],[123.676459669,25.922858730000087],[123.67639313300003,25.922849298000074],[123.67645384600007,25.922821853000073]]],[[[123.67648096300002,25.922933795000063],[123.67640465200009,25.922919952000086],[123.676393845,25.92289438000006],[123.67648096300002,25.922933795000063]]],[[[123.67607361500006,25.923066168000048],[123.676078276,25.923102977000042],[123.67590979300007,25.92311638700005],[123.67607361500006,25.923066168000048]]],[[[124.55768108900008,25.923104267000042],[124.55656338000006,25.92153771900007],[124.5611454000001,25.922300926000048],[124.55768108900008,25.923104267000042]]],[[[124.55935068000008,25.923536805000083],[124.55927490200008,25.92345129100005],[124.55971936600008,25.923328223000055],[124.55935068000008,25.923536805000083]]],[[[124.55905716200004,25.92383333300006],[124.55874058300003,25.92359971600007],[124.55950595900003,25.92369954800006],[124.55905716200004,25.92383333300006]]],[[[124.56016744600004,25.92414096500005],[124.5594930530001,25.923969931000045],[124.56001177200005,25.92384988000009],[124.56016744600004,25.92414096500005]]],[[[123.687613908,25.924200650000046],[123.68754653000008,25.924151116000075],[123.6875718450001,25.924117161000083],[123.687613908,25.924200650000046]]],[[[123.6763469,25.92421405600004],[123.6764342030001,25.92424424300009],[123.67617925700006,25.924354582000035],[123.6763469,25.92421405600004]]],[[[124.5591063390001,25.92434964100005],[124.55904834,25.924064096000052],[124.55907098500006,25.924055552000084],[124.5591063390001,25.92434964100005]]],[[[123.67617105900001,25.92447013900005],[123.67608250800004,25.924479586000075],[123.67609341800005,25.92444346700006],[123.67617105900001,25.92447013900005]]],[[[123.68730006800001,25.924837095000044],[123.68726591300003,25.924857186000054],[123.687256563,25.924836482000046],[123.68730006800001,25.924837095000044]]],[[[123.68741313600003,25.924864063000086],[123.68739747400002,25.924869329000046],[123.68738161300007,25.924849705000042],[123.68741313600003,25.924864063000086]]],[[[123.68729481900004,25.92495014800005],[123.68725331600001,25.924988150000047],[123.6872053190001,25.92493230100007],[123.68729481900004,25.92495014800005]]],[[[123.6879050010001,25.92506097100005],[123.687789554,25.924968311000043],[123.68810144500003,25.924910482000087],[123.6879050010001,25.92506097100005]]],[[[123.68814038200003,25.925187176000065],[123.68808662200001,25.925242083000057],[123.6880371200001,25.925180056000045],[123.68814038200003,25.925187176000065]]],[[[123.68648020800003,25.925391064000053],[123.68651691500008,25.925373854000043],[123.68652602500003,25.925404250000042],[123.68648020800003,25.925391064000053]]],[[[123.67702580100001,25.925586322000072],[123.67705416600006,25.92563490000009],[123.67688947900001,25.92560949500006],[123.67702580100001,25.925586322000072]]],[[[123.68601393200004,25.926300557000047],[123.685952326,25.926261931000056],[123.68597213700002,25.926250174000074],[123.68601393200004,25.926300557000047]]],[[[123.6779927560001,25.92710862200005],[123.67793255200002,25.92714582900004],[123.6779231160001,25.92708126800005],[123.6779927560001,25.92710862200005]]],[[[123.67874353600007,25.92734461400005],[123.6787093590001,25.927365342000087],[123.67869896400009,25.927341279000075],[123.67874353600007,25.92734461400005]]],[[[123.68498332800004,25.92734245200006],[123.68498355200006,25.92738540600004],[123.68491472800008,25.927375834000088],[123.68498332800004,25.92734245200006]]],[[[123.68531358500002,25.92745199700005],[123.68524996100007,25.927412618000062],[123.68528410800002,25.927388964000045],[123.68531358500002,25.92745199700005]]],[[[123.67878783700007,25.927506389000087],[123.67877291100001,25.927521486000046],[123.67873482700008,25.927504721000048],[123.67878783700007,25.927506389000087]]],[[[123.67963335700006,25.928054816000042],[123.67956904800008,25.92806966200004],[123.67955904100006,25.928027418000056],[123.67963335700006,25.928054816000042]]],[[[123.67892168600008,25.927998727000045],[123.67912642200008,25.92780774000005],[123.67913472200007,25.92793071600005],[123.67892168600008,25.927998727000045]]],[[[123.68380128600006,25.928567315000066],[123.68374653300009,25.92850848800009],[123.683781468,25.928482535000057],[123.68380128600006,25.928567315000066]]],[[[123.68075535900005,25.928508616000045],[123.68067854500009,25.928556815000036],[123.680703118,25.928476941000042],[123.68075535900005,25.928508616000045]]],[[[123.68132097,25.928767463000042],[123.68130695000002,25.928765027000054],[123.68132065700001,25.92870539200004],[123.68132097,25.928767463000042]]],[[[123.68243982400008,25.92888122000005],[123.68109831900006,25.928395786000067],[123.67976260700004,25.928613838000047],[123.6797748890001,25.928198541000086],[123.679501146,25.927657509000085],[123.67671183100003,25.92505306000004],[123.67607951700006,25.92313281400004],[123.67637091200004,25.923184886000058],[123.6775891960001,25.922238478000054],[123.6784430240001,25.920541400000047],[123.68003818200009,25.919584442000087],[123.68600696800002,25.919707601000084],[123.6887037790001,25.923553508000055],[123.68783438800006,25.923327407000045],[123.68243982400008,25.92888122000005]]],[[[123.68273901600003,25.929095286000063],[123.68274539700008,25.929130710000038],[123.68268587200009,25.92912806000004],[123.68273901600003,25.929095286000063]]]]}},{"type":"Feature","properties":{"COUNTYCODE":"10007","COUNTYNAME":"彰化縣","COUNTYENG":"Changhua County"},"geometry":{"type":"Polygon","coordinates":[[[120.45655266000006,24.207186205000085],[120.44394996900007,24.188942738000037],[120.439156819,24.185732319000067],[120.43269907500007,24.18665402000005],[120.42470773600007,24.18330222900005],[120.42575471500004,24.178659749000076],[120.41831950100004,24.173674017000053],[120.41638587400007,24.170481745000075],[120.41499278000003,24.15755939400009],[120.40804611800002,24.15495370800005],[120.412785579,24.152236092000066],[120.40900751900006,24.142661109000073],[120.40711233700006,24.13955940200009],[120.40082708600005,24.136924185000055],[120.39969747800001,24.133058025000082],[120.40113775100008,24.128972137000062],[120.3968264340001,24.11749614300004],[120.379543377,24.09429229300008],[120.38030925100009,24.092738455000074],[120.3818112030001,24.09685662000004],[120.38633895400005,24.097045639000044],[120.38416401500001,24.08767477100008],[120.37544658700006,24.083018176000053],[120.36336342600009,24.080850294000072],[120.359187238,24.07427940100007],[120.34776772000009,24.069620238000084],[120.34207861800007,24.060130926000056],[120.33972700600009,24.059727174000045],[120.3424053220001,24.05472235700006],[120.34140871900001,24.039619341000048],[120.33779579400004,24.03128946600009],[120.33528567500002,24.01574594200008],[120.316451261,23.99923447000009],[120.311862969,23.989775122000083],[120.3087363950001,23.987107043000037],[120.308376834,23.97525997300005],[120.3069140660001,23.97222522700008],[120.294620097,23.96321754300004],[120.29025574900004,23.95822640700004],[120.28282639100007,23.954508394000072],[120.28032620700003,23.94840338000006],[120.2816159680001,23.943450529000074],[120.27880417800009,23.933597401000043],[120.26913544400009,23.930589508000082],[120.26104501400005,23.919730994000076],[120.26088376500002,23.91504020800005],[120.2562323090001,23.907896677000053],[120.255608102,23.903377526000043],[120.2577357670001,23.899331802000063],[120.2552228610001,23.894189940000047],[120.247143585,23.888445519000072],[120.2395382420001,23.88769213200004],[120.23532334100003,23.885262414000067],[120.2261439990001,23.876883198000087],[120.22549472500009,23.872512460000053],[120.2203552200001,23.86622234500004],[120.23784386300008,23.84635816000008],[120.2550118480001,23.83425479300007],[120.30811890200005,23.820304503000045],[120.35812939700008,23.82281559100005],[120.37031725000008,23.828561826000055],[120.41032834200007,23.826378769000087],[120.41842895600007,23.82701158900005],[120.42525006100004,23.830250919000036],[120.43310245100008,23.83015092100004],[120.45208221900009,23.817218515000036],[120.483160043,23.806571327000086],[120.50873263800008,23.80044972400009],[120.52781154000002,23.799061925000046],[120.53546381500007,23.80129722500004],[120.5512179750001,23.801131114000043],[120.57802125700005,23.795278968000048],[120.58695577100002,23.791914707000046],[120.62832073000004,23.790013806000047],[120.64154252800006,23.78562444000005],[120.66416482900001,23.792289419000042],[120.678367632,23.80112556100005],[120.6838908200001,23.80135461900005],[120.683408321,23.80542024300007],[120.67897880800001,23.805945378000047],[120.67881376000003,23.816296867000062],[120.67634934700004,23.81928903100004],[120.67188331800003,23.81940895300005],[120.66472711800009,23.816312180000068],[120.66504483000006,23.81503884400007],[120.65091129300004,23.81250708300007],[120.647970192,23.81664002800005],[120.63992547800001,23.820328895000046],[120.6395965260001,23.82208519900007],[120.63775506000002,23.821781371000043],[120.63918602700005,23.824565066000048],[120.63385778000008,23.82584354000005],[120.63495734600008,23.825898402000064],[120.63675321900007,23.825756941000066],[120.63701632700008,23.82585626300005],[120.6400031600001,23.825108802000045],[120.6377214050001,23.826383836000048],[120.639448722,23.827419615000053],[120.6360386,23.827917976000037],[120.638179337,23.82891943800007],[120.6371899610001,23.830557764000048],[120.63434655800006,23.831115237000063],[120.63844447600002,23.831413870000063],[120.63704820700002,23.832791790000044],[120.63338662600006,23.83296493000006],[120.63041428500003,23.83119692300005],[120.63050651200001,23.832430360000046],[120.62358935500004,23.829486918000043],[120.62423800900001,23.831750958000043],[120.6336414430001,23.834091432000037],[120.62909912700002,23.83440471600005],[120.63105276900001,23.83564665600005],[120.62826658100005,23.83582481600007],[120.62997212700009,23.83734775000005],[120.62491816500005,23.83659612400004],[120.62905055300007,23.838678834000063],[120.62650019800003,23.83988561700005],[120.62611853500005,23.841920557000037],[120.62223855100001,23.838663515000064],[120.62300480100009,23.839972973000044],[120.62093201700009,23.839366777000066],[120.62213206400008,23.840854268000044],[120.62084347500002,23.84165949900006],[120.617170697,23.83762735600004],[120.61549033900008,23.84047667300007],[120.61977676200001,23.84242586000005],[120.6182841210001,23.84258754800004],[120.61964237100005,23.843515874000047],[120.61836521200007,23.844624922000037],[120.62108030800005,23.84440598200007],[120.6215951050001,23.846583559000067],[120.62359256700006,23.847069703000045],[120.61942745400006,23.84962041700004],[120.6234380410001,23.84890094900004],[120.62448902300002,23.852264484000045],[120.62594960000001,23.852078433000088],[120.62524133900001,23.855184184000052],[120.62781494700005,23.85740020700007],[120.62223416500001,23.860123160000057],[120.62354167400008,23.86197038800009],[120.62060258100007,23.863717836000035],[120.6199021010001,23.868370913000035],[120.62154346300008,23.86983598200004],[120.62395387400011,23.868926901000066],[120.62377677200004,23.871476417000054],[120.625801024,23.873466905000043],[120.6248188400001,23.87711455500005],[120.62745364,23.88351042000005],[120.62958046800009,23.884627375000036],[120.62941560400009,23.889102266000066],[120.62730132000002,23.889505458000087],[120.63264681100009,23.889689804000056],[120.63410253900008,23.891878422000048],[120.632220179,23.892364971000063],[120.6343987250001,23.893550546000085],[120.632797203,23.896445245000052],[120.63505865400009,23.89860121600009],[120.6337071700001,23.90037581900009],[120.6349192350001,23.901456246000066],[120.63136304700004,23.90343352800005],[120.63302586200007,23.904214514000046],[120.63211954000008,23.906753350000088],[120.63421517300003,23.90767141000009],[120.63065895900002,23.908215926000082],[120.63300387700008,23.90960295600007],[120.62939680700003,23.910815226000068],[120.63259437800002,23.91088153800007],[120.633052625,23.914203403000045],[120.63470760400003,23.91311909300009],[120.6332647270001,23.91599827300007],[120.6350857970001,23.917902720000086],[120.63353182200001,23.919583370000055],[120.63644952100003,23.919371720000072],[120.6353156560001,23.92165758100009],[120.63718123300009,23.921807055000045],[120.6374044580001,23.924086758000044],[120.62781717300004,23.931084900000087],[120.63213245400004,23.932876846000056],[120.63277043400001,23.93564698700004],[120.6354801980001,23.937446985000065],[120.63763537500006,23.93559222600004],[120.63015503600002,23.942959062000057],[120.63082307700006,23.944802635000087],[120.6333596180001,23.94288387100005],[120.634649319,23.943710218000035],[120.627586845,23.951772512000048],[120.63155760500001,23.953486076000047],[120.63406724400011,23.95226204100004],[120.63383913900009,23.953366991000053],[120.6269769270001,23.956444721000082],[120.63112105700009,23.95629981400009],[120.63540228500005,23.95224758200004],[120.642652774,23.958273975000054],[120.64421774000004,23.962083221000057],[120.64686224600007,23.96342170300005],[120.6463093110001,23.973243307000075],[120.6501719800001,23.983703867000088],[120.6453200520001,23.98961926000004],[120.63682177600003,23.994514192000054],[120.63611103700009,23.998413929000037],[120.63808865800002,24.007406194000055],[120.64034186200001,24.005731939000043],[120.64246782500004,24.008959098000048],[120.64619482900002,24.009151837000047],[120.663583991,24.00809872800005],[120.67257579400007,24.005849183000066],[120.6736919970001,24.00808513000004],[120.67008426000007,24.009961305000047],[120.67598843100006,24.010714650000068],[120.67864076000001,24.01403333400009],[120.65578400200002,24.030665258000056],[120.65174746100001,24.028536493000047],[120.64639857500003,24.034026999000048],[120.6446064370001,24.033438070000045],[120.64625398800001,24.026903711000045],[120.64463692700008,24.02588061700004],[120.63753093300011,24.028531145000045],[120.63613992700004,24.031052828000043],[120.62865205700007,24.02962227000006],[120.62446273300009,24.030991362000066],[120.62422300200001,24.033373527000037],[120.62810707400001,24.038352803000066],[120.62342443300008,24.052121044000046],[120.62568510200003,24.057028092000053],[120.625376706,24.068739312000048],[120.62371067000004,24.07169838100009],[120.61965934200009,24.07304606300005],[120.61699758400005,24.079424421000056],[120.61248692100003,24.102568347000044],[120.60288948100003,24.102893952000045],[120.59995458600008,24.10518746300005],[120.58835661900002,24.106232324000075],[120.58351753700003,24.109549910000055],[120.57260746400004,24.10831773500007],[120.54968296100003,24.113882602000047],[120.545378153,24.116473618000043],[120.5409154780001,24.12366206900009],[120.53267671200001,24.126431190000062],[120.5235450990001,24.13967798500005],[120.52547153500007,24.149903504000065],[120.50810393900008,24.18716647900004],[120.5043808480001,24.19114616300004],[120.45655266000006,24.207186205000085]]]}},{"type":"Feature","properties":{"COUNTYCODE":"10008","COUNTYNAME":"南投縣","COUNTYENG":"Nantou County"},"geometry":{"type":"Polygon","coordinates":[[[121.2708644380001,24.23660985400005],[121.26591459600002,24.241104050000047],[121.2654136540001,24.245667880000042],[121.25879065600009,24.245116334000045],[121.25506749500005,24.243218572000046],[121.25194574800003,24.23918609900005],[121.24416018800002,24.222494555000083],[121.23795196600008,24.219706729000052],[121.23040882100008,24.223526242000048],[121.23076662300002,24.22605091400004],[121.2283394530001,24.22593209100006],[121.22833804300001,24.22470517700009],[121.21942277800008,24.22920343000004],[121.2158055330001,24.225346585000068],[121.20823271300003,24.221703501000036],[121.19633873600003,24.222999972000082],[121.19155485500005,24.216586018000044],[121.18171056900007,24.21204500500005],[121.16763987900003,24.225391647000038],[121.160981096,24.21518435300004],[121.14788601100008,24.21291232300007],[121.1432027410001,24.205853464000086],[121.14136179900004,24.199649630000067],[121.13635496000006,24.196338487000048],[121.12294791300008,24.196028115000047],[121.108415992,24.198011088000044],[121.10168894700007,24.195634736000045],[121.09440935700002,24.19014825100004],[121.09106317400006,24.184816092000062],[121.09134529200003,24.18272991500004],[121.08487598400006,24.175922997000043],[121.080956066,24.17542386300005],[121.06459729100004,24.163021121000043],[121.05939967000006,24.162780947000044],[121.05794759100002,24.159234618000085],[121.05265779700005,24.154795972000045],[121.04758384000002,24.16002448200004],[121.03804380100007,24.158176297000068],[121.03569421500004,24.150914061000037],[121.03333295900006,24.14858249200006],[121.03099796000004,24.14933648600004],[121.03121825100004,24.153526741000064],[121.02775771000006,24.15955584900007],[121.0248990120001,24.157967675000066],[121.01954120000005,24.15871484300004],[121.01224620900007,24.15332541500004],[121.00816736600007,24.14704021500006],[121.00680489400008,24.140944122000064],[121.0032485260001,24.133530888000053],[121.0003594740001,24.132284104000064],[120.99955241000009,24.12776214900009],[120.9920231970001,24.12525435300006],[120.99201795200008,24.121055142000046],[120.98908365600005,24.11876746100006],[120.98542576200009,24.120223000000067],[120.97568773800003,24.116868001000057],[120.97116163600003,24.12024227200004],[120.9612076730001,24.120152574000087],[120.95010718000003,24.127862452000045],[120.9483794460001,24.12493991100007],[120.93255206700007,24.112581404000082],[120.927143817,24.111725042000046],[120.91988031000005,24.10744156000004],[120.90956094500007,24.10923068200009],[120.90488475900008,24.114486669000087],[120.89616062000005,24.11645307000009],[120.891526612,24.11590858200009],[120.89024144900009,24.11354771400005],[120.8941720570001,24.110744734000036],[120.89425070700008,24.106848287000048],[120.8910898370001,24.102029953000056],[120.89132265,24.09779986700005],[120.88587120200009,24.095410051000044],[120.88200412900005,24.088325483000062],[120.88030847000005,24.08857514600004],[120.8780141100001,24.08502880000009],[120.87685772100008,24.091193262000047],[120.87908958100002,24.098252139000067],[120.88149625900007,24.100578754000082],[120.87914052100007,24.109304010000074],[120.87244779800005,24.11683745600004],[120.868863927,24.11760264700007],[120.86442827000008,24.115369227000087],[120.85860145700008,24.116209525000045],[120.8538673490001,24.124511005000045],[120.84484605500006,24.124528067000085],[120.84212067500005,24.120683892000045],[120.83627238500003,24.11695132500006],[120.83447306900007,24.11300714300006],[120.8345023490001,24.107614694000063],[120.8303141240001,24.102589928000043],[120.8324844010001,24.09874836700004],[120.82837120800002,24.093946464000055],[120.8292964630001,24.071509949000074],[120.8192431980001,24.068465836000087],[120.81445417300006,24.06989636700007],[120.8118626050001,24.066070252000088],[120.80798704000006,24.065371191000054],[120.80328859300005,24.05626260400004],[120.80341614300005,24.05236011900007],[120.80088118100002,24.05137737800004],[120.80065014400009,24.04864828700005],[120.79669759700005,24.04306177300009],[120.79735936700001,24.041098874000056],[120.7916909270001,24.03526271900006],[120.79291864000004,24.032482234000042],[120.79153669900006,24.03067443200007],[120.7894666090001,24.031228513000087],[120.78619985800003,24.029355975000044],[120.78464331000009,24.024079482000047],[120.7831222740001,24.024777483000037],[120.77969894500006,24.020190133000085],[120.77519834000009,24.01855301200004],[120.77125204800006,24.01420180200006],[120.770559284,24.009074918000067],[120.75797049800008,24.006096039000056],[120.75589246700008,24.003532386000074],[120.75103165100006,24.002827771000057],[120.746033753,23.998562823000043],[120.74364592400002,24.00217084700006],[120.7317273110001,24.009005078000087],[120.71923738400005,24.009660619000044],[120.70637790900003,24.005193340000062],[120.69487763100005,24.007120239000074],[120.6787576050001,24.014224716000058],[120.67598843100006,24.010714650000068],[120.67008426000007,24.009961305000047],[120.6736919970001,24.00808513000004],[120.67257579400007,24.005849183000066],[120.663583991,24.00809872800005],[120.64619482900002,24.009151837000047],[120.64246782500004,24.008959098000048],[120.64034186200001,24.005731939000043],[120.63808865800002,24.007406194000055],[120.63611103700009,23.998413929000037],[120.63682177600003,23.994514192000054],[120.6453200520001,23.98961926000004],[120.6501719800001,23.983703867000088],[120.6463093110001,23.973243307000075],[120.64686224600007,23.96342170300005],[120.64421774000004,23.962083221000057],[120.642652774,23.958273975000054],[120.63540228500005,23.95224758200004],[120.63112105700009,23.95629981400009],[120.6269769270001,23.956444721000082],[120.63383913900009,23.953366991000053],[120.63406724400011,23.95226204100004],[120.63155760500001,23.953486076000047],[120.627586845,23.951772512000048],[120.634649319,23.943710218000035],[120.6333596180001,23.94288387100005],[120.63082307700006,23.944802635000087],[120.63015503600002,23.942959062000057],[120.63763537500006,23.93559222600004],[120.6354801980001,23.937446985000065],[120.63277043400001,23.93564698700004],[120.63213245400004,23.932876846000056],[120.62781717300004,23.931084900000087],[120.6374044580001,23.924086758000044],[120.63718123300009,23.921807055000045],[120.6353156560001,23.92165758100009],[120.63644952100003,23.919371720000072],[120.63353182200001,23.919583370000055],[120.6350857970001,23.917902720000086],[120.6332647270001,23.91599827300007],[120.63470760400003,23.91311909300009],[120.633052625,23.914203403000045],[120.63259437800002,23.91088153800007],[120.62939680700003,23.910815226000068],[120.63300387700008,23.90960295600007],[120.63065895900002,23.908215926000082],[120.63421517300003,23.90767141000009],[120.63211954000008,23.906753350000088],[120.63302586200007,23.904214514000046],[120.63136304700004,23.90343352800005],[120.6349192350001,23.901456246000066],[120.6337071700001,23.90037581900009],[120.63505865400009,23.89860121600009],[120.632797203,23.896445245000052],[120.6343987250001,23.893550546000085],[120.632220179,23.892364971000063],[120.63410253900008,23.891878422000048],[120.63264681100009,23.889689804000056],[120.62730132000002,23.889505458000087],[120.62941560400009,23.889102266000066],[120.62958046800009,23.884627375000036],[120.62745364,23.88351042000005],[120.6248188400001,23.87711455500005],[120.625801024,23.873466905000043],[120.62377677200004,23.871476417000054],[120.62395387400011,23.868926901000066],[120.62154346300008,23.86983598200004],[120.6199021010001,23.868370913000035],[120.62060258100007,23.863717836000035],[120.62354167400008,23.86197038800009],[120.62223416500001,23.860123160000057],[120.62781494700005,23.85740020700007],[120.62524133900001,23.855184184000052],[120.62594960000001,23.852078433000088],[120.62448902300002,23.852264484000045],[120.6234380410001,23.84890094900004],[120.61942745400006,23.84962041700004],[120.62359256700006,23.847069703000045],[120.6215951050001,23.846583559000067],[120.62108030800005,23.84440598200007],[120.61836521200007,23.844624922000037],[120.61964237100005,23.843515874000047],[120.6182841210001,23.84258754800004],[120.61977676200001,23.84242586000005],[120.61549033900008,23.84047667300007],[120.617170697,23.83762735600004],[120.62084347500002,23.84165949900006],[120.62213206400008,23.840854268000044],[120.62093201700009,23.839366777000066],[120.62300480100009,23.839972973000044],[120.62223855100001,23.838663515000064],[120.62611853500005,23.841920557000037],[120.62650019800003,23.83988561700005],[120.62905055300007,23.838678834000063],[120.62491816500005,23.83659612400004],[120.62997212700009,23.83734775000005],[120.62826658100005,23.83582481600007],[120.63105276900001,23.83564665600005],[120.62909912700002,23.83440471600005],[120.6336414430001,23.834091432000037],[120.62423800900001,23.831750958000043],[120.62358935500004,23.829486918000043],[120.63050651200001,23.832430360000046],[120.63041428500003,23.83119692300005],[120.63338662600006,23.83296493000006],[120.63704820700002,23.832791790000044],[120.63844447600002,23.831413870000063],[120.63434655800006,23.831115237000063],[120.6371899610001,23.830557764000048],[120.638179337,23.82891943800007],[120.6360386,23.827917976000037],[120.639448722,23.827419615000053],[120.6377214050001,23.826383836000048],[120.6400031600001,23.825108802000045],[120.63385778000008,23.82584354000005],[120.63918602700005,23.824565066000048],[120.63775506000002,23.821781371000043],[120.6395965260001,23.82208519900007],[120.63992547800001,23.820328895000046],[120.647970192,23.81664002800005],[120.65091129300004,23.81250708300007],[120.66504483000006,23.81503884400007],[120.66472711800009,23.816312180000068],[120.67188331800003,23.81940895300005],[120.67634934700004,23.81928903100004],[120.67881376000003,23.816296867000062],[120.67897880800001,23.805945378000047],[120.683408321,23.80542024300007],[120.68394791600008,23.80156510800009],[120.67491938700005,23.799726123000084],[120.66377447100001,23.79214479700005],[120.64036776900002,23.786050898000042],[120.648471535,23.773277376000067],[120.65569225700006,23.755023987000072],[120.65435523500003,23.741994522000084],[120.65583779400004,23.735121460000073],[120.64453545800006,23.736644297000055],[120.642063441,23.730644849000043],[120.64020788700009,23.730722379000042],[120.63970488000007,23.726216254000065],[120.641678039,23.722283420000053],[120.6389796950001,23.710577646000047],[120.64137076400004,23.705629285000043],[120.64566808400002,23.70320706800004],[120.643404465,23.699703533000047],[120.64659077400006,23.692807446000074],[120.64624050600003,23.68477779500006],[120.64826670800005,23.68279220700009],[120.64604160900001,23.677131065000083],[120.64692623100007,23.672708388000046],[120.64493102300003,23.671630624000045],[120.6443889840001,23.667608147000067],[120.64056701200002,23.664382851000084],[120.63496709600008,23.651574640000035],[120.636348247,23.648245359000043],[120.63480386900005,23.64700942400009],[120.6352033070001,23.64286359600004],[120.63178536800001,23.64019698000004],[120.62907320900001,23.635166423000044],[120.63015805000009,23.632638606000057],[120.628709534,23.630012263000083],[120.63105977400005,23.621694328000046],[120.63369927800011,23.61912807100009],[120.63536231300009,23.61984933900004],[120.64513227500004,23.630986231000065],[120.65300050100007,23.629507639000053],[120.651446093,23.61610859700005],[120.65835027700007,23.61383519800006],[120.661200829,23.610472190000053],[120.66450939100002,23.61112095100009],[120.6691336350001,23.609342896000044],[120.68372711900008,23.61094060100004],[120.68547013300008,23.61284211900005],[120.6860557120001,23.618211330000065],[120.69131651300006,23.620355042000085],[120.70502676500007,23.617269944000043],[120.71110029700003,23.61950539700007],[120.71406951000006,23.621018419000052],[120.71310230000006,23.62791257400005],[120.718369854,23.629957365000053],[120.7230859440001,23.622533613000087],[120.730674927,23.618275494000045],[120.73086328900001,23.610808361000068],[120.7373964950001,23.609633535000057],[120.74438693900004,23.612666955000066],[120.74747908800009,23.61116519300009],[120.7509168580001,23.61445235700006],[120.75356124400002,23.61481763200004],[120.75807979600006,23.612489390000064],[120.76428142300006,23.61223882200005],[120.76941267100005,23.60837281000005],[120.77004905800004,23.60605638900006],[120.77457482500006,23.60520654800007],[120.77831042500009,23.602034263000064],[120.7908706830001,23.60094534700005],[120.79491609800004,23.597249054000088],[120.80332797300002,23.596647546000042],[120.80512343100008,23.59861842400005],[120.80979046900006,23.59868913400004],[120.81370667700003,23.60095152100007],[120.8176281310001,23.59960169100009],[120.81861133400002,23.598243068000045],[120.816869849,23.59560321200007],[120.81988463900007,23.590439169000035],[120.82552682400001,23.58636858500006],[120.81990567700007,23.57768057800007],[120.81962473500005,23.57453242400004],[120.82189665300007,23.57091163800004],[120.81992285000001,23.564518388000067],[120.82062586500001,23.56240188600009],[120.81414732200005,23.556243461000065],[120.81586291600001,23.55311052600007],[120.811493154,23.551056051000046],[120.80883180400008,23.545861569000067],[120.80861014900006,23.536187081000037],[120.82034748300009,23.521483414000045],[120.81955500400011,23.51558243100004],[120.823043343,23.51136102600009],[120.82406666300005,23.505279874000053],[120.82284991900008,23.49867309800004],[120.82531320500004,23.495310393000068],[120.827074939,23.48338279300009],[120.83264214600001,23.47473265900004],[120.83897232600009,23.47121982400006],[120.8420918380001,23.473259173000088],[120.84914428400009,23.47209306400009],[120.86320042400007,23.473550602000046],[120.8730948540001,23.46852801400007],[120.880026122,23.467622967000068],[120.88189915300006,23.46828965900005],[120.88426908200006,23.474308816000075],[120.88670628500006,23.475564546000044],[120.91021170800002,23.47623010700005],[120.92092233700009,23.474928418000047],[120.93096332300001,23.470664490000047],[120.93464996,23.473113486000045],[120.93756816200005,23.473054296000043],[120.94751877600004,23.46712332800007],[120.966706101,23.47169976200007],[120.97063151700002,23.469042431000048],[120.98053731900006,23.46921452500004],[120.98460176000003,23.46656981700005],[120.99878889400009,23.462379637000083],[121.00846108100006,23.462086255000088],[121.01585459800003,23.451608863000047],[121.01042054300001,23.44507031200004],[121.01058099400007,23.44124426700006],[121.01526823900008,23.43541038300009],[121.01935795300005,23.436310108000043],[121.022116783,23.43902565800005],[121.02651932900005,23.439153003000058],[121.034953438,23.44605989900009],[121.046464635,23.45087202800005],[121.05181696700004,23.450802399000054],[121.05452829600006,23.457378448000043],[121.05835086600007,23.460274994000088],[121.058927874,23.461941798000055],[121.05130657500001,23.46430968100009],[121.04965238800003,23.46783287100004],[121.03889587700007,23.474082742000064],[121.04855323600009,23.482415194000055],[121.05011658400008,23.486529660000087],[121.05361214700008,23.48782873500005],[121.05279950300007,23.49367740100007],[121.05409684400001,23.495603316000086],[121.0621671340001,23.499536290000037],[121.0629811660001,23.503837316000045],[121.06613858700007,23.506310143000064],[121.06845787600002,23.51844733300004],[121.08810529100003,23.51404591100004],[121.09185134900008,23.514516755000045],[121.09736286000009,23.521645568000054],[121.1010232320001,23.52124485300004],[121.1036742010001,23.51893018000004],[121.11079916100005,23.51906075100004],[121.11769807600001,23.52164291100007],[121.12635111400004,23.51704693700009],[121.128789418,23.518497788000047],[121.13225507000004,23.515105813000048],[121.13513528100009,23.514933177000046],[121.13833544700003,23.520591703000036],[121.14439937700001,23.52559506700004],[121.1471711370001,23.527245631000085],[121.15092005000008,23.52662996500004],[121.14687618900007,23.534105314000044],[121.1510599830001,23.54517482600005],[121.14611696200006,23.554369824000048],[121.15187720300003,23.560473449000085],[121.157143055,23.559555430000046],[121.16034103200002,23.56782769600005],[121.16035189400009,23.569763566000063],[121.15215026400006,23.573158642000067],[121.15339214200003,23.586777892000043],[121.1581905380001,23.585730862000048],[121.16674658500006,23.58714162600006],[121.16987048300007,23.58631789900005],[121.17139613400002,23.584141376000048],[121.178044236,23.582636972000046],[121.17973027200003,23.590031810000085],[121.18347397000002,23.593163426000046],[121.18940929200005,23.594811549000042],[121.19396262300006,23.600498594000044],[121.20012557200005,23.596401427000046],[121.20622952600002,23.59578692300005],[121.20812554500003,23.598241433000055],[121.21312104600008,23.60008244900007],[121.21732288200008,23.614696051000067],[121.21995501100002,23.616925881000043],[121.22472960000005,23.626817582000058],[121.22411880900006,23.638854112000047],[121.23024859000009,23.647985992000088],[121.231926832,23.65787800600009],[121.23575074000007,23.66220484900009],[121.23595522200003,23.67077095800005],[121.23244700000009,23.677464842000063],[121.23943200200006,23.686971571000072],[121.23936978800009,23.69468471600004],[121.24121189800007,23.698463019000087],[121.23932301100001,23.70018856200005],[121.24123122500009,23.707940507000046],[121.23926531100005,23.710962495000047],[121.23951816200008,23.716277542000057],[121.23778504300003,23.72006857300005],[121.23940766100009,23.72434585800005],[121.2357664430001,23.72463713700006],[121.23310568900001,23.73012732600006],[121.2296692110001,23.730079128000057],[121.22857649800005,23.735082567000063],[121.22884928400003,23.744514483000046],[121.23007591500004,23.747182674000044],[121.23330424400001,23.74894658000005],[121.22930584800008,23.752267817000075],[121.22139790000006,23.752754922000065],[121.21864462000008,23.75638269800004],[121.21340180200002,23.757469102000073],[121.21096704600006,23.761110269000085],[121.20648259200004,23.76263565900007],[121.20866952900008,23.76584492300009],[121.20465083800002,23.772397434000084],[121.20867545500005,23.775928671000088],[121.2121904710001,23.77568468000004],[121.21954463000009,23.781794624000042],[121.22629204100008,23.783672766000052],[121.23039998200011,23.787965408000048],[121.23033139400002,23.790276753000057],[121.22662011300008,23.792442033000043],[121.22605472300006,23.802276362000043],[121.22790901300004,23.80533313300009],[121.22754037900006,23.808536007000043],[121.23445945200001,23.811998490000065],[121.2347718530001,23.81794161600004],[121.23913296400008,23.821861325000043],[121.23667598300005,23.825210949000052],[121.2394220750001,23.84042112900005],[121.24347985500003,23.844982775000062],[121.24451722700007,23.848911482000062],[121.24892302900003,23.852129860000048],[121.24996557100008,23.85981812600005],[121.25291978500002,23.862953410000046],[121.25303489700002,23.867893088000073],[121.25693821200002,23.869454589000043],[121.25814960500009,23.872508363000065],[121.26518974600003,23.872827029000064],[121.26317655100002,23.88076959500006],[121.26844986600008,23.883751035000046],[121.26550639600009,23.891239822000045],[121.26517685500005,23.89671776700004],[121.2665344290001,23.898409082000057],[121.2624389660001,23.899078493000047],[121.26106106300006,23.902600678000056],[121.26626971600001,23.90726478600004],[121.27445213300007,23.90731591200006],[121.27607712000008,23.909862073000056],[121.27506676900009,23.918582160000085],[121.27651333400001,23.92316164500005],[121.27340650100007,23.928489057000036],[121.27484873600008,23.93154051600004],[121.27205569900002,23.93834385300005],[121.2743328470001,23.94563860100004],[121.27175120100003,23.948503705000064],[121.27470398600008,23.951444610000067],[121.27517208900008,23.96010022100006],[121.27790937300006,23.96583225200004],[121.27561573800006,23.96835771700006],[121.27356620700004,23.975251204000074],[121.26442001800001,23.97570001300005],[121.26142619300003,23.981796949000056],[121.25993736700002,23.990623542000037],[121.27005020400009,24.00671102800004],[121.27031265200003,24.01001493800004],[121.27631491200009,24.02015128900007],[121.27660831900005,24.02461451000005],[121.28565967300005,24.03953290800007],[121.28497577200005,24.048569385000064],[121.28261080700008,24.05127721200006],[121.28320657500001,24.054266572000074],[121.29554256600011,24.063779374000035],[121.29988570600005,24.062173630000075],[121.30818981700008,24.073307018000037],[121.31792935600004,24.079698545000042],[121.32322564900005,24.08517952200009],[121.31894541300005,24.095009718000085],[121.3256549780001,24.10246254200007],[121.32840140000008,24.11463349400009],[121.31565875400008,24.11649290400004],[121.30353970800002,24.124578587000087],[121.29586150500006,24.13244144500004],[121.28136709500006,24.13587201200005],[121.28467797000008,24.152287370000067],[121.28102721500011,24.154491070000063],[121.28033245000006,24.157864105000044],[121.28834951400006,24.15773755300006],[121.28660842800002,24.177633357000047],[121.29298539700005,24.177200998000046],[121.29878356300003,24.180091425000057],[121.30707538200011,24.18033246600004],[121.31578171800004,24.185172270000066],[121.32561415600003,24.196125651000045],[121.3358053710001,24.19911040100004],[121.34085443600009,24.19846061600009],[121.3496715330001,24.200235949000046],[121.34832737400006,24.207190385000047],[121.34937218900006,24.210439072000042],[121.34301354800004,24.223554252000042],[121.33316489200001,24.22982704900005],[121.32443693700009,24.233007739000072],[121.3196459610001,24.231869404000065],[121.31408837000004,24.234997114000066],[121.30388724200009,24.23368270800006],[121.30116530600003,24.236692762000075],[121.29874210900005,24.235613957000055],[121.29868073,24.23313505300007],[121.29514130400003,24.232249788000047],[121.29400427500002,24.229590018000067],[121.28588280000008,24.229092535000063],[121.28296463200002,24.231031380000047],[121.27999149300001,24.229776793000042],[121.27754049500004,24.232129821000058],[121.27685437700006,24.235468971000046],[121.2708644380001,24.23660985400005]]]}},{"type":"Feature","properties":{"COUNTYCODE":"10009","COUNTYNAME":"雲林縣","COUNTYENG":"Yunlin County"},"geometry":{"type":"MultiPolygon","coordinates":[[[[120.08107728200002,23.52412216400006],[120.08141213400006,23.52638147400006],[120.078656325,23.524315528000045],[120.07887740700005,23.522799907000035],[120.073267429,23.520698897000045],[120.06661455800008,23.51516029600009],[120.06339047400002,23.514842969000085],[120.06231232800008,23.512380507000046],[120.0522845800001,23.50710086500004],[120.05222723600002,23.505664856000067],[120.02768498300009,23.491590450000047],[120.01289263000001,23.482143137000037],[120.01081407800007,23.478644666000037],[120.00031237600001,23.47294568600006],[119.99695073100008,23.465393705000054],[120.00409126400007,23.460945148000064],[120.00809735400003,23.45196396500006],[120.012954799,23.446658453000055],[120.01279843600003,23.444797427000083],[120.015460663,23.443821020000087],[120.01418955700001,23.44181751900004],[120.015859825,23.439868699000044],[120.01719305900008,23.441412083000046],[120.01917036000009,23.43628683700007],[120.02031573500005,23.435707123000043],[120.022238421,23.438518269000042],[120.0203218260001,23.442036718000054],[120.0184637110001,23.442530686000055],[120.0200758960001,23.444075800000064],[120.01602198800003,23.44809542300004],[120.01444684600006,23.45278974900009],[120.00756691100003,23.461064364000038],[120.008881567,23.463860513000043],[120.01229234800007,23.46783697300009],[120.01802433600005,23.469525531000045],[120.01963475000002,23.468578559000036],[120.01641203100007,23.467835924000042],[120.0138961340001,23.459982616000048],[120.01764267100009,23.458687979000047],[120.02387093900006,23.459539713000083],[120.02539403100002,23.46484041100007],[120.02347396200003,23.46573133000004],[120.0257697290001,23.468598949000068],[120.02258066500008,23.47046611600007],[120.02589861400008,23.473042169000053],[120.02484773800006,23.47524777700005],[120.02729628700001,23.475994444000037],[120.02708091700003,23.47785313500009],[120.0297796000001,23.47960358000006],[120.03303426000002,23.47962380200005],[120.03579038800001,23.477528015000075],[120.03662994700005,23.479736356000046],[120.03492822700002,23.48301249800005],[120.03830395800003,23.480396804000065],[120.03774401300007,23.478244372000063],[120.04093695400002,23.478525898000044],[120.04000974200005,23.480452464000052],[120.041966871,23.483805352000047],[120.0439513340001,23.484314149000056],[120.04572698600009,23.490311466000037],[120.04501819000006,23.493575734000046],[120.04725248,23.495187601000055],[120.04790240600005,23.49357532600004],[120.0514353100001,23.49251335400004],[120.04864417900001,23.49197263800005],[120.04572447400005,23.488216650000084],[120.045594521,23.48423392600006],[120.04202314700001,23.479932121000047],[120.04267104600001,23.47683904300004],[120.04722999300009,23.478690896000046],[120.04896351100001,23.476796291000085],[120.0479767920001,23.480212386000062],[120.04949410500001,23.479526385000042],[120.05200874800005,23.481329507000055],[120.05229156100006,23.483940703000087],[120.05356248600003,23.483361519000084],[120.05266915700008,23.48795202200006],[120.056914183,23.485711405000075],[120.05579546800004,23.484160615000064],[120.05830520200004,23.48269498600007],[120.05352658600009,23.480697647000056],[120.05367903000001,23.47894688100007],[120.06251934000011,23.48048110800005],[120.06025729200007,23.481433628000048],[120.063763956,23.482773014000088],[120.06321090800009,23.48610152300006],[120.065135747,23.48718757200004],[120.06290657600005,23.48940443400005],[120.0561457550001,23.490239478000035],[120.0538541310001,23.49228426800005],[120.06238304700003,23.49173085600006],[120.06201266700009,23.493164292000074],[120.06539642000007,23.494647377000035],[120.06526767000003,23.49192877200005],[120.068211389,23.490140532000055],[120.06917890300008,23.49329755800005],[120.07209568600001,23.493956039000068],[120.06936807500006,23.49522193900009],[120.0697427670001,23.496650815000066],[120.06530594000003,23.49637143800004],[120.06639486900008,23.498554039000055],[120.06999072000008,23.498701956000048],[120.07095340800004,23.49728106400005],[120.0741020690001,23.49878965000005],[120.06687301300008,23.50029956700007],[120.069130062,23.502624580000088],[120.07108553500007,23.502022259000057],[120.069901319,23.50376688500006],[120.07104826600005,23.504261313000086],[120.07235671800004,23.501966628000048],[120.07765967500006,23.50206132200009],[120.07486508500006,23.503372066000054],[120.07659204000004,23.507328138000048],[120.079285927,23.508960340000044],[120.0824831440001,23.508482594000043],[120.08256541600008,23.51257337800007],[120.09597854100002,23.510882064000043],[120.09522181700004,23.515455562000056],[120.091578605,23.519840678000037],[120.08107728200002,23.52412216400006]]],[[[120.09941244100003,23.541655982000066],[120.09636921600008,23.541277162000085],[120.09684027700007,23.539275382000085],[120.091146976,23.53120611500009],[120.09112357000004,23.52777482600004],[120.09298767200005,23.527686378000055],[120.09654213900001,23.521422612000038],[120.098960154,23.52322444200007],[120.098176825,23.526091244000042],[120.0998765280001,23.529450978000057],[120.10994664000009,23.527224457000045],[120.1093204010001,23.529198309000037],[120.11161893300005,23.529608738000036],[120.10835030700002,23.53203700800009],[120.10307069400005,23.53165452400009],[120.10548807500004,23.534043162000046],[120.10713688500005,23.532923960000062],[120.10800421200008,23.53398536900005],[120.09941244100003,23.541655982000066]]],[[[120.13241129000005,23.546728407000046],[120.13044868700001,23.548189241000046],[120.12949321100007,23.54411163900005],[120.12610311700007,23.544164868000053],[120.12868701500008,23.542933304000087],[120.12676185700002,23.541414601000042],[120.12664175200007,23.53958095900009],[120.12897615500003,23.538438283000062],[120.12720427700003,23.53788658900004],[120.12779946500007,23.53599375300007],[120.12609212900009,23.534873556000036],[120.1272127740001,23.53393175900004],[120.12563378200002,23.531177957000068],[120.12709648000009,23.530174874000068],[120.13256969600002,23.530322857000044],[120.1274950940001,23.53284078300004],[120.1320020500001,23.534166223000057],[120.136932505,23.54292509000004],[120.134729838,23.543671325000048],[120.13378937000004,23.547611939000035],[120.13241129000005,23.546728407000046]]],[[[120.13274792600009,23.564364681000086],[120.131412426,23.563102142000048],[120.1244766100001,23.562918768000088],[120.12144418000003,23.55611157900006],[120.11143511700004,23.555350419000035],[120.10505105700008,23.547972950000087],[120.10366276800005,23.54383854300005],[120.105721593,23.540491471000053],[120.10811498100009,23.53963839000005],[120.11062703000005,23.541819819000068],[120.10938026500003,23.543419912000047],[120.1100897230001,23.545690343000047],[120.11537322600009,23.546036508000043],[120.11651549500004,23.54951027800007],[120.1192514710001,23.549002090000045],[120.12058173800006,23.552070576000062],[120.12300564000009,23.552680201000044],[120.12247386600006,23.554311519000066],[120.12387154800001,23.555032720000042],[120.12256250600001,23.556289452000044],[120.12551142300003,23.558843316000036],[120.12766105100002,23.55727525000009],[120.12782525,23.553312273000074],[120.1298512410001,23.551165599000058],[120.12981196600003,23.555038986000056],[120.13167327800011,23.557225471000038],[120.1307041230001,23.559540607000088],[120.132415455,23.55952307800004],[120.1305749390001,23.561752083000044],[120.13274792600009,23.564364681000086]]],[[[120.13037334,23.56901057300007],[120.13251017700009,23.573717785000042],[120.132343461,23.57896291500009],[120.1272841330001,23.573417647000042],[120.13037334,23.56901057300007]]],[[[120.30655322400003,23.820711755000048],[120.25185106200001,23.83591827400005],[120.23594829000001,23.84814911500007],[120.2203552200001,23.86622234500004],[120.21924408500001,23.858475888000044],[120.21431765400007,23.850719578000053],[120.20462390300008,23.84766385200004],[120.2045121000001,23.844903066000086],[120.20839075000004,23.841926654000076],[120.20834118000005,23.840224103000082],[120.2015019800001,23.828415661000065],[120.19168526600004,23.818249241000046],[120.1825419700001,23.816194238000037],[120.18108022500007,23.809795860000065],[120.178015813,23.809068531000037],[120.17498097700002,23.805824114000075],[120.17042624700002,23.806660374000046],[120.17023565600005,23.805487129000085],[120.175655291,23.804435166000076],[120.17545469900006,23.803147193000086],[120.16506580300006,23.794434565000074],[120.16014929100004,23.786702072000082],[120.1567519250001,23.78455050900004],[120.16287933400008,23.779714079000087],[120.16291720000004,23.772470872000042],[120.16918155500002,23.75893287200006],[120.16680375600004,23.75558612000009],[120.1658051280001,23.74189989000007],[120.15581840700008,23.719443123000076],[120.15617918700002,23.71546279800009],[120.14691628100002,23.70674751900009],[120.14602442,23.69271466300006],[120.13921486900006,23.684235519000083],[120.13522135800008,23.66714075300007],[120.12546542100006,23.645726255000056],[120.11443117800002,23.634412221000048],[120.11831139200001,23.626630770000077],[120.12522309300005,23.621374372000048],[120.13120101800007,23.624365615000045],[120.13537495700007,23.635903772000063],[120.13790389300004,23.634636155000067],[120.13715994100005,23.620390442000087],[120.13345931000003,23.61950164500007],[120.13301069400006,23.615694166000083],[120.139952429,23.61407556200004],[120.13963404100002,23.598492259000068],[120.14006228300002,23.597219135000046],[120.1414738840001,23.60151899500005],[120.14186679700003,23.59818436800009],[120.14480403300001,23.597291640000037],[120.14435234300004,23.594138951000048],[120.14150823600005,23.591909952000037],[120.14075090600011,23.583882922000043],[120.14056151,23.57357853600007],[120.14136745100006,23.571987452000087],[120.143446337,23.571995799000035],[120.14310685300006,23.56764936500008],[120.14148969500002,23.563017375000072],[120.13766454300003,23.561978684000053],[120.14004810100005,23.558811525000067],[120.13941012300006,23.549516741000048],[120.1411311820001,23.545390782000084],[120.14862502900007,23.536892392000084],[120.15026924000006,23.53193744400005],[120.14537549600004,23.526465896000047],[120.14583907100007,23.520825252000066],[120.15812873900006,23.51592525600006],[120.16455538900004,23.515832428000067],[120.16658004400006,23.51723444000004],[120.18097056200008,23.509852417000047],[120.18992129700007,23.510046113000044],[120.19852820800008,23.51304331500006],[120.20126983700004,23.51243983800009],[120.20097865100001,23.511402859000043],[120.20680292500003,23.511586202000046],[120.22303976500007,23.50432005600004],[120.23909721000007,23.507692087000066],[120.24477313600005,23.511635881000075],[120.24707404200001,23.515271381000048],[120.24190512400003,23.539492029000087],[120.24334948400008,23.54361397300005],[120.24889793900002,23.545760201000064],[120.25609110000005,23.546094666000045],[120.26344387800009,23.53352912200006],[120.26842102500007,23.53027931400004],[120.27190612100003,23.530750553000075],[120.2763544280001,23.543471728000043],[120.2907588710001,23.550544056000035],[120.28904816900001,23.558992044000036],[120.29036475700002,23.56257133200006],[120.295350902,23.56458544900005],[120.30654368900002,23.562871692000044],[120.310539898,23.564447898000083],[120.31022939700006,23.567208958000037],[120.30646792300001,23.57206551300004],[120.30743399400001,23.574656204000064],[120.31155440000009,23.57502956400009],[120.31961275900005,23.57238324900004],[120.3269953250001,23.57417167600005],[120.33311428500008,23.579204210000057],[120.33443074700006,23.592675412000062],[120.34331302800001,23.591919015000087],[120.35904831700009,23.595052688000067],[120.36570382600007,23.602476954000053],[120.36650354400001,23.607807962000038],[120.379979843,23.610016703000042],[120.38337499900001,23.612909915000046],[120.38280041100006,23.614631343000042],[120.38604728900009,23.62070091600009],[120.40263784600006,23.62693924100006],[120.40087991500002,23.632156292000047],[120.404612251,23.634194970000067],[120.40640661500004,23.632547447000036],[120.406619299,23.625185575000046],[120.41296984400003,23.62395424300007],[120.4157889060001,23.621381558000053],[120.42069647400001,23.625166225000044],[120.4220210960001,23.61926851000004],[120.42537258800007,23.618011937000063],[120.42732092900008,23.619316419000086],[120.43033609400004,23.61847038800005],[120.43361756500008,23.622867837000058],[120.4370325210001,23.62191492100004],[120.43528555700004,23.625524977000055],[120.44112333400005,23.62597610100005],[120.44449693500007,23.630536413000073],[120.44995856000003,23.629422120000072],[120.4530274650001,23.63069385400007],[120.45402303100002,23.629460532000053],[120.45103999900005,23.62712629400005],[120.45426515600002,23.626314612000044],[120.46613258100001,23.63026873800004],[120.47398742100006,23.631069808000063],[120.477016219,23.629537649000042],[120.4792487950001,23.632949548000056],[120.4878643180001,23.630710713000042],[120.48716190500011,23.634159431000057],[120.48871963200008,23.635898937000036],[120.4932064840001,23.63312980200004],[120.5038223360001,23.63523408900005],[120.50748875800002,23.63118058400005],[120.50644810400001,23.625863430000038],[120.5102435020001,23.619351554000048],[120.53303923200008,23.59701208000007],[120.5375111730001,23.594532832000084],[120.55657091800003,23.59285131300004],[120.55813688600006,23.58906018600004],[120.56496101200003,23.589513277000037],[120.567088592,23.58774293500005],[120.57070634700005,23.58804248200005],[120.58029585500003,23.582274461000054],[120.58591500200009,23.58260031000009],[120.58974197400005,23.58572030600004],[120.600311379,23.583132316000047],[120.60651217100008,23.584212995000087],[120.61019375000001,23.582620700000064],[120.61546163100002,23.585321350000072],[120.61899604300004,23.584170235000045],[120.62473770000008,23.590540556000064],[120.630829059,23.589953596000043],[120.64561863000006,23.593535341000063],[120.649118187,23.592471930000045],[120.6470771920001,23.587482788000045],[120.64732454800003,23.585808943000075],[120.6492612720001,23.585700932000066],[120.649194395,23.583454734000043],[120.64347974200007,23.57821359400009],[120.64345781400004,23.57571589400004],[120.64733658900002,23.576654243000064],[120.65069954100011,23.57244976900006],[120.65670278700009,23.57240588600007],[120.6606829110001,23.576295875000085],[120.66995675800001,23.578786311000044],[120.67623929900003,23.57071313700004],[120.69369473200004,23.576507246000062],[120.708898342,23.57570976100004],[120.71004968800003,23.571190105000085],[120.71609754300005,23.57106628100007],[120.7179434740001,23.56904442700005],[120.72449535200008,23.57189696200004],[120.72790321000002,23.570328465000046],[120.73615724500007,23.57045869500007],[120.73517079400006,23.57502830800007],[120.7321601540001,23.57713009300005],[120.73399134400006,23.584213455000054],[120.72990183000002,23.593639416000087],[120.73270898400006,23.597173352000084],[120.7287492050001,23.598989929000084],[120.724550722,23.603772219000064],[120.731009836,23.611092985000084],[120.73076744900004,23.618081068000038],[120.7230859440001,23.622533613000087],[120.71860755300008,23.629895841000064],[120.71310230000006,23.62791257400005],[120.71406951000006,23.621018419000052],[120.710285183,23.619164199000068],[120.702271773,23.617394108000042],[120.69679412200003,23.620013031000042],[120.69131651300006,23.620355042000085],[120.6860557120001,23.618211330000065],[120.68547013300008,23.61284211900005],[120.68372711900008,23.61094060100004],[120.6691336350001,23.609342896000044],[120.66450939100002,23.61112095100009],[120.661200829,23.610472190000053],[120.65835027700007,23.61383519800006],[120.651446093,23.61610859700005],[120.65300050100007,23.629507639000053],[120.64513227500004,23.630986231000065],[120.63536231300009,23.61984933900004],[120.63369927800011,23.61912807100009],[120.63078368100003,23.62208946900006],[120.628709534,23.630012263000083],[120.63015805000009,23.632638606000057],[120.62907320900001,23.635166423000044],[120.63178536800001,23.64019698000004],[120.6352033070001,23.64286359600004],[120.63480386900005,23.64700942400009],[120.636348247,23.648245359000043],[120.63496709600008,23.651574640000035],[120.64056701200002,23.664382851000084],[120.6443889840001,23.667608147000067],[120.64493102300003,23.671630624000045],[120.64692623100007,23.672708388000046],[120.64604160900001,23.677131065000083],[120.64826670800005,23.68279220700009],[120.64624050600003,23.68477779500006],[120.64659077400006,23.692807446000074],[120.643404465,23.699703533000047],[120.64566808400002,23.70320706800004],[120.64137076400004,23.705629285000043],[120.6389796950001,23.710577646000047],[120.641678039,23.722283420000053],[120.63970488000007,23.726216254000065],[120.64020788700009,23.730722379000042],[120.642063441,23.730644849000043],[120.64453545800006,23.736644297000055],[120.65583779400004,23.735121460000073],[120.65435523500003,23.741994522000084],[120.65569225700006,23.755023987000072],[120.648471535,23.773277376000067],[120.64036776900002,23.786050898000042],[120.62832073000004,23.790013806000047],[120.58695577100002,23.791914707000046],[120.57802125700005,23.795278968000048],[120.5512179750001,23.801131114000043],[120.53546381500007,23.80129722500004],[120.52781154000002,23.799061925000046],[120.50873263800008,23.80044972400009],[120.483160043,23.806571327000086],[120.45208221900009,23.817218515000036],[120.43310245100008,23.83015092100004],[120.42525006100004,23.830250919000036],[120.41842895600007,23.82701158900005],[120.41032834200007,23.826378769000087],[120.37031725000008,23.828561826000055],[120.35812939700008,23.82281559100005],[120.333137158,23.822288378000053],[120.31639448800001,23.820061242000065],[120.30655322400003,23.820711755000048]]]]}},{"type":"Feature","properties":{"COUNTYCODE":"10017","COUNTYNAME":"基隆市","COUNTYENG":"Keelung City"},"geometry":{"type":"MultiPolygon","coordinates":[[[[121.71015028600004,25.176042049000046],[121.70223953600009,25.173520370000062],[121.69894001700004,25.167219790000047],[121.6912860330001,25.166326944000048],[121.6872668100001,25.161565573000075],[121.68316868700003,25.160653324000066],[121.677578444,25.155733302000044],[121.671461894,25.155566732000068],[121.669111928,25.153350516000046],[121.66426324300005,25.15222613800006],[121.65827239400005,25.152233918000036],[121.65552862800007,25.149056703000042],[121.65144842500001,25.147965286000044],[121.64961475500002,25.14489487500009],[121.63980981500004,25.145846003000088],[121.63854904800007,25.144191231000036],[121.62918355800002,25.14172326700009],[121.626790787,25.139738756000042],[121.62791619000006,25.13586119100006],[121.63313114000005,25.13098992600004],[121.63829657000008,25.130746178000038],[121.64317067700006,25.127684612000053],[121.64623557800007,25.121056185000043],[121.64622924900004,25.113628082000048],[121.65023042100006,25.10955445400009],[121.65221614900008,25.104741570000044],[121.6489168390001,25.10186144100004],[121.65071008000007,25.098451985000054],[121.65551181300009,25.09551794300006],[121.65569287300002,25.09345284400007],[121.65832739000007,25.09161098000004],[121.67402130400001,25.082922576000044],[121.68120198700001,25.08802323200007],[121.68163202100004,25.08472201300009],[121.6798526660001,25.084171144000038],[121.6790903530001,25.078784064000047],[121.68841203900001,25.07174126800004],[121.69652706600004,25.070096445000047],[121.69951366300006,25.067390059000047],[121.70425857300006,25.067932085000052],[121.70660592900003,25.06655668700006],[121.71236064100003,25.06803684600004],[121.72234437000009,25.05867818300004],[121.72594108800001,25.058317721000037],[121.73209747400006,25.052712412000062],[121.73748971600003,25.05476648000007],[121.7397874940001,25.053061142000047],[121.745904526,25.052997453000046],[121.75114416200006,25.05726077500009],[121.75687195600005,25.05934083200009],[121.7640248460001,25.057444659000055],[121.76734080300002,25.06182715600005],[121.77171945000009,25.063208779000036],[121.77569485900005,25.07000010900009],[121.76941306600008,25.077906116000065],[121.76124256900005,25.078869522000048],[121.7591208980001,25.084478926000088],[121.759812323,25.090242729000067],[121.7583524050001,25.094130205000056],[121.75988208700005,25.100618286000042],[121.75679406100005,25.101820287000066],[121.7580449400001,25.10368735500009],[121.75604915100007,25.108409475000087],[121.75395173300001,25.108715570000072],[121.75272978800001,25.10684789600009],[121.75002447700001,25.109726100000046],[121.7518912590001,25.111019829000043],[121.75713074700002,25.11012306400005],[121.75938173000009,25.11259012000005],[121.763276958,25.113445176000084],[121.7668990950001,25.112526151000054],[121.77351805700005,25.120276156000045],[121.78336644000001,25.116618180000046],[121.7859158660001,25.11819218900007],[121.79034646800005,25.112197269000035],[121.79775891500003,25.11431649800005],[121.79886712900009,25.119242729000064],[121.79419730900008,25.123352707000038],[121.79452693400003,25.126215610000088],[121.80316546300003,25.12222334800009],[121.80544371100007,25.130377629000066],[121.80251828500002,25.13433245400006],[121.8043031410001,25.137893509000037],[121.80243400900008,25.140644844000064],[121.80814616000009,25.147744059000047],[121.80702538000003,25.149139313000035],[121.79319118000001,25.146876293000048],[121.785057671,25.14955669200009],[121.7819702060001,25.152743765000082],[121.779850732,25.15320950000006],[121.77768561700009,25.151471118000075],[121.7745436350001,25.156266224000035],[121.77269092900008,25.15558958400004],[121.77681423900003,25.15890838100006],[121.78035371200008,25.158785454000054],[121.77288375400008,25.160887228000036],[121.77064163600005,25.160150694000038],[121.76337697200006,25.16408576000009],[121.7623118030001,25.163238593000074],[121.76362390200006,25.162557160000063],[121.7616408340001,25.162234487000035],[121.762132329,25.160310553000045],[121.75994803000003,25.16126010700009],[121.75615526400009,25.15952124200004],[121.75496552800007,25.162437873000044],[121.75298228400004,25.158515368000053],[121.74849330400002,25.15625282900004],[121.743980771,25.157490021000058],[121.74351361800007,25.156478702000072],[121.73850834400002,25.161011390000056],[121.7341632020001,25.15818431300005],[121.7350897230001,25.160170409000045],[121.73392723000006,25.16145792000009],[121.7246673200001,25.16578421400004],[121.71737486500001,25.165968985000063],[121.71696980900003,25.167320251000035],[121.70859675300005,25.165171187000055],[121.70724634300007,25.166031226000086],[121.71008250800003,25.17002320800009],[121.70846461400004,25.172683120000045],[121.71015028600004,25.176042049000046]]],[[[121.78454790800004,25.194938903000036],[121.781613709,25.190029073000062],[121.78890772900002,25.192070108000053],[121.78942575500002,25.195170923000035],[121.78454790800004,25.194938903000036]]],[[[121.94594907400005,25.42383134000005],[121.94633298600002,25.42357658900005],[121.94709260500008,25.424138953000067],[121.94594907400005,25.42383134000005]]],[[[122.10899757300001,25.484070682000038],[122.108399201,25.48409961100009],[122.10845018500004,25.484012645000064],[122.10899757300001,25.484070682000038]]],[[[122.1032573980001,25.486014690000047],[122.10517231200004,25.482015200000035],[122.10780379300002,25.48388193100004],[122.10694606700008,25.485193656000035],[122.10820656400006,25.486828823000053],[122.1032573980001,25.486014690000047]]],[[[122.10715194800002,25.487697929000035],[122.10716633700008,25.48786361000009],[122.106856311,25.487873424000043],[122.10715194800002,25.487697929000035]]],[[[122.07364973800009,25.63248808900005],[122.07201916500003,25.628543352000065],[122.07299359400008,25.626408595000044],[122.07920550600011,25.622975775000043],[122.08163863200002,25.623683723000056],[122.08097770500001,25.62540527300007],[122.08441202100005,25.627452749000042],[122.08505028600007,25.630346977000045],[122.0839473750001,25.63319376000004],[122.07364973800009,25.63248808900005]]]]}},{"type":"Feature","properties":{"COUNTYCODE":"63000","COUNTYNAME":"臺北市","COUNTYENG":"Taipei City"},"geometry":{"type":"Polygon","coordinates":[[[121.56483472600007,25.20101186100004],[121.56266706300005,25.209442308000064],[121.55916546100002,25.210138476000054],[121.55500147400005,25.208432733000052],[121.55173430500008,25.20355248000004],[121.55185380900002,25.19774901100004],[121.5481124260001,25.19799914500004],[121.54336555300006,25.19403501100004],[121.54281917800006,25.188954867000064],[121.541087576,25.187380380000036],[121.53580350700008,25.18667410100005],[121.53336600400007,25.183579312000063],[121.52599789800001,25.182978735000063],[121.52172942600009,25.17913267600005],[121.52255444700006,25.174682906000044],[121.51994006300004,25.169275515000038],[121.51352930200005,25.170996050000042],[121.51041528300004,25.169437962000075],[121.50256292300003,25.173255079000057],[121.49877863400002,25.165003696000042],[121.49235838300001,25.160374879000074],[121.48746122200009,25.151441083000066],[121.48285667000005,25.150223349000044],[121.46570633100009,25.13168856300007],[121.46481846100005,25.124258017000045],[121.458785465,25.122942614000067],[121.46092729300005,25.116198787000087],[121.45716144100004,25.10773576100007],[121.46609134700009,25.101725870000053],[121.48074347200009,25.100948110000047],[121.48873997100009,25.09714225600004],[121.49975902900007,25.08723724500004],[121.50580843,25.075522542000044],[121.5069247460001,25.06704437400009],[121.50538639400008,25.05934084000006],[121.50621942200007,25.053636080000047],[121.50466438800004,25.04979553900006],[121.49678110600007,25.043467787000054],[121.48881201300003,25.042570887000068],[121.483657526,25.03630126300004],[121.48879476800005,25.023349189000044],[121.488755223,25.01531908000004],[121.49265122700001,25.009528387000046],[121.4997195200001,25.011540868000054],[121.50911267700008,25.021343911000088],[121.51844315100004,25.01998761100009],[121.52595957900007,25.01164204400004],[121.532142948,25.008127682000065],[121.53389732800008,25.003393519000042],[121.53050603200006,24.998011679000058],[121.53169046800008,24.99050821900005],[121.53516759900003,24.99513575700007],[121.53704015700009,24.99235819200004],[121.53689500900009,24.98865469800006],[121.54416554800002,24.988210086000038],[121.54505332300005,24.98367038200007],[121.54902644200001,24.98376326600004],[121.55084066900008,24.987228799000036],[121.5523607560001,24.986966623000058],[121.55392721300007,24.98480012500005],[121.5536712810001,24.97742435300006],[121.56121060400005,24.964712184000064],[121.5725346160001,24.963982865000048],[121.5745487150001,24.96684562900009],[121.57841187500003,24.96661332900004],[121.58566579800004,24.963214201000085],[121.59116048300007,24.964608370000064],[121.59706856100001,24.960505845000057],[121.60123453200003,24.96088962600004],[121.61365824800009,24.96643919400009],[121.61963486800005,24.967160309000064],[121.62000888,24.96945177400005],[121.6142919880001,24.973539652000056],[121.605201867,24.974359753000044],[121.59950086100002,24.978148021000038],[121.60065574700002,24.980316851000055],[121.59985288200005,24.98639265500009],[121.60182251100002,24.98791072000006],[121.60196391800002,24.99028805200004],[121.59905334400003,24.991708034000055],[121.59813100000008,24.99449696700009],[121.60045825300006,25.001084995000042],[121.59590369800003,25.004507974000035],[121.59740380800008,25.014692291000074],[121.602616883,25.015084451000064],[121.6041176650001,25.019089922000035],[121.60820208900009,25.01944056800005],[121.60924934800005,25.020949477000045],[121.62327559900007,25.01726891600009],[121.62892740100006,25.019931771000074],[121.63235225800008,25.02563736600007],[121.63567904400009,25.023213741000063],[121.64297276700006,25.024561695000045],[121.64623837200008,25.02171903100009],[121.65380923600003,25.024423022000065],[121.66283188700004,25.022752342000047],[121.66493016300001,25.02469675800006],[121.66593430800003,25.029877893000048],[121.66079275700008,25.03044867600005],[121.6551386640001,25.027439153000046],[121.64670949000003,25.027995890000057],[121.63347005900005,25.035742473000084],[121.63020219600003,25.035081941000044],[121.62947254200003,25.03673106100007],[121.62492223200002,25.03772719500006],[121.61904908300005,25.04354273100006],[121.61633204200007,25.05063836100004],[121.62091861200008,25.053507797000066],[121.62051688600002,25.056651490000036],[121.6242554590001,25.05574358800004],[121.62076696700001,25.061359578000065],[121.61612304700009,25.06392234200007],[121.61682339100003,25.065877094000086],[121.61791640900003,25.065162067000074],[121.6176216880001,25.067604490000065],[121.6215016330001,25.069577546000062],[121.62061107,25.07322911400007],[121.62492985900008,25.077996673000087],[121.62425347800001,25.08034706500007],[121.62796779500002,25.083253485000057],[121.62820633000001,25.088063945000044],[121.62505499100007,25.093669784000042],[121.62621401900003,25.096093839000048],[121.62202640300006,25.097408860000087],[121.61545599400006,25.103843079000058],[121.599590745,25.10843397800005],[121.59650083000008,25.111281148000046],[121.595572274,25.11409525600004],[121.60075799900005,25.12184979500006],[121.60171048200004,25.126028184000063],[121.60442542200008,25.125923301000057],[121.60782362300006,25.130204823000042],[121.60458269100002,25.130855658000087],[121.6056837860001,25.13674465300005],[121.60406654200006,25.13617823800007],[121.59838242400008,25.14030875900005],[121.59357287400007,25.15030194400009],[121.58938184700003,25.152388830000064],[121.59183202300005,25.155887927000038],[121.58986112600007,25.16371828800004],[121.58791935300007,25.16297548700004],[121.5832106680001,25.165815422000037],[121.57884864100004,25.165612985000053],[121.57706014500002,25.16700606200004],[121.57737580600008,25.170157396000036],[121.58349533100011,25.176841197000044],[121.580860067,25.18179648800009],[121.58398894300001,25.18879330100009],[121.58269602500002,25.193096865000086],[121.58375637900008,25.194596688000047],[121.57290413400005,25.19498512800004],[121.56483472600007,25.20101186100004]]]}},{"type":"Feature","properties":{"COUNTYCODE":"65000","COUNTYNAME":"新北市","COUNTYENG":"New Taipei City"},"geometry":{"type":"Polygon","coordinates":[[[121.53751824100004,25.300031665000063],[121.53375682000001,25.297066199000085],[121.53449613600003,25.29110902800005],[121.5285082910001,25.287056733000043],[121.52168782400008,25.28686772700007],[121.51690173100008,25.284901725000054],[121.51401037400001,25.28667080400004],[121.51340389400002,25.28995057600008],[121.51070752600003,25.292002420000074],[121.50831439600006,25.289798242000074],[121.50898766700004,25.28292773000004],[121.48093814000003,25.270878654000057],[121.47156716000006,25.25599429600004],[121.46250457000008,25.252051691000077],[121.45267937000006,25.25281291600004],[121.44580833000009,25.242562716000066],[121.44536036700003,25.23797032100009],[121.43763276700008,25.218021073000045],[121.43086004400004,25.215889507000043],[121.42466360100002,25.20791983500004],[121.4182637560001,25.197419765000063],[121.41899804700006,25.191849258000047],[121.41420769600006,25.190116398000043],[121.40484877800009,25.18983647300007],[121.40429344000006,25.183096704000036],[121.41635810600008,25.18065899000004],[121.4188402100001,25.177411202000087],[121.40893116000007,25.16497529600008],[121.405507102,25.167996748000064],[121.40886374600007,25.16490165400006],[121.40256586200007,25.15883470600005],[121.3915639060001,25.167982923000068],[121.38781806200006,25.151924136000048],[121.38976095300006,25.14774083000009],[121.3794659890001,25.14300384200004],[121.37198798200006,25.141985679000072],[121.36911113500003,25.139591754000037],[121.365259347,25.14017021300009],[121.3639828690001,25.13717996300005],[121.35992956500002,25.134749441000054],[121.3450257720001,25.12842517100006],[121.32013265500007,25.123421401000087],[121.31022174000009,25.12374735500009],[121.3096401030001,25.12585917100006],[121.30493686300008,25.126110848000053],[121.304143931,25.124161540000046],[121.30062433900002,25.125214704000086],[121.29876418600008,25.12419795800008],[121.2967051500001,25.12617096300005],[121.29683902900001,25.12264577800005],[121.29259067300006,25.119100606000075],[121.28337958500003,25.117811482000036],[121.28274398100007,25.10963571700006],[121.28713769400008,25.10681888000005],[121.2902386500001,25.106861838000043],[121.29161251400001,25.10264094300004],[121.29829778200008,25.10449465700009],[121.30121555100004,25.10167636600005],[121.30277775700006,25.096792893000043],[121.3105088640001,25.09654772300007],[121.31823148000001,25.093010667000044],[121.32501466300005,25.09255126100004],[121.33828961100005,25.083744765000063],[121.34358990400005,25.08421802400005],[121.34948835300008,25.08225016500006],[121.34941984500006,25.080750874000046],[121.34246318700002,25.080095364000044],[121.3479744660001,25.078800553000065],[121.34523817800005,25.078546578000044],[121.3463466500001,25.076786508000055],[121.34421261600005,25.077845594000053],[121.3444667440001,25.076061865000042],[121.346223914,25.075643717000048],[121.34459814000002,25.075032384000053],[121.3404517240001,25.076359488000037],[121.34052139200003,25.07408195900007],[121.3425955030001,25.073499842000047],[121.34184607000009,25.07267332500004],[121.3480269690001,25.07382184700009],[121.3499137550001,25.076631614000064],[121.34988941300003,25.07354048400009],[121.35175342500008,25.074461134000046],[121.35345298700008,25.07329485400004],[121.34644230800006,25.07030209600009],[121.35212888400008,25.067926174000036],[121.35376583900006,25.068585794000057],[121.35487981100005,25.06515035600006],[121.37667434000002,25.06609400800005],[121.38289970200003,25.062935764000088],[121.38830100900009,25.063065693000055],[121.3881659440001,25.061557248000042],[121.390916576,25.060810012000047],[121.38767582800006,25.059720220000088],[121.38972894400001,25.059058291000042],[121.3885810700001,25.056850714000063],[121.38558958300007,25.058113355000046],[121.387443125,25.054983923000066],[121.38443166900004,25.05256382500005],[121.38986151400002,25.05284071400007],[121.3926134730001,25.055069312000057],[121.39103207800008,25.053584872000044],[121.400695971,25.051388029000066],[121.39974710600006,25.04936542900009],[121.3975805340001,25.05053299900004],[121.3985213520001,25.048474716000044],[121.39441107800008,25.05042872300004],[121.3939150120001,25.049195463000046],[121.39440545000002,25.04750352600007],[121.39942110300001,25.04781693600006],[121.39769271,25.04629040000009],[121.39993317100004,25.04491952300009],[121.403058472,25.045663387000047],[121.39824975800002,25.044005482000046],[121.40068124600009,25.043239493000044],[121.39386352000008,25.04378183700004],[121.39067394800009,25.04185520900006],[121.39354512400007,25.04199927800005],[121.39437016000011,25.040090535000047],[121.40106553200008,25.037730258000067],[121.3995849690001,25.03587781500005],[121.40119873000003,25.03445392800006],[121.39856581400011,25.03475622600007],[121.39826189500002,25.030098432000045],[121.41211830700001,25.01884701700004],[121.4016224830001,25.015774647000057],[121.392646163,25.01558245800004],[121.3911521980001,25.012098682000044],[121.3995100410001,25.006972687000086],[121.4030287280001,24.99905173600007],[121.39683458900004,24.997303834000036],[121.39401574200008,24.99342606400006],[121.39048783100009,24.993318006000038],[121.38802808000003,24.996398200000044],[121.38417675000005,24.995716902000083],[121.38340336600004,24.98860916700005],[121.38545203300009,24.986046828000042],[121.37239597200005,24.97994190500009],[121.36935471900006,24.976901523000038],[121.3638977280001,24.979589495000084],[121.36121554900001,24.97781008600009],[121.35408840500008,24.977801769000052],[121.35234141900003,24.980851150000035],[121.34713941300004,24.97884527800005],[121.34267448500009,24.982319638000035],[121.34102177,24.98024397200004],[121.32748655,24.978494353000087],[121.32860111600007,24.976267636000046],[121.32367091600008,24.972821638000084],[121.324032655,24.97111151900009],[121.32804364700007,24.972875231000046],[121.32852782000009,24.97193624600004],[121.32858608600009,24.968471761000046],[121.32692633800002,24.966591573000073],[121.32884412300007,24.96788631900006],[121.32979771300006,24.96689514800005],[121.32804265900006,24.965454050000062],[121.32914581400007,24.96057843600005],[121.32798734300002,24.949189791000038],[121.3316210270001,24.945643845000063],[121.31577351200008,24.93847510100005],[121.32321214700005,24.931281484000067],[121.32205039400003,24.928042675000086],[121.3332416830001,24.929830534000075],[121.33979546400008,24.928502481000066],[121.33517266700005,24.92492208400006],[121.32474701400008,24.92343562800005],[121.31757753000011,24.91636156600009],[121.32357897400004,24.90991128400009],[121.3261984510001,24.909183127000063],[121.32620687000008,24.907195597000054],[121.32031402400003,24.900198441000043],[121.3271584900001,24.895903590000046],[121.331782535,24.89981449000004],[121.33323827800007,24.89943596200004],[121.3320682430001,24.89351538200009],[121.33364767,24.891538068000045],[121.33854339700008,24.893365225000082],[121.34211798900003,24.89259299200006],[121.34113264500002,24.88799544400007],[121.34472470800006,24.885766156000045],[121.34566252600007,24.87998803700009],[121.35345751400007,24.876519467000037],[121.3544407600001,24.873468311000067],[121.35310993600001,24.871104355000057],[121.34504044900007,24.866941662000045],[121.34834651100005,24.860732579000057],[121.35342424200007,24.85865420400006],[121.35806593000007,24.85328577200005],[121.35478647000002,24.853354401000047],[121.35333720900007,24.85059194300004],[121.35185590900005,24.850607274000083],[121.35272727300003,24.849120499000037],[121.34985071200003,24.84965038100006],[121.34871497900008,24.84835480600009],[121.34785560900002,24.85094728100006],[121.3372646140001,24.84841165100005],[121.33613316000003,24.843801935000045],[121.34000080600003,24.84338936100005],[121.34673719300008,24.84588905000004],[121.35481539200009,24.843974293000088],[121.36005124200005,24.838178583000058],[121.37011484900006,24.836226400000044],[121.37361080000005,24.833283030000075],[121.383338987,24.83698707800005],[121.38503327000001,24.84081027800005],[121.3880715250001,24.84241197600005],[121.39703489800002,24.84379813000004],[121.39798076900001,24.841780379000056],[121.39989495300006,24.84156289400005],[121.40283679100003,24.843552360000047],[121.4155973930001,24.835599802000047],[121.41384184500009,24.831961638000053],[121.41690970500008,24.825574207000045],[121.4236376880001,24.825434390000055],[121.4252810380001,24.820111506000046],[121.42956222500004,24.815278446000036],[121.43655829000011,24.81205501700009],[121.43759309000006,24.796381453000038],[121.44570034800006,24.79013447600005],[121.45037737000007,24.790918871000088],[121.44883490000007,24.788245628000084],[121.44959747300004,24.786190359000045],[121.44595680500004,24.781723311000064],[121.4405672260001,24.779141251000055],[121.43691298100009,24.773721498000043],[121.4314236030001,24.77193929000009],[121.42622454600007,24.767827439000087],[121.423296155,24.762018091000073],[121.42583042600006,24.760588882000036],[121.42555876800009,24.758399888000042],[121.42847925700005,24.75345551500004],[121.42867684800001,24.748066178000045],[121.43534341200007,24.733311938000043],[121.43419778200007,24.73013158200007],[121.44095427600007,24.726084109000055],[121.44488888300009,24.715153460000067],[121.4487837480001,24.71219069700004],[121.45021676400006,24.705676537000045],[121.46254218800004,24.701638295000066],[121.46948838000003,24.696151962000044],[121.47422759100004,24.69610355000009],[121.47478547900005,24.693479138000043],[121.47303239300004,24.68980368700005],[121.47393738400001,24.685334712000042],[121.475951571,24.679271223000057],[121.47998818300005,24.673850633000086],[121.48790796000003,24.67519362200005],[121.49300101300003,24.673245050000048],[121.51173390200006,24.684355435000043],[121.52378717900001,24.683297073000062],[121.52694541200003,24.68525667700004],[121.52787227500005,24.68897092700007],[121.52948997800002,24.687575337000055],[121.53655435300004,24.688329770000053],[121.53888427800007,24.694778114000087],[121.53785618500001,24.699846514000058],[121.54319855000006,24.70564603400004],[121.55061342500005,24.70574434300005],[121.55636794300005,24.711224148000042],[121.56253438600004,24.712841740000044],[121.5677707860001,24.711565706000044],[121.57036703300003,24.713973791000058],[121.57215215800011,24.71058519400009],[121.57480542000008,24.710113015000047],[121.5772739890001,24.71487636200004],[121.57829780600002,24.722362218000058],[121.5873702350001,24.72019287200004],[121.59754031900002,24.72767728900004],[121.59783038,24.729283034000048],[121.59376245500005,24.729540281000084],[121.59529827000006,24.739634626000054],[121.59165982100001,24.74491874200004],[121.59612459700008,24.748304718000043],[121.5903195410001,24.751247210000088],[121.58896571000002,24.75515486100005],[121.59077013000001,24.76134716200005],[121.59626996500003,24.76694181000005],[121.59557995300008,24.769303344000036],[121.59757744400008,24.772171755000045],[121.59207576200004,24.787736498000072],[121.60563535200004,24.789128677000065],[121.60962843800007,24.793768254000042],[121.62095279500011,24.792505823000056],[121.6254631170001,24.795062836000056],[121.62581913000008,24.808782749000045],[121.628656105,24.807962717000066],[121.63879457500002,24.81072805100007],[121.64502830600009,24.80929205600006],[121.6473658330001,24.813954540000054],[121.65310623200003,24.811268668000082],[121.6606819110001,24.810831432000043],[121.669041333,24.818012039000052],[121.67427495700008,24.814129948000073],[121.67714803500007,24.814094586000067],[121.68123230800006,24.817618848000052],[121.68830049500002,24.816127855000047],[121.69010983700002,24.821495498000047],[121.68763522100005,24.82490782900004],[121.69615791500007,24.82989722900004],[121.6963955550001,24.834622693000085],[121.69915588600009,24.83557964700009],[121.70185739700003,24.834403586000064],[121.70890529000008,24.84054751700006],[121.71425892900004,24.84178616400004],[121.7155823280001,24.844353414000068],[121.71972706000008,24.845592072000045],[121.72191297000006,24.849852732000045],[121.73041461600008,24.85524793400009],[121.736588052,24.85569927100005],[121.74198160200001,24.852462235000075],[121.74577494100004,24.852856445000043],[121.74796137500005,24.854953135000073],[121.76097691200005,24.856704022000088],[121.76155570200001,24.860155200000065],[121.7627809920001,24.861258331000045],[121.76437104500008,24.85989260300005],[121.76848007400008,24.865786497000045],[121.77547527700006,24.865127568000048],[121.77732246100004,24.870766055000047],[121.78520465700001,24.874192969000035],[121.78223255600005,24.879187485000045],[121.78167654900005,24.889468983000086],[121.78557486800003,24.89058634400004],[121.78578478300005,24.892497163000087],[121.79000196200002,24.893457356000056],[121.792929641,24.896160277000035],[121.79198672900009,24.899871879000045],[121.79517585500002,24.899755735000042],[121.79715565600009,24.901623396000048],[121.80461500500007,24.901192558000048],[121.81046773900005,24.90363467900005],[121.81162697100001,24.906521688000055],[121.8183722340001,24.90271313900007],[121.8255064540001,24.905265413000052],[121.83181205900007,24.90491079700007],[121.8359497240001,24.90795987100006],[121.84558951700001,24.91937176600004],[121.85392971100009,24.925644653000063],[121.8538593500001,24.927881787000047],[121.84913680900002,24.93033082100004],[121.84672807300001,24.93771763700005],[121.84243482500005,24.93936311100009],[121.83903959200006,24.944639007000035],[121.84174712400011,24.951127906000067],[121.8414035620001,24.954266920000066],[121.84685439500004,24.960269784000047],[121.850354939,24.96118096300006],[121.85255780300008,24.959608529000036],[121.86090313800003,24.96365794700006],[121.87154321900005,24.96072268200004],[121.8825207540001,24.96417324500004],[121.88855690600008,24.963179145000083],[121.88956597700007,24.96476460200006],[121.89719521100005,24.96707116600004],[121.9028195090001,24.97438298700007],[121.90541578600005,24.97342119800004],[121.90825604100007,24.97586700000005],[121.91031861800002,24.97477744400004],[121.91095578300008,24.976934664000055],[121.91486041900009,24.97935217400004],[121.92273525500002,24.978603929000087],[121.93349146600008,24.980900313000063],[121.9344462570001,24.983147428000052],[121.94041208100009,24.984448419000046],[121.944632576,24.988181515000065],[121.94788921100007,24.98666587100007],[121.95037683700002,24.988326998000048],[121.95808002800004,24.987292041000046],[121.96106692300009,24.98829610000007],[121.96678784900007,24.982458990000055],[121.96771343400007,24.984820201000048],[121.97473885700003,24.98529514100005],[121.97753526100007,24.99007086800009],[121.98387615200011,24.990558341000053],[121.98929109100004,24.99375057000009],[121.99667307000004,25.000764165000078],[122.00515316600001,25.00155062200008],[122.00749234200009,25.01173801400006],[122.00649499500003,25.01103162600009],[122.0050751010001,25.013381284000047],[122.006330402,25.015389630000072],[122.00181094200002,25.01480881000009],[121.99776009700008,25.020760779000057],[121.99117496200006,25.012957136000068],[121.99227791400006,25.016473914000073],[121.9901599210001,25.021063192000042],[121.9778813590001,25.026615984000046],[121.96758741400004,25.02398802500005],[121.95000178600003,25.022387780000088],[121.94995726500008,25.020462516000066],[121.94710155900009,25.021065270000065],[121.932049602,25.035858559000076],[121.92887169100004,25.043032074000052],[121.9303952790001,25.044152774000054],[121.92894528500005,25.04623863000006],[121.93156447400008,25.054111655000042],[121.93065101000002,25.05991076500004],[121.93170892500007,25.063124388000062],[121.92813897400003,25.06881982500005],[121.928447774,25.07086881400005],[121.919844377,25.07630200300008],[121.91553514400005,25.076643673000035],[121.91686574200003,25.081404845000066],[121.91440776700006,25.08548038100008],[121.91442598900005,25.089750807000087],[121.91736275000005,25.09425798700005],[121.91958616300008,25.09485447900005],[121.91944257600005,25.10224960700009],[121.92192417700005,25.104062291000048],[121.92414887000007,25.103675924000072],[121.92321655700005,25.105315302000065],[121.92654415000004,25.108148734000054],[121.92319043200007,25.113285722000057],[121.92116872000008,25.11414770300007],[121.91859772500004,25.11251568700004],[121.91602900400005,25.11386096600006],[121.91693903100008,25.116179814000077],[121.92080769200004,25.117462240000066],[121.921199247,25.121320041000047],[121.9267823240001,25.128845286000058],[121.92401219400006,25.13012000100008],[121.91646908400003,25.12726607700006],[121.91474695400007,25.124243698000043],[121.90452131200004,25.124323960000083],[121.901747301,25.12130196800007],[121.89706507200003,25.119697622000047],[121.8959691980001,25.121010218000038],[121.88981230900004,25.11986569000004],[121.88970316900009,25.121723101000043],[121.88727508700003,25.12249840700008],[121.88801699500004,25.12324869200006],[121.87931614900003,25.12308218900006],[121.87598383700004,25.125564980000036],[121.87251017200003,25.125386006000042],[121.871502652,25.123803363000036],[121.8698700540001,25.12537508300005],[121.8685033910001,25.123145264000073],[121.86503422600003,25.123147540000048],[121.862623633,25.124304778000067],[121.86247601900004,25.12633245300009],[121.8606311640001,25.12458481400006],[121.85607565200007,25.12481438000009],[121.84185213400008,25.128859248000083],[121.83408548800003,25.128428029000077],[121.83374315900005,25.12701160200004],[121.828805031,25.127654162000056],[121.82956318100003,25.12437706500009],[121.82800127300004,25.122738220000087],[121.827720054,25.12522118600009],[121.82638328100006,25.124172350000038],[121.8279663730001,25.12219779700007],[121.82252933400002,25.12144316800004],[121.81974576000005,25.12443684200008],[121.8194135,25.12863694400005],[121.82193061100008,25.132592226000043],[121.82411710100007,25.13197958300009],[121.82338721400004,25.132765703000075],[121.82660296100005,25.135993073000066],[121.8104172510001,25.133102545000042],[121.80350023300002,25.136205759000063],[121.80251828500002,25.13433245400006],[121.80532498500008,25.131207906000043],[121.80376803600006,25.127449545000047],[121.805011111,25.12533706000005],[121.80236083900002,25.121769371000084],[121.79460740600007,25.12639729600005],[121.79419730900008,25.123352707000038],[121.79887285400002,25.11909004800009],[121.79775891500003,25.11431649800005],[121.79476595200003,25.112619017000043],[121.79014729300002,25.112265696000065],[121.7859158660001,25.11819218900007],[121.78336644000001,25.116618180000046],[121.77351805700005,25.120276156000045],[121.7668990950001,25.112526151000054],[121.763276958,25.113445176000084],[121.75938173000009,25.11259012000005],[121.75713074700002,25.11012306400005],[121.7518912590001,25.111019829000043],[121.75002447700001,25.109726100000046],[121.75272978800001,25.10684789600009],[121.75395173300001,25.108715570000072],[121.75604915100007,25.108409475000087],[121.7580449400001,25.10368735500009],[121.75679406100005,25.101820287000066],[121.75988208700005,25.100618286000042],[121.7583524050001,25.094130205000056],[121.759812323,25.090242729000067],[121.7591208980001,25.084478926000088],[121.76124256900005,25.078869522000048],[121.76941306600008,25.077906116000065],[121.77569485900005,25.07000010900009],[121.77171945000009,25.063208779000036],[121.76734080300002,25.06182715600005],[121.7640248460001,25.057444659000055],[121.75687195600005,25.05934083200009],[121.75114416200006,25.05726077500009],[121.745904526,25.052997453000046],[121.7397874940001,25.053061142000047],[121.73748971600003,25.05476648000007],[121.73209747400006,25.052712412000062],[121.72594108800001,25.058317721000037],[121.72234437000009,25.05867818300004],[121.71236064100003,25.06803684600004],[121.70660592900003,25.06655668700006],[121.70425857300006,25.067932085000052],[121.69951366300006,25.067390059000047],[121.69652706600004,25.070096445000047],[121.68841203900001,25.07174126800004],[121.6790903530001,25.078784064000047],[121.6798526660001,25.084171144000038],[121.68163202100004,25.08472201300009],[121.68120198700001,25.08802323200007],[121.67402130400001,25.082922576000044],[121.65832739000007,25.09161098000004],[121.65569287300002,25.09345284400007],[121.65551181300009,25.09551794300006],[121.65071008000007,25.098451985000054],[121.6489168390001,25.10186144100004],[121.65221614900008,25.104741570000044],[121.65023042100006,25.10955445400009],[121.64622924900004,25.113628082000048],[121.64623557800007,25.121056185000043],[121.64317067700006,25.127684612000053],[121.63829657000008,25.130746178000038],[121.63313114000005,25.13098992600004],[121.62837685,25.135013488000084],[121.626790787,25.139738756000042],[121.63980981500004,25.145846003000088],[121.64961475500002,25.14489487500009],[121.65144842500001,25.147965286000044],[121.65552862800007,25.149056703000042],[121.65827239400005,25.152233918000036],[121.66426324300005,25.15222613800006],[121.669111928,25.153350516000046],[121.671461894,25.155566732000068],[121.677578444,25.155733302000044],[121.68316868700003,25.160653324000066],[121.6872668100001,25.161565573000075],[121.6912860330001,25.166326944000048],[121.69894001700004,25.167219790000047],[121.70223953600009,25.173520370000062],[121.70882767700004,25.175444380000044],[121.70964945700007,25.176565305000054],[121.70461340600002,25.17684090700004],[121.70272287600005,25.180587375000073],[121.69668055300008,25.182788109000057],[121.6972339030001,25.18145793900004],[121.69266057100003,25.18013456300008],[121.68570783200005,25.19009826300004],[121.685927451,25.192397692000043],[121.69468816400001,25.200422941000056],[121.69401296000001,25.20177391200008],[121.69599608500005,25.203920138000058],[121.6927183040001,25.20330900600004],[121.69276463300002,25.20668191100009],[121.70237267200002,25.217144076000068],[121.6965118390001,25.21466745400005],[121.692662789,25.208159728000055],[121.68847811300009,25.208322027000065],[121.68889166200006,25.205233327000087],[121.687316313,25.205079668000053],[121.68725184300001,25.207837365000046],[121.68598926100003,25.208192239000084],[121.67929280300007,25.20281919300004],[121.67807748200005,25.20595074000005],[121.67407909500002,25.204211095000062],[121.67531075000011,25.20318827600005],[121.67443471800004,25.202361704000054],[121.67344522000008,25.203648297000086],[121.67269797300003,25.202125369000044],[121.670052747,25.20296828100004],[121.66504265900005,25.20659978200007],[121.666099132,25.20798329300004],[121.66427230600004,25.207038904000058],[121.66429248300005,25.209238965000054],[121.66222376100006,25.20774417800004],[121.66372599100009,25.209676330000036],[121.66191116900006,25.20809147600005],[121.660829035,25.208182132000047],[121.66213140100001,25.20846624300009],[121.65345728800003,25.216282597000088],[121.65000861700003,25.223001568000086],[121.65373624300003,25.22916091500008],[121.65133951600001,25.23051109700009],[121.65214996200007,25.233273464000035],[121.64692856300007,25.233030615000075],[121.64868104600009,25.23010933100005],[121.64593858600006,25.23012230100005],[121.64638858900003,25.23148434300009],[121.643424396,25.23064025900004],[121.63502834400003,25.238139812000043],[121.63387923100004,25.240634354000065],[121.63587789300004,25.250094071000035],[121.63412307200008,25.260037172000068],[121.62973452200004,25.26678849800004],[121.6178513970001,25.278142622000075],[121.6079257240001,25.28145727800006],[121.60394231600003,25.28648925400006],[121.597602843,25.289953221000076],[121.59803277200001,25.29143447100006],[121.588682414,25.292626519000066],[121.577544418,25.29895349600008],[121.56930335000004,25.29845712000008],[121.566072996,25.295949505000067],[121.56566288600004,25.293263944000046],[121.56030283200005,25.29198112000006],[121.55354605000002,25.293035641000074],[121.55038568700002,25.291633088000083],[121.54120888300008,25.294589430000087],[121.5407131930001,25.297849368000072],[121.53751824100004,25.300031665000063]],[[121.55215349900004,25.198247106000053],[121.55173430500008,25.20355248000004],[121.55500147400005,25.208432733000052],[121.559741583,25.21017520500004],[121.56271568300008,25.209359346000042],[121.56483472600007,25.20101186100004],[121.57021535800004,25.19807889200007],[121.57174220000002,25.19538762600007],[121.58375637900008,25.194596688000047],[121.58269602500002,25.193096865000086],[121.58398894300001,25.18879330100009],[121.580860067,25.18179648800009],[121.58349533100011,25.176841197000044],[121.57737580600008,25.170157396000036],[121.57706014500002,25.16700606200004],[121.57884864100004,25.165612985000053],[121.5832106680001,25.165815422000037],[121.58791935300007,25.16297548700004],[121.58986112600007,25.16371828800004],[121.59183202300005,25.155887927000038],[121.58938184700003,25.152388830000064],[121.59357287400007,25.15030194400009],[121.59838242400008,25.14030875900005],[121.60406654200006,25.13617823800007],[121.6056837860001,25.13674465300005],[121.60458269100002,25.130855658000087],[121.60782926500008,25.13016818500006],[121.60442542200008,25.125923301000057],[121.60171048200004,25.126028184000063],[121.60075799900005,25.12184979500006],[121.5954815450001,25.113496663000035],[121.59837665700002,25.108912875000044],[121.61539826900002,25.103871079000044],[121.62215006400004,25.097320248000074],[121.62553256800004,25.09700710800007],[121.62505499100007,25.093669784000042],[121.628606494,25.08647423900004],[121.62765734000004,25.082557878000046],[121.62420697300001,25.08026149600005],[121.6247996620001,25.07777772700007],[121.62061107,25.07322911400007],[121.6215016330001,25.069577546000062],[121.6176216880001,25.067604490000065],[121.61791640900003,25.065162067000074],[121.61682339100003,25.065877094000086],[121.61612304700009,25.06392234200007],[121.62076696700001,25.061359578000065],[121.6242554590001,25.05574358800004],[121.62051688600002,25.056651490000036],[121.62091861200008,25.053507797000066],[121.61633204200007,25.05063836100004],[121.61904908300005,25.04354273100006],[121.62492223200002,25.03772719500006],[121.62947254200003,25.03673106100007],[121.63020219600003,25.035081941000044],[121.63347005900005,25.035742473000084],[121.64670949000003,25.027995890000057],[121.6551386640001,25.027439153000046],[121.66079275700008,25.03044867600005],[121.66593430800003,25.029877893000048],[121.66493016300001,25.02469675800006],[121.66283188700004,25.022752342000047],[121.65380923600003,25.024423022000065],[121.64623837200008,25.02171903100009],[121.64297276700006,25.024561695000045],[121.63567904400009,25.023213741000063],[121.63235225800008,25.02563736600007],[121.62892740100006,25.019931771000074],[121.62327559900007,25.01726891600009],[121.60924934800005,25.020949477000045],[121.60820208900009,25.01944056800005],[121.6041176650001,25.019089922000035],[121.602616883,25.015084451000064],[121.59740380800008,25.014692291000074],[121.59590369800003,25.004507974000035],[121.60045825300006,25.001084995000042],[121.59813100000008,24.99449696700009],[121.59905334400003,24.991708034000055],[121.60196391800002,24.99028805200004],[121.60182251100002,24.98791072000006],[121.59985288200005,24.98639265500009],[121.60065574700002,24.980316851000055],[121.59950086100002,24.978148021000038],[121.605201867,24.974359753000044],[121.6142919880001,24.973539652000056],[121.62000888,24.96945177400005],[121.61963486800005,24.967160309000064],[121.61365824800009,24.96643919400009],[121.60123453200003,24.96088962600004],[121.59706856100001,24.960505845000057],[121.59116048300007,24.964608370000064],[121.58566579800004,24.963214201000085],[121.57841187500003,24.96661332900004],[121.5745487150001,24.96684562900009],[121.5725346160001,24.963982865000048],[121.56121060400005,24.964712184000064],[121.5536712810001,24.97742435300006],[121.55392721300007,24.98480012500005],[121.5523607560001,24.986966623000058],[121.55084066900008,24.987228799000036],[121.54902644200001,24.98376326600004],[121.54505332300005,24.98367038200007],[121.54416554800002,24.988210086000038],[121.53689500900009,24.98865469800006],[121.53704015700009,24.99235819200004],[121.53516759900003,24.99513575700007],[121.53169046800008,24.99050821900005],[121.53050603200006,24.998011679000058],[121.53389732800008,25.003393519000042],[121.532142948,25.008127682000065],[121.52595957900007,25.01164204400004],[121.51844315100004,25.01998761100009],[121.50911267700008,25.021343911000088],[121.4997195200001,25.011540868000054],[121.49265122700001,25.009528387000046],[121.488755223,25.01531908000004],[121.48879476800005,25.023349189000044],[121.483657526,25.03630126300004],[121.48881201300003,25.042570887000068],[121.49678110600007,25.043467787000054],[121.50466438800004,25.04979553900006],[121.50621942200007,25.053636080000047],[121.50538639400008,25.05934084000006],[121.5069247460001,25.06704437400009],[121.50580843,25.075522542000044],[121.49975902900007,25.08723724500004],[121.48873997100009,25.09714225600004],[121.48074347200009,25.100948110000047],[121.46609134700009,25.101725870000053],[121.457182569,25.10763245000004],[121.46092729300005,25.116198787000087],[121.458785465,25.122942614000067],[121.46481846100005,25.124258017000045],[121.46570633100009,25.13168856300007],[121.48285667000005,25.150223349000044],[121.48746122200009,25.151441083000066],[121.49235838300001,25.160374879000074],[121.49877863400002,25.165003696000042],[121.50256292300003,25.173255079000057],[121.51041528300004,25.169437962000075],[121.51352930200005,25.170996050000042],[121.51994006300004,25.169275515000038],[121.52255444700006,25.174682906000044],[121.52172942600009,25.17913267600005],[121.52547367500006,25.182586078000043],[121.53336600400007,25.183579312000063],[121.53580350700008,25.18667410100005],[121.5408533420001,25.18722815800004],[121.54281917800006,25.188954867000064],[121.5446899000001,25.195562479000046],[121.54861909400006,25.19818992200004],[121.55069607200005,25.19711327500005],[121.55215349900004,25.198247106000053]]]}},{"type":"Feature","properties":{"COUNTYCODE":"66000","COUNTYNAME":"臺中市","COUNTYENG":"Taichung City"},"geometry":{"type":"Polygon","coordinates":[[[121.328342271,24.433038475000046],[121.32166804300005,24.44036915500004],[121.31765886400001,24.44148940900004],[121.31344288700006,24.43706571200005],[121.30557059600005,24.432602976000055],[121.29674768900009,24.433027881000044],[121.29274864700005,24.430921433000037],[121.27152102600007,24.429747716000065],[121.26989537000009,24.427375744000074],[121.25979986800007,24.429377268000053],[121.25892816100009,24.43803612100004],[121.25780820400007,24.42518950500005],[121.24999193200006,24.42490691000006],[121.2436342530001,24.419627624000043],[121.2419822390001,24.414094730000045],[121.24356333600008,24.405717715000037],[121.23465556000008,24.39733714600004],[121.23497115200007,24.391923401000042],[121.23164986800009,24.387706913000045],[121.23185565000006,24.383858300000043],[121.21845204400006,24.38126167000007],[121.21587007200003,24.379454768000073],[121.21349743400003,24.381852252000044],[121.21124374100009,24.388392142000043],[121.21028673800004,24.396121212000082],[121.20719200200006,24.39790546800009],[121.19718140000009,24.396588244000043],[121.196710059,24.39151936400009],[121.19023049400005,24.381621495000047],[121.18329208700004,24.381011382000054],[121.17341846700003,24.373343929000043],[121.1741721620001,24.368919856000048],[121.16900000200008,24.36431333900009],[121.16836389900004,24.360911540000075],[121.15940940300004,24.360796850000042],[121.14840276900009,24.35787984700005],[121.14095482800008,24.359643255000037],[121.136437656,24.353132006000067],[121.13122209100004,24.349357205000047],[121.12843490700004,24.342171256000086],[121.12412102300004,24.340553921000037],[121.12157446200001,24.33067875200004],[121.11486829400008,24.32863702500009],[121.10847144000002,24.330953428000043],[121.10225115200001,24.324583594000046],[121.09570755100003,24.322567482000068],[121.0919206000001,24.318629574000056],[121.08643836200008,24.317679137000084],[121.08146832500006,24.324135927000043],[121.07307080500004,24.322823222000068],[121.07385009200004,24.319194597000035],[121.0702080100001,24.31575918100009],[121.06479743400007,24.31543727600007],[121.055348987,24.31040027100005],[121.05255784300005,24.304240893000042],[121.05223893200002,24.29932647000004],[121.04930011500005,24.29604775100006],[121.04518702500002,24.295325283000068],[121.03412887600007,24.29781668600009],[121.02936170500004,24.304707411000038],[121.0180138180001,24.311295631000064],[121.01449036600002,24.32011404700006],[121.00414666500001,24.332300300000043],[121.00047608700004,24.33266223600009],[120.997558443,24.33014220800004],[120.9917733420001,24.329620885000054],[120.985580927,24.33166110800005],[120.98197955800003,24.335904621000054],[120.97961618300008,24.334419799000045],[120.96648317000006,24.33346102300004],[120.96015558500005,24.33505563600005],[120.95678112200005,24.339299320000066],[120.94245380300003,24.33913734500004],[120.93563893800001,24.342916956000067],[120.91660061800007,24.335129152000036],[120.9204982550001,24.320108812000058],[120.92016642800002,24.310627709000073],[120.92249415100002,24.303945592000048],[120.91190121800003,24.29406571900006],[120.902984049,24.29217919200005],[120.87611180100009,24.29500558700005],[120.85722488400006,24.28911093100004],[120.8498984900001,24.28851612400007],[120.83356052800002,24.29047470000006],[120.82526718600002,24.29682480300005],[120.81756607200009,24.30742237600009],[120.80652657900009,24.315682580000043],[120.78382134800006,24.31835458800009],[120.762996928,24.32601526800005],[120.73039939,24.351810700000044],[120.70729004600003,24.357867929000065],[120.70742034800003,24.361729039000068],[120.70340756100006,24.36180111400006],[120.693035151,24.36695141200005],[120.68993863900005,24.374339300000088],[120.6857421410001,24.378905022000083],[120.67727113300009,24.384159126000043],[120.6786420630001,24.387072448000083],[120.6701014030001,24.391958935000048],[120.66388744000005,24.402062456000067],[120.65799719300003,24.406720335000045],[120.64883229100008,24.40949441500004],[120.645963381,24.412295620000066],[120.64333709100003,24.41534512000004],[120.64319054100008,24.421709899000064],[120.64028168000004,24.424121681000088],[120.63965762800001,24.42776903300006],[120.632093553,24.43242469200004],[120.62859302800007,24.438038947000052],[120.62185385400005,24.440289395000036],[120.61928741000008,24.434894865000047],[120.61518188800005,24.432106519000058],[120.61465544100008,24.428743454000085],[120.610261992,24.425865281000085],[120.60756400800005,24.419528202000038],[120.60176746000002,24.414517912000065],[120.5988420440001,24.40784960600007],[120.58987056900003,24.399298571000088],[120.58670558600011,24.392321735000053],[120.57306171200003,24.377237972000046],[120.57020731600005,24.369168562000084],[120.566694901,24.365564618000064],[120.56900350700005,24.366669800000068],[120.56137322500001,24.359503027000073],[120.55920128500009,24.34979871900009],[120.55584266000005,24.347741562000067],[120.54578682200008,24.334875330000045],[120.539882519,24.335122652000052],[120.53231289400003,24.32050999900008],[120.5260134130001,24.31771802700007],[120.52175189100001,24.31213463100005],[120.51947942700008,24.312959317000036],[120.521671169,24.311858966000045],[120.51680749100001,24.29845783400009],[120.511123956,24.292732820000083],[120.50808370100003,24.29341578800006],[120.5108288990001,24.292227322000087],[120.50825645000009,24.28390661700007],[120.49903746400003,24.267859693000048],[120.49818812800004,24.263930987000037],[120.49310108300006,24.266143619000047],[120.48900290900008,24.256380556000067],[120.48620553400008,24.257318947000044],[120.49048394800002,24.25528225700009],[120.476322288,24.224333030000082],[120.472329296,24.22233084000004],[120.46881505700003,24.21446780800005],[120.46127980000006,24.216755569000043],[120.46077925600002,24.215603074000057],[120.4649077580001,24.21427804700005],[120.45655266000006,24.207186205000085],[120.5043808480001,24.19114616300004],[120.50810393900008,24.18716647900004],[120.52547153500007,24.149903504000065],[120.5235450990001,24.13967798500005],[120.53267671200001,24.126431190000062],[120.5409154780001,24.12366206900009],[120.545378153,24.116473618000043],[120.54968296100003,24.113882602000047],[120.57260746400004,24.10831773500007],[120.58351753700003,24.109549910000055],[120.58835661900002,24.106232324000075],[120.59995458600008,24.10518746300005],[120.60288948100003,24.102893952000045],[120.61248692100003,24.102568347000044],[120.61493718600002,24.08504332700005],[120.6186518930001,24.075094988000046],[120.6253411990001,24.068951180000056],[120.62568510200003,24.057028092000053],[120.62342443300008,24.052121044000046],[120.62810707400001,24.038352803000066],[120.62422300200001,24.033373527000037],[120.62515259300005,24.03018957800009],[120.63613992700004,24.031052828000043],[120.63753093300011,24.028531145000045],[120.64463692700008,24.02588061700004],[120.64625398800001,24.026903711000045],[120.6446064370001,24.033438070000045],[120.64639857500003,24.034026999000048],[120.65174746100001,24.028536493000047],[120.65578400200002,24.030665258000056],[120.67853131200002,24.014098189000038],[120.69184394900003,24.008178847000067],[120.70637790900003,24.005193340000062],[120.71923738400005,24.009660619000044],[120.7317273110001,24.009005078000087],[120.74364592400002,24.00217084700006],[120.746033753,23.998562823000043],[120.75103165100006,24.002827771000057],[120.75589246700008,24.003532386000074],[120.75797049800008,24.006096039000056],[120.770559284,24.009074918000067],[120.77125204800006,24.01420180200006],[120.77519834000009,24.01855301200004],[120.77969894500006,24.020190133000085],[120.7831222740001,24.024777483000037],[120.78464331000009,24.024079482000047],[120.78619985800003,24.029355975000044],[120.7894666090001,24.031228513000087],[120.79153669900006,24.03067443200007],[120.79291864000004,24.032482234000042],[120.7916909270001,24.03526271900006],[120.79735936700001,24.041098874000056],[120.79669759700005,24.04306177300009],[120.80065014400009,24.04864828700005],[120.80088118100002,24.05137737800004],[120.80341614300005,24.05236011900007],[120.80328859300005,24.05626260400004],[120.80798704000006,24.065371191000054],[120.8118626050001,24.066070252000088],[120.81445417300006,24.06989636700007],[120.8192431980001,24.068465836000087],[120.8292964630001,24.071509949000074],[120.82837120800002,24.093946464000055],[120.8324844010001,24.09874836700004],[120.8303141240001,24.102589928000043],[120.8345023490001,24.107614694000063],[120.83447306900007,24.11300714300006],[120.83627238500003,24.11695132500006],[120.84212067500005,24.120683892000045],[120.84484605500006,24.124528067000085],[120.8538673490001,24.124511005000045],[120.85860145700008,24.116209525000045],[120.86442827000008,24.115369227000087],[120.868863927,24.11760264700007],[120.87244779800005,24.11683745600004],[120.87914052100007,24.109304010000074],[120.88149625900007,24.100578754000082],[120.87908958100002,24.098252139000067],[120.87685772100008,24.091193262000047],[120.8780141100001,24.08502880000009],[120.88030847000005,24.08857514600004],[120.88200412900005,24.088325483000062],[120.88587120200009,24.095410051000044],[120.89132265,24.09779986700005],[120.8910898370001,24.102029953000056],[120.89425070700008,24.106848287000048],[120.8941720570001,24.110744734000036],[120.89024144900009,24.11354771400005],[120.891526612,24.11590858200009],[120.89616062000005,24.11645307000009],[120.90488475900008,24.114486669000087],[120.90956094500007,24.10923068200009],[120.91988031000005,24.10744156000004],[120.927143817,24.111725042000046],[120.93255206700007,24.112581404000082],[120.9483794460001,24.12493991100007],[120.95010718000003,24.127862452000045],[120.9612076730001,24.120152574000087],[120.97116163600003,24.12024227200004],[120.97568773800003,24.116868001000057],[120.98542576200009,24.120223000000067],[120.98908365600005,24.11876746100006],[120.99201795200008,24.121055142000046],[120.9920231970001,24.12525435300006],[120.99955241000009,24.12776214900009],[121.0003594740001,24.132284104000064],[121.0032485260001,24.133530888000053],[121.00680489400008,24.140944122000064],[121.00816736600007,24.14704021500006],[121.01224620900007,24.15332541500004],[121.01954120000005,24.15871484300004],[121.0248990120001,24.157967675000066],[121.02775771000006,24.15955584900007],[121.03121825100004,24.153526741000064],[121.03099796000004,24.14933648600004],[121.03333295900006,24.14858249200006],[121.03569421500004,24.150914061000037],[121.03804380100007,24.158176297000068],[121.04758384000002,24.16002448200004],[121.05265779700005,24.154795972000045],[121.05794759100002,24.159234618000085],[121.05939967000006,24.162780947000044],[121.06459729100004,24.163021121000043],[121.080956066,24.17542386300005],[121.08487598400006,24.175922997000043],[121.09134529200003,24.18272991500004],[121.09106317400006,24.184816092000062],[121.09440935700002,24.19014825100004],[121.10168894700007,24.195634736000045],[121.108415992,24.198011088000044],[121.12294791300008,24.196028115000047],[121.13635496000006,24.196338487000048],[121.14136179900004,24.199649630000067],[121.1432027410001,24.205853464000086],[121.14788601100008,24.21291232300007],[121.160981096,24.21518435300004],[121.16763987900003,24.225391647000038],[121.18145340400008,24.21204857200007],[121.19155485500005,24.216586018000044],[121.19633873600003,24.222999972000082],[121.20823271300003,24.221703501000036],[121.2158055330001,24.225346585000068],[121.21942277800008,24.22920343000004],[121.22833804300001,24.22470517700009],[121.2283394530001,24.22593209100006],[121.23076662300002,24.22605091400004],[121.23040882100008,24.223526242000048],[121.23795196600008,24.219706729000052],[121.24416018800002,24.222494555000083],[121.25464700600003,24.242837287000043],[121.26465254100003,24.24587331300006],[121.26591459600002,24.241104050000047],[121.26849404100005,24.239948369000047],[121.26891290900005,24.237915979000036],[121.27677170000004,24.235530861000086],[121.27763084000003,24.23196684000004],[121.2800290450001,24.22976536500005],[121.28282950000005,24.23103806000006],[121.28588280000008,24.229092535000063],[121.28887881200001,24.230160950000084],[121.29312913800004,24.229163665000044],[121.30116530600003,24.236692762000075],[121.30388724200009,24.23368270800006],[121.31351474500002,24.235028329000045],[121.3196459610001,24.231869404000065],[121.32649176000007,24.232528400000035],[121.34301354800004,24.223554252000042],[121.352326275,24.234632848000047],[121.35259984200002,24.24385540800006],[121.3606622320001,24.24394401300009],[121.36688540900002,24.252100608000035],[121.372672341,24.254120569000065],[121.37841845500009,24.252816280000047],[121.38505170200006,24.254989374000047],[121.38565334300006,24.26415568100009],[121.383263693,24.267980132000048],[121.38053921400001,24.27975738400005],[121.38723670400009,24.28470744400005],[121.39083316300002,24.289744837000057],[121.39351006300001,24.28823340200006],[121.3965774730001,24.28873873000009],[121.40344834500002,24.296883723000064],[121.40509656400002,24.30825363400004],[121.42322755600003,24.30821700300004],[121.4284878850001,24.31736025500004],[121.43484725200005,24.322195503000046],[121.4325124820001,24.330270596000048],[121.43429931800006,24.338271680000048],[121.43776785700004,24.34221955600009],[121.43561099100009,24.34724792700007],[121.4377872660001,24.35205350800004],[121.4415676970001,24.358594735000054],[121.44726265100007,24.359546519000048],[121.44865724900001,24.362782958000082],[121.45200501700003,24.36468166700007],[121.4479705980001,24.374828139000044],[121.44254845700004,24.373128846000043],[121.43829437300008,24.38261760100005],[121.43396242400001,24.38323498200009],[121.42333912700008,24.38140555600006],[121.41909226100006,24.37905382200006],[121.4127638860001,24.37974319700004],[121.40789978200007,24.37754964000004],[121.40087882400007,24.37967571300004],[121.39546109900004,24.377848864000043],[121.39303793300007,24.375207326000066],[121.38995814900011,24.375148729000045],[121.38761571200007,24.369686432000037],[121.38183232200004,24.36700844300009],[121.373731163,24.36805381100004],[121.36928674,24.372457635000046],[121.36710065500006,24.37897465900005],[121.36979642900008,24.38259112700007],[121.36488120600006,24.389075055000035],[121.35468556900003,24.39327300700006],[121.34296167100001,24.392843225000036],[121.33912857300004,24.38960476200009],[121.33232869400001,24.397943910000038],[121.32785222700011,24.39831034100007],[121.326488713,24.399872857000048],[121.32499014700011,24.406913285000087],[121.32743451900001,24.413021993000086],[121.328342271,24.433038475000046]]]}},{"type":"Feature","properties":{"COUNTYCODE":"67000","COUNTYNAME":"臺南市","COUNTYENG":"Tainan City"},"geometry":{"type":"Polygon","coordinates":[[[120.44024698300007,23.413083157000074],[120.43224091400009,23.410817853000083],[120.43030853700009,23.40648647200004],[120.421947047,23.40704682200004],[120.41999926000005,23.40345973300009],[120.41629752000006,23.410420034000083],[120.41048667300004,23.410170717000085],[120.40810395400001,23.413428820000036],[120.4041681860001,23.41004902900005],[120.38424453700009,23.404087452000056],[120.34632297300004,23.40038246100005],[120.3331791380001,23.38580836200009],[120.32892949900008,23.384881372000052],[120.3286809970001,23.386119609000048],[120.32178676400008,23.383535333000054],[120.3194157260001,23.38734580600004],[120.31476761200008,23.388462589000085],[120.31099853600006,23.385570168000072],[120.31094019500006,23.375440025000046],[120.29273351300003,23.37532057900006],[120.28588517100002,23.367218714000046],[120.28366834500002,23.36000015600007],[120.28620395100006,23.350275416000045],[120.27773082600004,23.34771826900004],[120.27331024900002,23.352732957000057],[120.27048827300007,23.353691901000047],[120.26603068600002,23.352582403000042],[120.26070463000008,23.34447353900009],[120.26749330100006,23.344759545000045],[120.2670448880001,23.340634884000053],[120.2563889600001,23.331074968000053],[120.24586068100007,23.32685446000005],[120.2375855030001,23.326649435000036],[120.22263157300006,23.29832179500005],[120.21238334600002,23.29170313700007],[120.20426891800003,23.291902122000067],[120.1884030870001,23.30123554000005],[120.1857847230001,23.296605732000046],[120.18926536700008,23.290475970000045],[120.1801073150001,23.291097078000064],[120.17591364200007,23.29401818900004],[120.17391649300009,23.299904928000046],[120.16832974800002,23.30701403200004],[120.16057531500007,23.310647562000042],[120.15621397500001,23.310043737000058],[120.15412464300005,23.313092904000086],[120.14965604600002,23.313251909000087],[120.14707550800006,23.321069729000044],[120.11807118200011,23.34016460400005],[120.11101113100005,23.331832949000045],[120.11360610000008,23.32226702400004],[120.11080090600001,23.310402803000045],[120.10683403100006,23.305281996000076],[120.10310781600003,23.304521253000075],[120.09630954200009,23.299089803000072],[120.09432179500004,23.29500545600007],[120.09502340400002,23.281227603000048],[120.09216998400007,23.25961336200004],[120.08934408900006,23.24963526600004],[120.08061102400006,23.237573075000057],[120.08185657900003,23.22228795300009],[120.08004316300003,23.209015260000058],[120.07750061000002,23.20047558200008],[120.060465959,23.163446956000087],[120.05582296300008,23.137147689000074],[120.05283610900005,23.13064337800006],[120.05503141200006,23.12569910700006],[120.0509133270001,23.122389055000042],[120.05421468200007,23.12572429100004],[120.05144429000006,23.125585237000053],[120.043934164,23.11919691500009],[120.03789016400003,23.10846945800006],[120.03471082500005,23.100811494000084],[120.02690556700009,23.06792796600007],[120.02940932500007,23.06641599900007],[120.03897215200004,23.06804804500007],[120.05794901900003,23.04310103000006],[120.06188331600003,23.044254530000046],[120.065168137,23.04325546800004],[120.09413466700005,23.02882419200006],[120.11111660100005,23.018182283000044],[120.13756508200004,22.996923018000075],[120.13909127200009,22.99771486500009],[120.141082514,22.99598381800007],[120.14034052,22.993344197000056],[120.14748579900004,22.987785642000063],[120.1594962370001,22.973144991000083],[120.1597820400001,22.971225636000042],[120.15540939000005,22.967466114000047],[120.15535708200002,22.964741124000057],[120.15966730900004,22.96355265300008],[120.16280970000003,22.96498782100008],[120.17200475200002,22.949697874000037],[120.17517231300008,22.932984228000066],[120.17299468300007,22.919288927000082],[120.17404527300005,22.914419471000087],[120.1768462,22.91264262100009],[120.17474516900006,22.911707753000087],[120.17674679800007,22.91234203500005],[120.18656982000005,22.919650170000068],[120.19205222700009,22.92119800800009],[120.20234982400007,22.915445154000054],[120.20806757900004,22.915242654000053],[120.21328793200007,22.91103249300005],[120.21810881900001,22.909626641000045],[120.22102394400008,22.909996557000056],[120.22665419100008,22.916281111000046],[120.2297244770001,22.916868540000053],[120.23169215600001,22.915400755000064],[120.232908178,22.90555044200005],[120.242861006,22.90351512700005],[120.24760759700007,22.89819191500004],[120.25415787100007,22.89426512600005],[120.2586851850001,22.895181705000084],[120.25682799800006,22.899544249000087],[120.2587742390001,22.901868353000054],[120.27298753700006,22.895415352000043],[120.27949505400011,22.89629798100009],[120.27798720100009,22.904410161000044],[120.28456457200002,22.904725019000068],[120.30170875900001,22.900589770000067],[120.31416493300003,22.899784122000085],[120.319690616,22.894951183000046],[120.3248798520001,22.90046342000005],[120.33226528600005,22.889328456000044],[120.34908902900008,22.89057692600005],[120.35197798400009,22.887506100000053],[120.35173161,22.889100849000044],[120.35516718300005,22.89043300700007],[120.35328700600007,22.892384914000047],[120.35543467900004,22.89195264500006],[120.35540016200002,22.89393908900007],[120.35689544500008,22.89292547200006],[120.35797492100005,22.89586061600005],[120.36108314500007,22.897809289000065],[120.36161422300006,22.900514817000044],[120.35967266600005,22.89978830800004],[120.35946802700005,22.90142395500004],[120.36598652600003,22.902237695000053],[120.36629241600008,22.905071599000053],[120.36814837600002,22.90390667400004],[120.370718334,22.90710091400007],[120.3724884940001,22.906640336000066],[120.37313834600002,22.909330430000068],[120.37116198500007,22.91227625600004],[120.376513585,22.914352674000042],[120.37728946200002,22.91798495000006],[120.38016940400007,22.918459720000044],[120.3816622710001,22.92116771600007],[120.38680277500009,22.918264358000044],[120.39216940600011,22.922295671000086],[120.3986335940001,22.92243421200004],[120.40110706000007,22.918523751000066],[120.40544621700008,22.91805223700004],[120.40868245000001,22.912341936000075],[120.4159552860001,22.91596447200004],[120.42488721900008,22.933172495000065],[120.42590863100008,22.93904593800005],[120.4285213070001,22.940619773000037],[120.43299408200005,22.95608991100005],[120.43724869100004,22.962183956000047],[120.442645373,22.97732793600005],[120.44468637800003,22.979543327000044],[120.44963150600006,22.977245922000066],[120.4517190580001,22.97863022200005],[120.45295613300004,22.97771410200005],[120.45469430100002,22.980760986000064],[120.45319130000007,22.98480958500005],[120.45471554000005,22.990625643000044],[120.46111204100009,22.990773656000044],[120.45910238500005,22.995742637000035],[120.46147945400003,22.99812270500007],[120.45950186000005,23.001032815000087],[120.46050037500004,23.00359476400007],[120.47989374200006,23.00270961800004],[120.481000601,23.01157407100004],[120.48407579100001,23.017065613000057],[120.50371947800011,23.028648384000064],[120.5196689710001,23.04497871500007],[120.52231087400003,23.045675234000043],[120.52365679500008,23.04744485000009],[120.52303349100009,23.049569880000035],[120.53007562200003,23.055822411000065],[120.55449949500007,23.068832843000052],[120.5590550930001,23.073442473000057],[120.55889922600011,23.07565153900009],[120.56689404300005,23.08182970900009],[120.574500124,23.09088619000005],[120.57412754400002,23.094860693000044],[120.58808174800004,23.114098916000046],[120.5884494610001,23.12336111700006],[120.59465379000005,23.131595102000063],[120.6011097280001,23.144167650000043],[120.60560829200006,23.14647554000004],[120.605570672,23.148528360000057],[120.60785486700001,23.148441597000044],[120.61184723600002,23.151704068000072],[120.61111119300006,23.155901305000043],[120.6165390330001,23.16309820400005],[120.62123767900005,23.16296029700004],[120.62522630300009,23.16776277300005],[120.63065891300005,23.17006559200007],[120.62920028100007,23.174254632000043],[120.6360606070001,23.17500764400006],[120.63729893200002,23.180397799000048],[120.64110053700006,23.182960580000042],[120.63656082500006,23.19025003300004],[120.63899548300003,23.192737286000067],[120.64345482600004,23.203542606000042],[120.64835924200008,23.208578627000065],[120.65146174200004,23.208511998000063],[120.65383822000001,23.215308047000065],[120.65624999500005,23.21764031200007],[120.65435061000005,23.224311579000073],[120.65138285,23.22408817900009],[120.64690778800002,23.227134789000047],[120.64417408200006,23.22531891200009],[120.6341085890001,23.22922635900005],[120.62837944900002,23.22944913400005],[120.618389019,23.22564674000006],[120.61676200300008,23.223547005000057],[120.60982453200006,23.222637201000055],[120.6065180280001,23.225778452000043],[120.597240037,23.229043148000073],[120.59579237000003,23.236728321000044],[120.59248832100002,23.239855480000074],[120.58661287900009,23.224165161000087],[120.579680854,23.218992313000058],[120.57826003100001,23.21478445200006],[120.57487396400006,23.217699578000065],[120.56528750700011,23.220981529000085],[120.5613718510001,23.217416012000058],[120.5549808610001,23.21747483100006],[120.54853313000001,23.223989903000074],[120.54150716200002,23.227830870000048],[120.53195758300001,23.22966678100005],[120.529678149,23.23254953500009],[120.526294334,23.231133876000058],[120.51965549400006,23.237897106000048],[120.51910412900008,23.23933008100005],[120.52416256400011,23.241999641000064],[120.52996904500003,23.24795099100004],[120.53229389400008,23.255054184000073],[120.52931911200005,23.25787575000004],[120.526090383,23.26649068800009],[120.5204249630001,23.27177819900004],[120.52232147100005,23.27429221200009],[120.52096640700006,23.279687529000057],[120.52294142900007,23.28206159800004],[120.52185952500008,23.28809300100005],[120.52600819600002,23.292228514000044],[120.52627796700006,23.295335587000068],[120.52255000100001,23.31175618000009],[120.530851622,23.317108836000045],[120.53194898600009,23.321150010000053],[120.53999421000003,23.327871341000048],[120.5337204330001,23.33647292200004],[120.526927828,23.33938673600005],[120.52474268500009,23.338203664000048],[120.52310872500004,23.340679815000044],[120.51558096300005,23.34374035600007],[120.50785734400006,23.34299679800006],[120.505087323,23.34481623100004],[120.50355812200007,23.350289604000068],[120.50471535500003,23.35468158000009],[120.506155809,23.355298300000072],[120.50808599700008,23.352761446000045],[120.51245986800006,23.35630008600009],[120.51053470800002,23.364361349000035],[120.50492267100003,23.36743357200004],[120.50483223600008,23.368903312000043],[120.49946897500001,23.368036679000056],[120.49426724200009,23.369490030000065],[120.491497546,23.372488957000087],[120.49009267600002,23.371122437000054],[120.48872110800005,23.37306966400007],[120.48393132300009,23.36956895800006],[120.48293642700003,23.372328897000045],[120.4843975660001,23.379482839000048],[120.49027414200009,23.38307250300005],[120.49681448600006,23.384247110000047],[120.49902514300004,23.387400180000043],[120.49493556100003,23.39435902300005],[120.490320333,23.395625824000035],[120.48915945700003,23.392448365000064],[120.48553545300001,23.393064076000087],[120.485670271,23.391440162000038],[120.47941495400005,23.387590969000087],[120.47746623400008,23.390712905000044],[120.47538014600002,23.391003442000056],[120.47614053400002,23.393832056000065],[120.47339521600009,23.39807495100007],[120.46768370900008,23.401124481000068],[120.46494921400006,23.400772103000065],[120.46093314900008,23.404709164000053],[120.4532618510001,23.406478100000072],[120.45008016200006,23.40923331600004],[120.44024698300007,23.413083157000074]]]}},{"type":"Feature","properties":{"COUNTYCODE":"68000","COUNTYNAME":"桃園市","COUNTYENG":"Taoyuan City"},"geometry":{"type":"Polygon","coordinates":[[[121.25977210300005,25.12361560700009],[121.243730648,25.118567016000043],[121.23975977400005,25.123179862000086],[121.23960952700008,25.11565530200005],[121.22939220400008,25.115195548000088],[121.21283722400005,25.110582701000055],[121.2099841800001,25.10814214600009],[121.19774316900009,25.104079193000075],[121.19724342900008,25.10233680600004],[121.19301783200001,25.101784611000085],[121.18430163400001,25.095851844000038],[121.17472821500007,25.093686095000066],[121.160579837,25.085651350000035],[121.12500572400006,25.076805780000086],[121.10925479900004,25.071211763000065],[121.10022415700007,25.067627449000042],[121.093940492,25.06284695000005],[121.09000812800002,25.062994461000073],[121.08664232400008,25.056444359000068],[121.0720924310001,25.049873692000062],[121.05605419200003,25.04617163100005],[121.04874464,25.040766105000046],[121.02862349100008,25.02058472300007],[121.01926289300002,25.00686569600009],[121.01621115300009,24.995358846000045],[121.01433384500001,24.992607413000087],[121.00936414800003,24.990275756000074],[121.01224350700011,24.98876135100005],[121.01043533500001,24.98729409200007],[121.00989166200009,24.975049209000076],[121.00349159400002,24.96761222200007],[120.9984192070001,24.958575800000062],[120.986456954,24.94827629000008],[120.98202546100003,24.93997647300006],[120.98737741900004,24.939049068000088],[120.99217258100009,24.93500924500006],[120.99419236200004,24.939139685000043],[120.9990574420001,24.940922662000048],[121.00292191300002,24.940015476000042],[121.00709271400001,24.946222035000062],[121.01936163000005,24.940418820000048],[121.02579073900006,24.94048411600005],[121.02883878500006,24.94515322600006],[121.03075717500008,24.943900831000064],[121.03793359600002,24.946382568000047],[121.04054466600007,24.943273756000053],[121.04628460700008,24.943550169000048],[121.04861504200005,24.93942960000004],[121.05544059300007,24.936242710000045],[121.05832910100003,24.936843470000042],[121.05756320400008,24.93045388300004],[121.0609531880001,24.923559654000087],[121.0582312140001,24.913904469000045],[121.05828586300004,24.905215656000053],[121.06908794000003,24.90277851400009],[121.07109914500006,24.89947993800007],[121.08344160000001,24.898854372000073],[121.09127197400005,24.893362616000047],[121.10907169100005,24.897738274000062],[121.11101648100009,24.891222706000065],[121.10776663400009,24.886069485000064],[121.116326383,24.881680566000057],[121.12389418700002,24.879935612000054],[121.12814252800001,24.880954605000056],[121.13558152400003,24.877990537000073],[121.13908526700004,24.88243934400009],[121.14465451500007,24.880206214000054],[121.15566249400001,24.880711382000072],[121.15787728200007,24.877272816000072],[121.15805712400004,24.874606046000054],[121.15620379900008,24.87443726500004],[121.15943993200005,24.86873319700004],[121.16137667600003,24.859470876000046],[121.15650016200004,24.85590983800006],[121.15705098600006,24.852435747000072],[121.15003244600007,24.844289785000058],[121.15440855700001,24.844061627000087],[121.16010265200009,24.83736504500007],[121.17617804500003,24.832134678000045],[121.17365530500001,24.827710203000038],[121.18590204700001,24.823823679000043],[121.19651034100002,24.81781372200004],[121.19876859800002,24.814961951000043],[121.200794696,24.81781612900005],[121.20330590900005,24.81731540600009],[121.20223796300002,24.816431631000057],[121.203140964,24.814571931000046],[121.20585615700008,24.812651895000045],[121.20289738300005,24.810308128000088],[121.20466158300007,24.80724964300009],[121.20804332700004,24.80715754600004],[121.20953223000004,24.809484018000035],[121.21488874300007,24.811972712000056],[121.21958062700003,24.811790789000042],[121.218716288,24.808648190000042],[121.22159847800003,24.79937985500004],[121.228481536,24.80291414000004],[121.23823670200011,24.80465521800005],[121.24343427600002,24.808692369000084],[121.24743443700004,24.80349424800005],[121.24771973600002,24.79672087000006],[121.25316883800008,24.793655560000047],[121.260305915,24.793219427000054],[121.26116649200003,24.78995747400006],[121.25847554800009,24.785874446000037],[121.26000492600008,24.781960552000044],[121.26485113800004,24.78137881500004],[121.27059261700003,24.77835291200006],[121.27129208400004,24.774819671000046],[121.27354411400006,24.77459398800005],[121.27715896200004,24.771005545000037],[121.28555100300002,24.770081163000043],[121.29245016700008,24.767726177000043],[121.2941819880001,24.763867264000055],[121.30153562200007,24.76301022100006],[121.30413411400002,24.757446858000037],[121.3077076190001,24.75498350500004],[121.30509891500003,24.750202915000045],[121.3052784350001,24.74628288200006],[121.301121566,24.741994765000072],[121.29822258900003,24.73223794800009],[121.30538773500007,24.72599510200007],[121.30760938900005,24.719905795000045],[121.30639902100006,24.713084336000065],[121.30327247100001,24.708389688000068],[121.29947800000002,24.69556788600005],[121.30389612500005,24.692918166000084],[121.31283995600006,24.697525360000043],[121.31717662100004,24.69813883000006],[121.32416071300008,24.69497323300004],[121.32975809700008,24.690967232000048],[121.33856904800007,24.679959453000038],[121.33919568300007,24.66656125800006],[121.3436598620001,24.669395887000064],[121.34547347900002,24.666436929000042],[121.34898459700003,24.667913516000056],[121.35167443700004,24.666099804000055],[121.3535108750001,24.667798753000056],[121.35238829600007,24.64354160700009],[121.35592058300006,24.641054619000045],[121.35780755300004,24.633712872000046],[121.3664105250001,24.631792302000065],[121.36305453400007,24.620672072000048],[121.35881031600002,24.617175272000054],[121.36129355800006,24.60987834900004],[121.364169188,24.606765216000042],[121.36332396500006,24.603128568000045],[121.36691604800001,24.59906735900006],[121.37181652600009,24.59700526000006],[121.37277591700001,24.593747628000074],[121.38720093000006,24.586563185000045],[121.391651432,24.58651233800009],[121.40303893800001,24.59170819400009],[121.40846376500008,24.598981956000046],[121.41228267700001,24.600937783000063],[121.4127740450001,24.60365126000005],[121.418279902,24.60103542300004],[121.42757874200004,24.605703091000066],[121.43060942900001,24.614510241000062],[121.43565347800006,24.621327717000042],[121.43483054400008,24.62445656200009],[121.43607804700002,24.627403427000047],[121.44054024500008,24.635096993000047],[121.44501340600004,24.637296590000062],[121.4450698490001,24.64317871500009],[121.44875528300008,24.646015228000067],[121.4513310000001,24.650919412000064],[121.4476053940001,24.656172858000048],[121.44924404900007,24.661647171000084],[121.453823209,24.664320892000035],[121.4594900300001,24.67315903900004],[121.46919877900007,24.671832946000052],[121.47998818300005,24.673850633000086],[121.475951571,24.679271223000057],[121.47393738400001,24.685334712000042],[121.47303239300004,24.68980368700005],[121.47478547900005,24.693479138000043],[121.47422759100004,24.69610355000009],[121.46948838000003,24.696151962000044],[121.46254218800004,24.701638295000066],[121.45021676400006,24.705676537000045],[121.4487837480001,24.71219069700004],[121.44488888300009,24.715153460000067],[121.44095427600007,24.726084109000055],[121.43419778200007,24.73013158200007],[121.43534341200007,24.733311938000043],[121.42867684800001,24.748066178000045],[121.42847925700005,24.75345551500004],[121.42555876800009,24.758399888000042],[121.42583042600006,24.760588882000036],[121.423296155,24.762018091000073],[121.42622454600007,24.767827439000087],[121.4314236030001,24.77193929000009],[121.43691298100009,24.773721498000043],[121.4405672260001,24.779141251000055],[121.4461014420001,24.781855174000043],[121.44951677000006,24.785937344000047],[121.44883490000007,24.788245628000084],[121.45037737000007,24.790918871000088],[121.44570034800006,24.79013447600005],[121.43825878300004,24.795339888000058],[121.43655829000011,24.81205501700009],[121.42956222500004,24.815278446000036],[121.4252810380001,24.820111506000046],[121.4236376880001,24.825434390000055],[121.41690970500008,24.825574207000045],[121.41384184500009,24.831961638000053],[121.4155973930001,24.835599802000047],[121.40705107600002,24.841707323000037],[121.40269591200001,24.84357510500007],[121.39823497600003,24.84169349800004],[121.39721105500007,24.84374788100007],[121.39352657200004,24.843953255000088],[121.38521137200007,24.84096678800006],[121.383338987,24.83698707800005],[121.37361080000005,24.833283030000075],[121.37011484900006,24.836226400000044],[121.36005124200005,24.838178583000058],[121.35481539200009,24.843974293000088],[121.34673719300008,24.84588905000004],[121.34000080600003,24.84338936100005],[121.33598845100005,24.843929409000054],[121.3372646140001,24.84841165100005],[121.34785560900002,24.85094728100006],[121.34871497900008,24.84835480600009],[121.34985071200003,24.84965038100006],[121.35272727300003,24.849120499000037],[121.35185590900005,24.850607274000083],[121.35333720900007,24.85059194300004],[121.35478647000002,24.853354401000047],[121.35806593000007,24.85328577200005],[121.35342424200007,24.85865420400006],[121.34834651100005,24.860732579000057],[121.34504044900007,24.866941662000045],[121.35310993600001,24.871104355000057],[121.3544407600001,24.873468311000067],[121.35345751400007,24.876519467000037],[121.34566252600007,24.87998803700009],[121.34472470800006,24.885766156000045],[121.34113264500002,24.88799544400007],[121.34211798900003,24.89259299200006],[121.33854339700008,24.893365225000082],[121.33364767,24.891538068000045],[121.3320682430001,24.89351538200009],[121.33323827800007,24.89943596200004],[121.331782535,24.89981449000004],[121.3271584900001,24.895903590000046],[121.32031402400003,24.900198441000043],[121.32620687000008,24.907195597000054],[121.3261984510001,24.909183127000063],[121.32357897400004,24.90991128400009],[121.31757753000011,24.91636156600009],[121.32474701400008,24.92343562800005],[121.33517266700005,24.92492208400006],[121.33979546400008,24.928502481000066],[121.3332416830001,24.929830534000075],[121.32205039400003,24.928042675000086],[121.32321214700005,24.931281484000067],[121.31577351200008,24.93847510100005],[121.33159789600006,24.94554406900005],[121.32798734300002,24.949189791000038],[121.32914581400007,24.96057843600005],[121.32804265900006,24.965454050000062],[121.32979771300006,24.96689514800005],[121.32884412300007,24.96788631900006],[121.32692633800002,24.966591573000073],[121.32858608600009,24.968471761000046],[121.32852782000009,24.97193624600004],[121.32363735600006,24.97199030300004],[121.32860111600007,24.976267636000046],[121.32728907500007,24.978374676000044],[121.34112520400004,24.980270189000066],[121.34267448500009,24.982319638000035],[121.34722134000003,24.978829062000045],[121.35234141900003,24.980851150000035],[121.35408840500008,24.977801769000052],[121.36121554900001,24.97781008600009],[121.3638977280001,24.979589495000084],[121.36966954800005,24.977042677000043],[121.37239597200005,24.97994190500009],[121.38545203300009,24.986046828000042],[121.38340336600004,24.98860916700005],[121.38417675000005,24.995716902000083],[121.38802808000003,24.996398200000044],[121.39048783100009,24.993318006000038],[121.39401574200008,24.99342606400006],[121.39683458900004,24.997303834000036],[121.40322902900004,24.99933023600005],[121.3995100410001,25.006972687000086],[121.39117900500003,25.012029978000044],[121.39248153100004,25.01548648000005],[121.4016224830001,25.015774647000057],[121.41216608700006,25.01934400500005],[121.404618347,25.023755230000063],[121.40128818000005,25.02642679300004],[121.400785122,25.029112893000047],[121.39826189500002,25.030098432000045],[121.39856581400011,25.03475622600007],[121.40119873000003,25.03445392800006],[121.3995849690001,25.03587781500005],[121.40106553200008,25.037730258000067],[121.39437016000011,25.040090535000047],[121.39354512400007,25.04199927800005],[121.39067394800009,25.04185520900006],[121.39386352000008,25.04378183700004],[121.40068124600009,25.043239493000044],[121.39824975800002,25.044005482000046],[121.403058472,25.045663387000047],[121.39993317100004,25.04491952300009],[121.39769271,25.04629040000009],[121.39942110300001,25.04781693600006],[121.39440545000002,25.04750352600007],[121.3939150120001,25.049195463000046],[121.39441107800008,25.05042872300004],[121.3985213520001,25.048474716000044],[121.3975805340001,25.05053299900004],[121.39974710600006,25.04936542900009],[121.400695971,25.051388029000066],[121.39103207800008,25.053584872000044],[121.3926134730001,25.055069312000057],[121.38986151400002,25.05284071400007],[121.38443166900004,25.05256382500005],[121.387443125,25.054983923000066],[121.38558958300007,25.058113355000046],[121.38863040600006,25.056879132000063],[121.38972894400001,25.059058291000042],[121.38767582800006,25.059720220000088],[121.39107012600005,25.061518427000067],[121.3881659440001,25.061557248000042],[121.38830100900009,25.063065693000055],[121.38289970200003,25.062935764000088],[121.37667434000002,25.06609400800005],[121.35487981100005,25.06515035600006],[121.35376583900006,25.068585794000057],[121.35212888400008,25.067926174000036],[121.34644230800006,25.07030209600009],[121.35345298700008,25.07329485400004],[121.35175342500008,25.074461134000046],[121.34988941300003,25.07354048400009],[121.3499137550001,25.076631614000064],[121.3480269690001,25.07382184700009],[121.34184607000009,25.07267332500004],[121.3425955030001,25.073499842000047],[121.34052139200003,25.07408195900007],[121.3404517240001,25.076359488000037],[121.34459814000002,25.075032384000053],[121.346223914,25.075643717000048],[121.3444667440001,25.076061865000042],[121.34421261600005,25.077845594000053],[121.3463466500001,25.076786508000055],[121.34523817800005,25.078546578000044],[121.3479744660001,25.078800553000065],[121.34246318700002,25.080095364000044],[121.34941984500006,25.080750874000046],[121.34937460700007,25.082331197000087],[121.34358990400005,25.08421802400005],[121.33828961100005,25.083744765000063],[121.32501466300005,25.09255126100004],[121.31823148000001,25.093010667000044],[121.3105088640001,25.09654772300007],[121.30277775700006,25.096792893000043],[121.29915153000002,25.104029550000064],[121.29161251400001,25.10264094300004],[121.2902386500001,25.106861838000043],[121.28713769400008,25.10681888000005],[121.28294000800008,25.109365057000048],[121.28337958500003,25.117811482000036],[121.25977210300005,25.12361560700009]]]}},{"type":"Feature","properties":{"COUNTYCODE":"10005","COUNTYNAME":"苗栗縣","COUNTYENG":"Miaoli County"},"geometry":{"type":"Polygon","coordinates":[[[121.00820248000002,24.64432462700006],[121.00809453000011,24.650441884000088],[121.01067314700003,24.652333728000087],[121.010272966,24.656208691000074],[120.99710838500005,24.654665614000066],[120.99508343000002,24.659299158000067],[120.99063058600007,24.660393939000073],[120.99063897200006,24.664790510000046],[120.98907703000009,24.663033934000055],[120.98676600100009,24.663767609000047],[120.98531547300001,24.666744969000035],[120.98318302200005,24.667195769000045],[120.98174735700002,24.67178481400009],[120.977009855,24.673648723000042],[120.977511951,24.678295982000066],[120.97556197900008,24.684566030000042],[120.9726915440001,24.685856559000058],[120.97057463100009,24.684212958000046],[120.96439805500006,24.68361789100004],[120.96673930500003,24.68611052700004],[120.9651634490001,24.68810920100009],[120.96637376400008,24.691169007000042],[120.971872071,24.69677578200009],[120.9739935880001,24.69694485900004],[120.972212668,24.703582254000082],[120.9766781840001,24.706469412000047],[120.97387160000005,24.711823440000046],[120.971546708,24.712436971000045],[120.96621266600005,24.709645391000038],[120.96336713200003,24.711477629000058],[120.959342591,24.706658734000086],[120.9530171890001,24.704085105000047],[120.9533396810001,24.70597953400005],[120.9509097780001,24.70774443600004],[120.94978991400001,24.71119937900005],[120.942061319,24.70732940700009],[120.93157514100005,24.714267154000083],[120.93030008400001,24.716618296000036],[120.92363584000009,24.714553109000065],[120.92057856600002,24.71673527200005],[120.91365913800007,24.717335695000088],[120.91627261400004,24.721534465000047],[120.91378922000001,24.724205962000042],[120.91417415000001,24.727063850000036],[120.90850535200002,24.736507706000054],[120.9077992230001,24.741073948000064],[120.897425698,24.733466857000053],[120.89234658200007,24.73315787300004],[120.89103395400002,24.731775219000042],[120.88745661300004,24.733872759000064],[120.88479265500007,24.73279036300005],[120.88356027400005,24.734530927000037],[120.88102853400005,24.733291088000044],[120.87452940000003,24.738322779000043],[120.86132572000008,24.721651123000072],[120.85616453500006,24.702506803000063],[120.82408732300007,24.673375612000086],[120.79158567700006,24.66781698200009],[120.77870585000005,24.66256732800008],[120.76942573300005,24.653946873000052],[120.7685118280001,24.654694151000058],[120.76777352300007,24.65044912700006],[120.76357943900007,24.64907220400005],[120.7608470460001,24.64312417800005],[120.75768761800009,24.641522816000077],[120.7563668040001,24.632546476000073],[120.75400848200002,24.631202406000057],[120.75236717300004,24.627406687000075],[120.74892163000004,24.62595574800008],[120.74582847900001,24.62173553200006],[120.73819216900006,24.62086243600004],[120.73116478500003,24.611867046000043],[120.72376841700009,24.608225118000064],[120.71580609,24.600973459000045],[120.71264925700007,24.593482217000087],[120.70975757500003,24.59102062100004],[120.70807796600002,24.582454898000037],[120.70202623900002,24.569000480000057],[120.7011796060001,24.56153683100007],[120.69336117400007,24.548870041000043],[120.68467484400003,24.521389912000075],[120.6776276380001,24.514527453000085],[120.67127273400001,24.502109587000064],[120.66843237800003,24.499817586000063],[120.66775671900007,24.493401745000085],[120.665292679,24.48976777100006],[120.66639497800008,24.48802268500009],[120.66591917100004,24.48754702800005],[120.66503431900003,24.48723293100005],[120.66539414100009,24.483609431000048],[120.6618232290001,24.483782714000085],[120.65265301200009,24.470739757000047],[120.63960544500003,24.46001189000009],[120.639616036,24.45666878600008],[120.63776052100002,24.45418587000006],[120.62185385400005,24.440289395000036],[120.62859302800007,24.438038947000052],[120.632093553,24.43242469200004],[120.63965762800001,24.42776903300006],[120.64028168000004,24.424121681000088],[120.64319054100008,24.421709899000064],[120.64333709100003,24.41534512000004],[120.645963381,24.412295620000066],[120.64883229100008,24.40949441500004],[120.65799719300003,24.406720335000045],[120.66423924600008,24.401722979000056],[120.6701014030001,24.391958935000048],[120.6786420630001,24.387072448000083],[120.67727113300009,24.384159126000043],[120.6857421410001,24.378905022000083],[120.68993863900005,24.374339300000088],[120.69275725600005,24.367140136000046],[120.70340756100006,24.36180111400006],[120.70742034800003,24.361729039000068],[120.70729004600003,24.357867929000065],[120.73039939,24.351810700000044],[120.762996928,24.32601526800005],[120.78382134800006,24.31835458800009],[120.80652657900009,24.315682580000043],[120.81756607200009,24.30742237600009],[120.82530882900005,24.29678253900005],[120.83337165400008,24.290575424000053],[120.8381448020001,24.289278298000056],[120.85651388300005,24.28899519400005],[120.87611180100009,24.29500558700005],[120.902984049,24.29217919200005],[120.91190121800003,24.29406571900006],[120.92249415100002,24.303945592000048],[120.92016642800002,24.310627709000073],[120.9204982550001,24.320108812000058],[120.91660061800007,24.335129152000036],[120.93563893800001,24.342916956000067],[120.94245380300003,24.33913734500004],[120.95678112200005,24.339299320000066],[120.96015558500005,24.33505563600005],[120.96648317000006,24.33346102300004],[120.97961618300008,24.334419799000045],[120.98197955800003,24.335904621000054],[120.985580927,24.33166110800005],[120.9917733420001,24.329620885000054],[120.997558443,24.33014220800004],[121.00047608700004,24.33266223600009],[121.00414666500001,24.332300300000043],[121.01449036600002,24.32011404700006],[121.0180138180001,24.311295631000064],[121.02936170500004,24.304707411000038],[121.03412887600007,24.29781668600009],[121.04518702500002,24.295325283000068],[121.04913737700008,24.29599900900007],[121.05223893200002,24.29932647000004],[121.05255784300005,24.304240893000042],[121.055521053,24.31059391100007],[121.06479743400007,24.31543727600007],[121.0702080100001,24.31575918100009],[121.07385009200004,24.319194597000035],[121.07307080500004,24.322823222000068],[121.08146832500006,24.324135927000043],[121.08643836200008,24.317679137000084],[121.0919206000001,24.318629574000056],[121.09570755100003,24.322567482000068],[121.10225115200001,24.324583594000046],[121.10847144000002,24.330953428000043],[121.11486829400008,24.32863702500009],[121.12157446200001,24.33067875200004],[121.12412102300004,24.340553921000037],[121.12843490700004,24.342171256000086],[121.13122209100004,24.349357205000047],[121.136437656,24.353132006000067],[121.14095482800008,24.359643255000037],[121.14840276900009,24.35787984700005],[121.15940940300004,24.360796850000042],[121.16836389900004,24.360911540000075],[121.16900000200008,24.36431333900009],[121.1741721620001,24.368919856000048],[121.17341846700003,24.373343929000043],[121.18329208700004,24.381011382000054],[121.19023049400005,24.381621495000047],[121.196710059,24.39151936400009],[121.19718140000009,24.396588244000043],[121.20719200200006,24.39790546800009],[121.21028673800004,24.396121212000082],[121.21124374100009,24.388392142000043],[121.21349743400003,24.381852252000044],[121.21587007200003,24.379454768000073],[121.21845204400006,24.38126167000007],[121.232050996,24.384005228000035],[121.23161240000002,24.38760592600005],[121.23497115200007,24.391923401000042],[121.23465556000008,24.39733714600004],[121.24356333600008,24.405717715000037],[121.2419822390001,24.414094730000045],[121.24389169200003,24.42007626900005],[121.24999193200006,24.42490691000006],[121.258173145,24.425847468000086],[121.25893366300011,24.44072416100005],[121.2616537130001,24.44421704100006],[121.26218989200004,24.44803222300004],[121.26060622300008,24.451410906000035],[121.26263296700006,24.455246386000056],[121.25803479000001,24.457463947000065],[121.2579645510001,24.46335342000009],[121.24930512800006,24.465870717000087],[121.24442185300006,24.469938631000048],[121.24329314400006,24.477294697000048],[121.23471344100005,24.483660899000085],[121.23442906800005,24.48801850600006],[121.22992197400004,24.488914713000042],[121.22877923400006,24.492412178000052],[121.218667095,24.49826250800004],[121.223636661,24.50630691400005],[121.21746662200007,24.509650890000046],[121.21736458500004,24.514363479000053],[121.21522940200009,24.515449566000086],[121.2095457050001,24.51148624600006],[121.20318143600002,24.512507369000048],[121.19568439,24.50717080000004],[121.19161649700004,24.507468988000085],[121.186705211,24.505361420000042],[121.18318402400007,24.507933440000045],[121.17791270100008,24.50765171200004],[121.169133225,24.50258851700005],[121.16141365800001,24.503580646000046],[121.15501677400005,24.506798796000055],[121.150581633,24.506091668000067],[121.14502104900009,24.511920256000053],[121.1369910740001,24.506654540000056],[121.129653039,24.506695139000044],[121.12332455600006,24.51023260000005],[121.12095780800007,24.508420415000046],[121.11695759200006,24.50838892300004],[121.11333146300001,24.506465234000075],[121.10892986900001,24.500971295000056],[121.105323763,24.50060686100005],[121.09807352100006,24.49642457400006],[121.09041651000007,24.49785773800005],[121.08555146200001,24.501308289000065],[121.0718829970001,24.498381365000057],[121.07210791200009,24.503371592000065],[121.06809915600002,24.507002344000057],[121.069312502,24.509332149000045],[121.06692494200001,24.522549282000057],[121.07829818500011,24.528902807000065],[121.07779838800002,24.53423708400004],[121.08053619900011,24.54096125600006],[121.07622711400006,24.54379683600007],[121.07346069300002,24.549420529000088],[121.05862143800005,24.55739963600007],[121.05842035900002,24.560635323000042],[121.06139858200004,24.56000318200006],[121.06272827300006,24.557457122000073],[121.07058504200006,24.563357515000064],[121.07525405800004,24.580667790000064],[121.07873705700001,24.583754447000047],[121.07949774600002,24.58809942700009],[121.083095437,24.58998888900004],[121.08127154700003,24.600570678000054],[121.07558039800006,24.60383900000005],[121.074922184,24.612303715000053],[121.06808004600009,24.614865830000042],[121.06256248900002,24.621752282000045],[121.051564676,24.615146025000058],[121.05168182700004,24.617357131000063],[121.0482498240001,24.619835025000043],[121.04337905600005,24.627145829000085],[121.04053427100007,24.626968160000047],[121.03905252000004,24.629626692000045],[121.03018070000007,24.632463939000047],[121.02589647000002,24.63591379400009],[121.02542919900009,24.64121232800005],[121.01438115100007,24.64085205200007],[121.00820248000002,24.64432462700006]]]}},{"type":"Feature","properties":{"COUNTYCODE":"10020","COUNTYNAME":"嘉義市","COUNTYENG":"Chiayi City"},"geometry":{"type":"Polygon","coordinates":[[[120.44061543800001,23.51829629200006],[120.4421424310001,23.51332311500005],[120.44060638600001,23.51193539800005],[120.43717725400006,23.513968223000063],[120.43583557700003,23.516769012000054],[120.4336103710001,23.517170040000053],[120.4333514330001,23.509031140000047],[120.42747680800005,23.50917958100007],[120.42476161600007,23.506303108000054],[120.41674830700003,23.50535910900004],[120.41161165000005,23.498891099000048],[120.40831261700009,23.498706841000057],[120.40880062800011,23.506573900000035],[120.40100387100006,23.501873015000058],[120.4001989620001,23.498757537000074],[120.3944663100001,23.500812823000047],[120.39001623900003,23.499359290000086],[120.38977944800001,23.49135270900007],[120.394716217,23.49074898400005],[120.393432695,23.482378896000057],[120.39906358200005,23.478419948000067],[120.39927272300008,23.471070603000044],[120.39427482600001,23.466465019000054],[120.39416728900005,23.46252148800005],[120.4112740270001,23.464786679000042],[120.4151554870001,23.460276732000068],[120.4292926490001,23.461042879000047],[120.43019546100004,23.452178812000056],[120.43284450500005,23.450109651000048],[120.43445933800001,23.45069039300006],[120.43803361000005,23.44653364900006],[120.43823139900007,23.44480819800009],[120.4358555230001,23.443586097000036],[120.43957039400004,23.439557556000068],[120.452458277,23.444502834000048],[120.45470862000002,23.450320332000047],[120.4610111510001,23.455321447000074],[120.46451895400003,23.45561396000005],[120.46454649600003,23.458297778000087],[120.46873082100001,23.46162255200005],[120.47680056400009,23.461985533000075],[120.48961187100008,23.452247775000046],[120.4952279150001,23.45290225900004],[120.50065724600006,23.460973943000056],[120.499710553,23.465389427000048],[120.50374757200007,23.467177362000086],[120.50934094700006,23.472674074000054],[120.509007462,23.47516089900006],[120.50368719800008,23.47888437100005],[120.50407370800008,23.48097902300009],[120.50181675200008,23.480930325000088],[120.50372702100003,23.48500315600006],[120.50190331900001,23.486329228000045],[120.5012513470001,23.48990830200006],[120.48738684600005,23.492149348000055],[120.48376267200001,23.496086464000086],[120.48470000400005,23.501740596000047],[120.4831504120001,23.50536399500004],[120.47999776200004,23.504338982000036],[120.47349679900003,23.506849066000086],[120.46971641900006,23.499773411000035],[120.46411595000006,23.49922764300004],[120.45630314900006,23.511771228000043],[120.4571056320001,23.515683438000053],[120.44061543800001,23.51829629200006]]]}},{"type":"Feature","properties":{"COUNTYCODE":"10010","COUNTYNAME":"嘉義縣","COUNTYENG":"Chiayi County"},"geometry":{"type":"MultiPolygon","coordinates":[[[[120.14980029500009,23.398535029000072],[120.14474252600007,23.40377619800006],[120.14116793400001,23.412508505000062],[120.14389007700004,23.402882117000047],[120.1477051600001,23.39853716300007],[120.15019033600004,23.38917796900006],[120.15238742600002,23.390449526000054],[120.15108558700001,23.39164791400009],[120.1525040790001,23.391646580000042],[120.14980029500009,23.398535029000072]]],[[[120.13689321200002,23.421363255000074],[120.13561580400005,23.425484950000055],[120.135103921,23.424333107000052],[120.13529114200003,23.422744944000044],[120.13689321200002,23.421363255000074]]],[[[120.13714162000008,23.435504887000036],[120.13524748200007,23.436909786000058],[120.13611555400007,23.435846850000075],[120.13714162000008,23.435504887000036]]],[[[120.1428368710001,23.475394814000083],[120.14261274100011,23.47542744200007],[120.14274227300007,23.475193387000047],[120.1428368710001,23.475394814000083]]],[[[120.14194060500006,23.47614836200006],[120.14122878300009,23.476501107000047],[120.14143371500006,23.476150086000075],[120.14194060500006,23.47614836200006]]],[[[120.14045724700009,23.477216957000053],[120.13983159500003,23.477181903000087],[120.13986317800004,23.47707598100004],[120.14045724700009,23.477216957000053]]],[[[120.14827752600002,23.478147025000055],[120.14834073000009,23.47837988000009],[120.14786689900006,23.477948389000062],[120.14827752600002,23.478147025000055]]],[[[120.14899747200002,23.478886861000035],[120.14842158300007,23.479080108000062],[120.1483408680001,23.47881103900005],[120.14899747200002,23.478886861000035]]],[[[120.49297278300003,23.63316777700004],[120.48871963200008,23.635898937000036],[120.48716190500011,23.634159431000057],[120.4878643180001,23.630710713000042],[120.4792487950001,23.632949548000056],[120.477016219,23.629537649000042],[120.47398742100006,23.631069808000063],[120.46613258100001,23.63026873800004],[120.45426515600002,23.626314612000044],[120.45103999900005,23.62712629400005],[120.45402303100002,23.629460532000053],[120.4530274650001,23.63069385400007],[120.44995856000003,23.629422120000072],[120.44449693500007,23.630536413000073],[120.44112333400005,23.62597610100005],[120.43528555700004,23.625524977000055],[120.4370325210001,23.62191492100004],[120.43361756500008,23.622867837000058],[120.43033609400004,23.61847038800005],[120.42732092900008,23.619316419000086],[120.42537258800007,23.618011937000063],[120.4220210960001,23.61926851000004],[120.42069647400001,23.625166225000044],[120.4157889060001,23.621381558000053],[120.41296984400003,23.62395424300007],[120.406619299,23.625185575000046],[120.40590508900004,23.633618352000042],[120.40146285900005,23.63290365200004],[120.40263784600006,23.62693924100006],[120.38604728900009,23.62070091600009],[120.38280041100006,23.614631343000042],[120.38337499900001,23.612909915000046],[120.37989826100011,23.60997057900005],[120.36650354400001,23.607807962000038],[120.36570382600007,23.602476954000053],[120.35904831700009,23.595052688000067],[120.34331302800001,23.591919015000087],[120.33443074700006,23.592675412000062],[120.33311428500008,23.579204210000057],[120.3269953250001,23.57417167600005],[120.31961275900005,23.57238324900004],[120.31155440000009,23.57502956400009],[120.30743399400001,23.574656204000064],[120.30646792300001,23.57206551300004],[120.31022939700006,23.567208958000037],[120.310539898,23.564447898000083],[120.30654368900002,23.562871692000044],[120.295350902,23.56458544900005],[120.29036475700002,23.56257133200006],[120.28904816900001,23.558992044000036],[120.2907588710001,23.550544056000035],[120.2763544280001,23.543471728000043],[120.27190612100003,23.530750553000075],[120.26842102500007,23.53027931400004],[120.26344387800009,23.53352912200006],[120.25609110000005,23.546094666000045],[120.24889793900002,23.545760201000064],[120.24334948400008,23.54361397300005],[120.24190512400003,23.539492029000087],[120.24707404200001,23.515271381000048],[120.2430799230001,23.510118832000046],[120.23706929900004,23.50695457000006],[120.22303976500007,23.50432005600004],[120.20680292500003,23.511586202000046],[120.20097865100001,23.511402859000043],[120.20126983700004,23.51243983800009],[120.19852820800008,23.51304331500006],[120.18992129700007,23.510046113000044],[120.18097056200008,23.509852417000047],[120.16658004400006,23.51723444000004],[120.16455538900004,23.515832428000067],[120.15812873900006,23.51592525600006],[120.146382313,23.52076149600009],[120.14584135200005,23.51848416300004],[120.14244772200004,23.517436153000062],[120.12539177400004,23.520472231000042],[120.12151980700003,23.519497828000056],[120.11894419600003,23.515659318000075],[120.11933703,23.496246023000083],[120.12041609300002,23.49297443200004],[120.124663177,23.488729676000048],[120.13355831500007,23.488156351000043],[120.157849425,23.495041314000048],[120.16072982600008,23.492928151000058],[120.16967538300003,23.492191338000055],[120.16864244100009,23.491749325000058],[120.169661958,23.490513648000046],[120.1552224190001,23.491081204000068],[120.156639724,23.487538029000063],[120.15578499500009,23.484072843000035],[120.1490397230001,23.478142159000072],[120.14900864800006,23.47476043800009],[120.14688523100006,23.47500166000009],[120.14602484200009,23.47422492900006],[120.14783425500002,23.47372014700005],[120.14589494900008,23.47228287300004],[120.14583985900003,23.474092988000052],[120.14486021700009,23.473405890000038],[120.14431341200009,23.46804839400005],[120.14607718900004,23.466114461000075],[120.14556344800008,23.46424028000007],[120.14694285100006,23.46518238500005],[120.144810215,23.459827492000045],[120.13904305000005,23.458050815000036],[120.13324547800005,23.45158519000006],[120.13538763600002,23.44770535400005],[120.13818074300002,23.449039115000062],[120.138019504,23.44928427800005],[120.1364193180001,23.448489862000088],[120.13538692200007,23.451127537000048],[120.13876126100001,23.45266541300009],[120.139910751,23.450677958000085],[120.13868233300002,23.448942559000045],[120.15113905400005,23.455681386000037],[120.15223883500005,23.45485439400005],[120.1527758520001,23.452155221000055],[120.15095861900011,23.448980490000054],[120.15559586900008,23.44826522900007],[120.14688523500001,23.438368883000066],[120.1455046000001,23.428598132000047],[120.15046193400008,23.427715452000086],[120.14884899800006,23.42743578200009],[120.14899695700001,23.425531352000064],[120.15360872800011,23.428402985000048],[120.155729726,23.428567971000064],[120.15599470400002,23.427304801000048],[120.14952512400009,23.423033040000064],[120.1495376470001,23.419807295000055],[120.15125905100001,23.418288402000087],[120.148196708,23.414860812000086],[120.14940419200002,23.40614933200004],[120.1516319210001,23.398529179000036],[120.15382792900004,23.399155096000072],[120.15413588700005,23.404265256000087],[120.15997012900004,23.406127478000087],[120.16166718600005,23.39466221400005],[120.16369767000003,23.39304324200009],[120.16072189600004,23.388794662000066],[120.15549759800001,23.390942667000047],[120.15364094400002,23.38896191500004],[120.15497340900004,23.38919260600005],[120.15568207800004,23.390076821000036],[120.15925782000011,23.387691954000047],[120.15777710100008,23.385792279000043],[120.15399664100005,23.388117315000045],[120.15689012900009,23.384270524000044],[120.15818453400004,23.38478541300009],[120.15706226600003,23.383878662000086],[120.15797287800001,23.37980876100005],[120.15644903100008,23.37978380900006],[120.15590798400001,23.384706403000052],[120.15204858100003,23.388602425000045],[120.14806990600005,23.385531770000057],[120.13165254800003,23.384781629000088],[120.13089109700002,23.37044538500004],[120.11933346800004,23.346932491000075],[120.11806195400004,23.340171145000056],[120.14707550800006,23.321069729000044],[120.14965604600002,23.313251909000087],[120.15412464300005,23.313092904000086],[120.15621397500001,23.310043737000058],[120.16057531500007,23.310647562000042],[120.16832974800002,23.30701403200004],[120.17391649300009,23.299904928000046],[120.17591364200007,23.29401818900004],[120.178672946,23.29172940500007],[120.18903997300004,23.290218784000047],[120.18934883600002,23.29235142500005],[120.1857847230001,23.296605732000046],[120.1884030870001,23.30123554000005],[120.20426891800003,23.291902122000067],[120.21238334600002,23.29170313700007],[120.22263157300006,23.29832179500005],[120.2375855030001,23.326649435000036],[120.24586068100007,23.32685446000005],[120.2563889600001,23.331074968000053],[120.2670448880001,23.340634884000053],[120.26749330100006,23.344759545000045],[120.26070463000008,23.34447353900009],[120.26603068600002,23.352582403000042],[120.27048827300007,23.353691901000047],[120.27331024900002,23.352732957000057],[120.27773082600004,23.34771826900004],[120.28620395100006,23.350275416000045],[120.28366834500002,23.36000015600007],[120.28588517100002,23.367218714000046],[120.29273351300003,23.37532057900006],[120.31094019500006,23.375440025000046],[120.31099853600006,23.385570168000072],[120.31476761200008,23.388462589000085],[120.3178376940001,23.38843647300007],[120.32168847000003,23.38359343700006],[120.32349427600002,23.383619733000046],[120.3284384960001,23.386066475000064],[120.32892949900008,23.384881372000052],[120.33385595700008,23.386102893000043],[120.34309511200001,23.398286297000084],[120.34901389100003,23.40122092100006],[120.38424453700009,23.404087452000056],[120.4041681860001,23.41004902900005],[120.40810395400001,23.413428820000036],[120.41048667300004,23.410170717000085],[120.41629752000006,23.410420034000083],[120.42005649500004,23.403467016000036],[120.421947047,23.40704682200004],[120.43030853700009,23.40648647200004],[120.43224091400009,23.410817853000083],[120.43999341000006,23.413733037000043],[120.4532618510001,23.406478100000072],[120.46093314900008,23.404709164000053],[120.46494921400006,23.400772103000065],[120.46768370900008,23.401124481000068],[120.47339521600009,23.39807495100007],[120.47614053400002,23.393832056000065],[120.47538014600002,23.391003442000056],[120.47746623400008,23.390712905000044],[120.47941495400005,23.387590969000087],[120.485670271,23.391440162000038],[120.48553545300001,23.393064076000087],[120.48915945700003,23.392448365000064],[120.490320333,23.395625824000035],[120.49493556100003,23.39435902300005],[120.49902514300004,23.387400180000043],[120.49681448600006,23.384247110000047],[120.49027414200009,23.38307250300005],[120.4843975660001,23.379482839000048],[120.48293642700003,23.372328897000045],[120.48393132300009,23.36956895800006],[120.48872110800005,23.37306966400007],[120.49009267600002,23.371122437000054],[120.491497546,23.372488957000087],[120.49426724200009,23.369490030000065],[120.49946897500001,23.368036679000056],[120.50483223600008,23.368903312000043],[120.50492267100003,23.36743357200004],[120.51053470800002,23.364361349000035],[120.51245986800006,23.35630008600009],[120.50808599700008,23.352761446000045],[120.506155809,23.355298300000072],[120.50471535500003,23.35468158000009],[120.50355812200007,23.350289604000068],[120.505087323,23.34481623100004],[120.50785734400006,23.34299679800006],[120.51558096300005,23.34374035600007],[120.52310872500004,23.340679815000044],[120.52474268500009,23.338203664000048],[120.526927828,23.33938673600005],[120.5337204330001,23.33647292200004],[120.53999421000003,23.327871341000048],[120.53194898600009,23.321150010000053],[120.530851622,23.317108836000045],[120.52255000100001,23.31175618000009],[120.52627796700006,23.295335587000068],[120.52600819600002,23.292228514000044],[120.52185952500008,23.28809300100005],[120.52294142900007,23.28206159800004],[120.52096640700006,23.279687529000057],[120.52232147100005,23.27429221200009],[120.5204249630001,23.27177819900004],[120.526090383,23.26649068800009],[120.52931911200005,23.25787575000004],[120.53229389400008,23.255054184000073],[120.52790771600007,23.245361693000063],[120.51903598400008,23.239257658000042],[120.52574306400004,23.23153370700004],[120.529678149,23.23254953500009],[120.53195758300001,23.22966678100005],[120.54150716200002,23.227830870000048],[120.54853313000001,23.223989903000074],[120.5549808610001,23.21747483100006],[120.5613718510001,23.217416012000058],[120.56528750700011,23.220981529000085],[120.57487396400006,23.217699578000065],[120.57826003100001,23.21478445200006],[120.579680854,23.218992313000058],[120.58661287900009,23.224165161000087],[120.59248832100002,23.239855480000074],[120.59579237000003,23.236728321000044],[120.597240037,23.229043148000073],[120.6065180280001,23.225778452000043],[120.60982453200006,23.222637201000055],[120.61676200300008,23.223547005000057],[120.618389019,23.22564674000006],[120.62837944900002,23.22944913400005],[120.6341085890001,23.22922635900005],[120.64417408200006,23.22531891200009],[120.64690778800002,23.227134789000047],[120.65188433900005,23.224040056000035],[120.65344465500004,23.22453991200007],[120.6494835740001,23.22864089300009],[120.651310857,23.235821181000063],[120.64789303100008,23.244630158000064],[120.6492336450001,23.246911194000063],[120.64208203700002,23.256810949000055],[120.64069045000008,23.266517410000063],[120.6382846790001,23.269177549000062],[120.6410897940001,23.271025484000063],[120.6406308060001,23.27416637300007],[120.643152407,23.27598199600004],[120.64191256800007,23.278543625000054],[120.64405026200006,23.28223005800004],[120.64185625800008,23.287477353000043],[120.64372240600005,23.28943909700007],[120.64202870300005,23.292903943000056],[120.64374349400009,23.29609933800009],[120.64702357200008,23.29744069700007],[120.65200329900006,23.29117255600005],[120.65531885000007,23.291935539000065],[120.6584253960001,23.295974104000038],[120.662673917,23.29354257400007],[120.66731352200009,23.294027424000035],[120.670889611,23.29020048600006],[120.67454847300007,23.290890060000038],[120.67735418100006,23.287845808000043],[120.67882135700006,23.288848193000035],[120.6898963650001,23.28530933600007],[120.69954328100005,23.284425705000046],[120.70341507500007,23.289091590000055],[120.70283364600004,23.297565648000045],[120.70676994400003,23.30472984100004],[120.71216585100001,23.308699114000035],[120.72130942000001,23.30826877900006],[120.73062919900008,23.305613882000046],[120.73016741800006,23.31075807400009],[120.73230712000009,23.313860873000067],[120.7394310630001,23.316843632000086],[120.74104853300003,23.32108376800005],[120.74785577800003,23.321911254000042],[120.75287230200001,23.327044801000056],[120.75238093600001,23.331032744000083],[120.75644378700008,23.332791670000063],[120.75882723000007,23.336445869000045],[120.7570779130001,23.338561362000064],[120.7580685590001,23.344266598000047],[120.76442691900002,23.341672326000037],[120.76845508100007,23.343879558000083],[120.7733336870001,23.341825403000087],[120.77713461000008,23.343540475000054],[120.78321420400005,23.342206359000045],[120.787580832,23.34614322300007],[120.78845141300008,23.352822781000043],[120.79180562500005,23.35346931400005],[120.79198498900007,23.35724549400004],[120.79624122400003,23.356859566000082],[120.797902636,23.360316411000042],[120.80064454300009,23.360645315000056],[120.801081705,23.36373155600006],[120.80469406300006,23.36721318900004],[120.80327262500009,23.36946234900006],[120.80429094600004,23.37066472500004],[120.8085182430001,23.36839290800009],[120.81627516500009,23.371480594000047],[120.82119402300009,23.370524549000038],[120.82542187800004,23.371708780000063],[120.82911135200004,23.37579859500005],[120.8293776370001,23.383432717000062],[120.83097110000006,23.386602881000044],[120.83462706,23.38668242600005],[120.83411693400001,23.389654369000084],[120.83558184200001,23.389863007000088],[120.83687221700006,23.393388428000037],[120.84100644700004,23.39492486100005],[120.83841276800001,23.398249002000057],[120.8439385590001,23.40392588700007],[120.84475408000003,23.408230452000055],[120.8493071690001,23.412011249000045],[120.84977884900002,23.42035672800006],[120.8539680020001,23.42318825500007],[120.85707626500005,23.421969050000087],[120.8591019700001,23.425120699000047],[120.86004118900007,23.423786116000088],[120.86452309000003,23.423942029000045],[120.86624945800008,23.42607970800009],[120.8696196410001,23.426431225000044],[120.87536180400002,23.432769002000043],[120.88161708500002,23.433014942000057],[120.88382405700008,23.436256798000045],[120.88676432,23.434855155000037],[120.89176675700003,23.446609854000087],[120.89287116500009,23.44521517000004],[120.89514542800009,23.44592259500007],[120.89624458200001,23.45041745900005],[120.90041078200011,23.452094473000045],[120.90052262100005,23.45408986800004],[120.90566955700001,23.45317655300005],[120.90940193300003,23.45754465300007],[120.91616486700002,23.458889012000043],[120.92143776800003,23.45910106900004],[120.92848238400006,23.45549393500005],[120.92838492400006,23.45690934000004],[120.934750033,23.45844085500005],[120.93449773200007,23.46145137600007],[120.936638862,23.46378160100005],[120.94843525800002,23.46416752600004],[120.95738650600003,23.46896231100004],[120.94751877600004,23.46712332800007],[120.93756816200005,23.473054296000043],[120.93464996,23.473113486000045],[120.93096332300001,23.470664490000047],[120.92092233700009,23.474928418000047],[120.91021170800002,23.47623010700005],[120.88670628500006,23.475564546000044],[120.88426908200006,23.474308816000075],[120.88189915300006,23.46828965900005],[120.880026122,23.467622967000068],[120.8730948540001,23.46852801400007],[120.86320042400007,23.473550602000046],[120.84914428400009,23.47209306400009],[120.8420918380001,23.473259173000088],[120.83897232600009,23.47121982400006],[120.83264214600001,23.47473265900004],[120.827074939,23.48338279300009],[120.82531320500004,23.495310393000068],[120.82284991900008,23.49867309800004],[120.82406666300005,23.505279874000053],[120.823043343,23.51136102600009],[120.81955500400011,23.51558243100004],[120.82034748300009,23.521483414000045],[120.80863593900006,23.53597294700006],[120.80883180400008,23.545861569000067],[120.811493154,23.551056051000046],[120.81586291600001,23.55311052600007],[120.81414732200005,23.556243461000065],[120.82062586500001,23.56240188600009],[120.81992285000001,23.564518388000067],[120.82189665300007,23.57091163800004],[120.81962473500005,23.57453242400004],[120.81990567700007,23.57768057800007],[120.82552682400001,23.58636858500006],[120.81988463900007,23.590439169000035],[120.816869849,23.59560321200007],[120.81861133400002,23.598243068000045],[120.81723592500009,23.59978183000004],[120.81370667700003,23.60095152100007],[120.80979046900006,23.59868913400004],[120.80512343100008,23.59861842400005],[120.80332797300002,23.596647546000042],[120.79491609800004,23.597249054000088],[120.7908706830001,23.60094534700005],[120.78312834200005,23.600738343000046],[120.77021898100008,23.605963973000087],[120.76941267100005,23.60837281000005],[120.76428142300006,23.61223882200005],[120.75198962800005,23.61473437300009],[120.74747908800009,23.61116519300009],[120.74438693900004,23.612666955000066],[120.7377198690001,23.60967884300004],[120.72999827300009,23.61059240500009],[120.724550722,23.603772219000064],[120.7287492050001,23.598989929000084],[120.73270898400006,23.597173352000084],[120.72990183000002,23.593639416000087],[120.73399134400006,23.584213455000054],[120.7321601540001,23.57713009300005],[120.73517079400006,23.57502830800007],[120.73615724500007,23.57045869500007],[120.72790321000002,23.570328465000046],[120.72449535200008,23.57189696200004],[120.7179434740001,23.56904442700005],[120.71609754300005,23.57106628100007],[120.71004968800003,23.571190105000085],[120.708898342,23.57570976100004],[120.69369473200004,23.576507246000062],[120.67623929900003,23.57071313700004],[120.66995675800001,23.578786311000044],[120.6606829110001,23.576295875000085],[120.65670278700009,23.57240588600007],[120.6508202220001,23.572425397000075],[120.64733658900002,23.576654243000064],[120.64345781400004,23.57571589400004],[120.64347974200007,23.57821359400009],[120.64916629800007,23.583311429000048],[120.6492612720001,23.585700932000066],[120.64732454800003,23.585808943000075],[120.6470771920001,23.587482788000045],[120.649118187,23.592471930000045],[120.64745478400005,23.593217827000046],[120.630829059,23.589953596000043],[120.62473770000008,23.590540556000064],[120.61899604300004,23.584170235000045],[120.61546163100002,23.585321350000072],[120.61019375000001,23.582620700000064],[120.60651217100008,23.584212995000087],[120.600311379,23.583132316000047],[120.58974197400005,23.58572030600004],[120.58591500200009,23.58260031000009],[120.58139968900002,23.58212990600009],[120.57673909100004,23.583516131000067],[120.57070634700005,23.58804248200005],[120.567088592,23.58774293500005],[120.56496101200003,23.589513277000037],[120.55813688600006,23.58906018600004],[120.55632683200008,23.592924906000064],[120.53731190100007,23.594579971000087],[120.52951097200003,23.59986065600009],[120.52772262400003,23.603209586000048],[120.5194073240001,23.609242667000046],[120.5102435020001,23.619351554000048],[120.50644810400001,23.625863430000038],[120.50764051700003,23.630237074000036],[120.50586515200007,23.633905937000065],[120.49948590300005,23.63506584600009],[120.49297278300003,23.63316777700004]],[[120.44658881400005,23.518391647000044],[120.4571056320001,23.515683438000053],[120.45630314900006,23.511771228000043],[120.46411595000006,23.49922764300004],[120.46971641900006,23.499773411000035],[120.47349679900003,23.506849066000086],[120.47999776200004,23.504338982000036],[120.4831504120001,23.50536399500004],[120.48470000400005,23.501740596000047],[120.48376267200001,23.496086464000086],[120.48738684600005,23.492149348000055],[120.5012513470001,23.48990830200006],[120.50190331900001,23.486329228000045],[120.50372702100003,23.48500315600006],[120.50181675200008,23.480930325000088],[120.50407370800008,23.48097902300009],[120.50368719800008,23.47888437100005],[120.509007462,23.47516089900006],[120.50934094700006,23.472674074000054],[120.50374757200007,23.467177362000086],[120.499710553,23.465389427000048],[120.50065724600006,23.460973943000056],[120.4952279150001,23.45290225900004],[120.48961187100008,23.452247775000046],[120.47680056400009,23.461985533000075],[120.46873082100001,23.46162255200005],[120.46454649600003,23.458297778000087],[120.46451895400003,23.45561396000005],[120.4610111510001,23.455321447000074],[120.45470862000002,23.450320332000047],[120.452458277,23.444502834000048],[120.43957039400004,23.439557556000068],[120.4358555230001,23.443586097000036],[120.43823139900007,23.44480819800009],[120.43803361000005,23.44653364900006],[120.43445933800001,23.45069039300006],[120.43284450500005,23.450109651000048],[120.43019546100004,23.452178812000056],[120.4292926490001,23.461042879000047],[120.4151554870001,23.460276732000068],[120.4112740270001,23.464786679000042],[120.39416728900005,23.46252148800005],[120.39427482600001,23.466465019000054],[120.39927272300008,23.471070603000044],[120.39906358200005,23.478419948000067],[120.393432695,23.482378896000057],[120.394716217,23.49074898400005],[120.38977944800001,23.49135270900007],[120.38933894000002,23.49865225800005],[120.3944663100001,23.500812823000047],[120.4001989620001,23.498757537000074],[120.40100387100006,23.501873015000058],[120.40880062800011,23.506573900000035],[120.40838498700009,23.49853108800005],[120.41198363600006,23.499017009000056],[120.41674830700003,23.50535910900004],[120.42476161600007,23.506303108000054],[120.42747680800005,23.50917958100007],[120.4333514330001,23.509031140000047],[120.4336103710001,23.517170040000053],[120.43583557700003,23.516769012000054],[120.43717725400006,23.513968223000063],[120.44060638600001,23.51193539800005],[120.4421424310001,23.51332311500005],[120.44061543800001,23.51829629200006],[120.44438539700002,23.517280243000073],[120.44658881400005,23.518391647000044]]]]}},{"type":"Feature","properties":{"COUNTYCODE":"09020","COUNTYNAME":"金門縣","COUNTYENG":"Kinmen County"},"geometry":{"type":"MultiPolygon","coordinates":[[[[118.23242538500006,24.16077015600007],[118.23454738500004,24.16025806600004],[118.23505542100008,24.16257743500006],[118.23242538500006,24.16077015600007]]],[[[118.13892412900009,24.374711507000086],[118.13879224900006,24.374987255000065],[118.13817829700008,24.37500338400008],[118.13892412900009,24.374711507000086]]],[[[118.14155339400008,24.377802087000077],[118.1426048720001,24.377632904000052],[118.14267629000005,24.378233612000088],[118.14155339400008,24.377802087000077]]],[[[118.14555951500006,24.378928536000046],[118.14367476000007,24.378498173000082],[118.14470461300004,24.375479735000056],[118.14512986900002,24.375889056000062],[118.14515745100005,24.37651638200009],[118.14478744400003,24.377409983000064],[118.14571671500005,24.37772171200004],[118.14555951500006,24.378928536000046]]],[[[118.16325566800003,24.381319463000068],[118.15432809800006,24.38373912500009],[118.15135905300008,24.38233072400004],[118.15684458400005,24.37720437100006],[118.16325566800003,24.381319463000068]]],[[[118.33894824400011,24.38992259300005],[118.33895249300008,24.389306772000054],[118.33973680200006,24.389971734000085],[118.33894824400011,24.38992259300005]]],[[[118.16100279900002,24.395605810000063],[118.1592115840001,24.39323891500004],[118.16175702100008,24.389990158000046],[118.161818251,24.387331594000045],[118.16576351800006,24.386841789000073],[118.16898275400001,24.38421169500009],[118.17278638900007,24.38633329600009],[118.17098454000006,24.389620128000047],[118.1652084640001,24.39011124800004],[118.16420733400003,24.39524713900005],[118.16100279900002,24.395605810000063]]],[[[118.19368477,24.398136684000065],[118.19148194600007,24.39700490000007],[118.19483350000007,24.395394859000078],[118.19368477,24.398136684000065]]],[[[118.22836541700008,24.404260582000063],[118.22903709800005,24.40289200600006],[118.23159052200003,24.403077764000045],[118.2304589040001,24.404630265000037],[118.22836541700008,24.404260582000063]]],[[[118.43824574200005,24.40720688400006],[118.43796002300007,24.40727052400007],[118.438010609,24.40709954400006],[118.43824574200005,24.40720688400006]]],[[[118.43842966300008,24.40770338300007],[118.43811989100004,24.407857682000042],[118.43827150700008,24.407392972000082],[118.43842966300008,24.40770338300007]]],[[[118.43896781500007,24.40826617600004],[118.4390459870001,24.408082621000062],[118.43928514900006,24.408095813000045],[118.43896781500007,24.40826617600004]]],[[[118.438661282,24.408600767000053],[118.43851018100008,24.408448829000065],[118.43888259100004,24.408288938000055],[118.438661282,24.408600767000053]]],[[[118.43889756700003,24.408743711000056],[118.43879374300002,24.40870098000005],[118.43883394800002,24.408656283000084],[118.43889756700003,24.408743711000056]]],[[[118.43797184900006,24.40882192500004],[118.43780036400005,24.408790518000046],[118.43791601100008,24.40864151100004],[118.43797184900006,24.40882192500004]]],[[[118.3463505850001,24.408727198000065],[118.34565430100008,24.40895689300004],[118.3453777840001,24.40838240800008],[118.3463505850001,24.408727198000065]]],[[[118.43756277700004,24.409100009000042],[118.43741156100009,24.408947087000058],[118.43750091300001,24.40883804400005],[118.43756277700004,24.409100009000042]]],[[[118.34666318400002,24.408983050000074],[118.34658618800006,24.40913055200008],[118.34632214200008,24.40902538000006],[118.34666318400002,24.408983050000074]]],[[[118.439215418,24.409705590000044],[118.43902004300003,24.409707429000036],[118.43901170400011,24.409558135000054],[118.439215418,24.409705590000044]]],[[[118.44000156800007,24.409824556000046],[118.43928090600002,24.40957828200004],[118.43977692500005,24.409112074000063],[118.44000156800007,24.409824556000046]]],[[[118.44010560200002,24.41066995500006],[118.4399742810001,24.41060763900009],[118.44012501600002,24.41045067300007],[118.44010560200002,24.41066995500006]]],[[[118.44718798200006,24.41240073000006],[118.44699109200008,24.41249444300007],[118.4468965740001,24.41225766900004],[118.44718798200006,24.41240073000006]]],[[[118.44688211500011,24.412947778000046],[118.44716993100008,24.413032266000073],[118.447035562,24.413161717000037],[118.44688211500011,24.412947778000046]]],[[[118.44806241100002,24.41365439200007],[118.44766159900007,24.413668406000056],[118.44769589200007,24.41349738100007],[118.44806241100002,24.41365439200007]]],[[[118.456108363,24.414237422000042],[118.45616193500007,24.412809381000045],[118.45923059800009,24.412691253000048],[118.4587997110001,24.414096964000066],[118.456108363,24.414237422000042]]],[[[118.45845878600005,24.415954164000084],[118.45841767500008,24.416252041000064],[118.457397044,24.415712985000084],[118.45845878600005,24.415954164000084]]],[[[118.46061338900006,24.416701445000058],[118.45936247300006,24.41692742400005],[118.45887509200008,24.41561088800006],[118.46061338900006,24.416701445000058]]],[[[118.50554672300007,24.42816987200007],[118.50374240100007,24.428246065000053],[118.50387178300002,24.426292140000044],[118.50565034200008,24.426674265000088],[118.50554672300007,24.42816987200007]]],[[[118.19938570700003,24.436760350000043],[118.19963536800003,24.437246522000066],[118.1979095690001,24.43713859500008],[118.19938570700003,24.436760350000043]]],[[[118.2126615410001,24.452069205000043],[118.210841964,24.45159261300006],[118.21161696000001,24.45136889400004],[118.2126615410001,24.452069205000043]]],[[[118.20985217500004,24.45439762700005],[118.20893523400002,24.45277076900004],[118.21048838800004,24.453101519000086],[118.20985217500004,24.45439762700005]]],[[[118.22761796100008,24.455823813000052],[118.225901647,24.45575917000008],[118.2260339820001,24.455654734000063],[118.22761796100008,24.455823813000052]]],[[[118.24885272400002,24.456362372000058],[118.23336451,24.45368008400004],[118.22729604100005,24.44787209900005],[118.22384190900004,24.436617486000046],[118.21679843600009,24.42806878300007],[118.2173648160001,24.42076623400004],[118.21455810500004,24.41483884300004],[118.21636641500004,24.41307199700009],[118.21156066000003,24.412482842000088],[118.21351245000005,24.409773403000088],[118.22208202900003,24.408793039000045],[118.22595898300006,24.405048411000053],[118.2331683330001,24.413316700000053],[118.24054088900004,24.414654754000082],[118.241825232,24.413854229000037],[118.24148379000007,24.411260155000036],[118.2453429840001,24.41363773200004],[118.250038819,24.41825805700006],[118.24870510100004,24.419411939000042],[118.24990948200002,24.42159330000004],[118.25463511200007,24.424885017000065],[118.25844402100006,24.425080826000055],[118.25888148500007,24.422958878000088],[118.2585527650001,24.42466660300005],[118.25973691500008,24.42448331500009],[118.260527024,24.423094656000046],[118.25928860500005,24.42212173000007],[118.26307276900002,24.422534958000085],[118.26631177500008,24.428128168000057],[118.26636942300001,24.434672918000047],[118.26982622900005,24.43824765100004],[118.26817910700004,24.43969553900007],[118.26916118200006,24.445985308000047],[118.26367983300008,24.448210954000047],[118.25804716200003,24.454036898000084],[118.24885272400002,24.456362372000058]]],[[[118.23220360800008,24.457777047000036],[118.23182918400005,24.457707618000086],[118.231907396,24.457633187000056],[118.23220360800008,24.457777047000036]]],[[[118.27767836800001,24.453812051000057],[118.27204529700009,24.458043966000048],[118.26882018000003,24.45248635300004],[118.2763523530001,24.452284957000074],[118.27767836800001,24.453812051000057]]],[[[118.24240234700005,24.460199105000072],[118.24241281700006,24.460276923000038],[118.24202094000009,24.460321014000044],[118.24240234700005,24.460199105000072]]],[[[118.39704666800003,24.522039499000073],[118.39695795700004,24.521890926000083],[118.39717874500002,24.521918756000048],[118.39704666800003,24.522039499000073]]],[[[118.39661312100009,24.52339139600008],[118.39619358900006,24.522923750000075],[118.39692722200004,24.522338312000045],[118.39661312100009,24.52339139600008]]],[[[118.3969948670001,24.524486151000076],[118.39678799900003,24.524920354000074],[118.39627249300008,24.524607134000064],[118.3969948670001,24.524486151000076]]],[[[118.43905705200007,24.524743673000046],[118.43658336800002,24.52406509900004],[118.43470532200001,24.52234149900005],[118.4390681430001,24.52344706300005],[118.43905705200007,24.524743673000046]]],[[[118.41130199300005,24.53214617000009],[118.4073035670001,24.53423059700009],[118.40569630200002,24.531767350000052],[118.407657975,24.53007397400006],[118.40559713900006,24.527472663000083],[118.39769959500006,24.528108330000066],[118.39651830000003,24.525735473000054],[118.39964486200006,24.525450590000048],[118.40075780100005,24.522225139000057],[118.3968380120001,24.51955242200006],[118.39202964600008,24.51160893100007],[118.38403512500008,24.50810021500007],[118.3856987580001,24.49359419500007],[118.38072305900005,24.491249736000043],[118.37905186,24.485044879000043],[118.36311570700002,24.471675437000044],[118.350431415,24.471658817000048],[118.3455158160001,24.474406977000058],[118.3362824300001,24.476032083000064],[118.3269813060001,24.483041986000046],[118.32038466100005,24.49148665900009],[118.31286413600003,24.495526145000042],[118.30281773500008,24.494730212000036],[118.29273240100008,24.48992181600005],[118.28654850800001,24.478902530000084],[118.286213987,24.47482692600005],[118.28845622400002,24.469922157000042],[118.2953424860001,24.462361789000056],[118.29554605500005,24.456002581000064],[118.30218241300008,24.446200660000045],[118.30295354300006,24.438485540000045],[118.29091077600003,24.418848169000057],[118.28095646600002,24.417030253000064],[118.27799702900006,24.41289314100004],[118.29083387500009,24.40414868000005],[118.29063454800007,24.401989665000087],[118.29560145800008,24.39916097200006],[118.295927323,24.395711003000088],[118.30485497100005,24.39580968900009],[118.30921584200007,24.39022998300004],[118.315130511,24.39004221600004],[118.32211394300009,24.38555739900005],[118.325000015,24.388039338000056],[118.32755997000004,24.386966465000057],[118.33423060500002,24.39108911900007],[118.33870151100007,24.404531357000053],[118.34771172,24.414961666000067],[118.35035369000002,24.420553322000046],[118.37032215200009,24.430958816000043],[118.3854593750001,24.43506976900005],[118.40260476600008,24.434983285000044],[118.40820741200002,24.432181593000053],[118.4090085140001,24.428692529000045],[118.40985173900003,24.431804619000047],[118.41097339300006,24.431424175000075],[118.4092105090001,24.427572697000073],[118.41263116700009,24.428530041000045],[118.42745753100007,24.423893792000058],[118.43300906500008,24.416475468000044],[118.43082182700005,24.412665463000053],[118.42558841300001,24.410958116000074],[118.43019877900008,24.41224290100007],[118.42908478300001,24.410370845000045],[118.4322982010001,24.409790585000053],[118.42750846800004,24.408364120000044],[118.42623820600011,24.40933368000009],[118.42619317700007,24.40678200900004],[118.43494064200002,24.40769403200005],[118.437532197,24.41015294400006],[118.44678596400001,24.412399812000046],[118.44586509800001,24.41386181100006],[118.44835657300007,24.41550385100004],[118.454947995,24.416271124000048],[118.45731583400004,24.426017268000066],[118.460527716,24.423677749000035],[118.46243630700008,24.427235419000056],[118.4652789490001,24.42870935800005],[118.4638478280001,24.429679099000055],[118.46650151300003,24.43090987700009],[118.46345410800006,24.435855029000038],[118.46048945200005,24.436282807000055],[118.461030392,24.43814856700004],[118.46284504000005,24.438040339000054],[118.46264097400001,24.44017439000004],[118.466183946,24.441991846000064],[118.47060785200006,24.439753986000085],[118.4710876910001,24.441591906000042],[118.472664302,24.441514914000038],[118.47419400600006,24.449566769000057],[118.4781594100001,24.450260094000043],[118.47619394000003,24.45328171700004],[118.47033611300003,24.455222607000053],[118.46616439800005,24.461148084000058],[118.46401990200002,24.467696860000046],[118.4634267670001,24.476592397000047],[118.46898564000003,24.48044728800005],[118.4689343340001,24.483682849000047],[118.461939089,24.484262776000037],[118.45861584200009,24.48701253100006],[118.45510542300008,24.492806147000067],[118.4549472970001,24.497563368000044],[118.45073403100002,24.501024888000074],[118.45010724100007,24.51100131000004],[118.43565251900009,24.514482315000066],[118.43153397800006,24.52194709300005],[118.433404333,24.52271793500006],[118.43357581400005,24.525008212000046],[118.42952098,24.52528062400006],[118.42931779100002,24.52738301700009],[118.42412239600003,24.527670710000052],[118.419181009,24.53044172600005],[118.41444832900004,24.52831141300004],[118.41085064100002,24.530559431000086],[118.41130199300005,24.53214617000009]]],[[[119.47270944800005,24.987225030000047],[119.46780864000004,24.984393110000042],[119.46563249600001,24.982412167000064],[119.46598171000005,24.979953125000065],[119.47277340800008,24.977602855000043],[119.47619848800002,24.979380307000042],[119.47887511400006,24.985884086000056],[119.47270944800005,24.987225030000047]]],[[[119.45832998700007,24.98946680800009],[119.45579384100006,24.994964977000052],[119.4447809290001,24.999616759000048],[119.44343973800005,24.998719314000084],[119.44766726300008,24.987500068000088],[119.45687182200004,24.98524537700007],[119.45832998700007,24.98946680800009]]]]}},{"type":"Feature","properties":{"COUNTYCODE":"64000","COUNTYNAME":"高雄市","COUNTYENG":"Kaohsiung City"},"geometry":{"type":"MultiPolygon","coordinates":[[[[114.361684094,10.372797915000092],[114.36177567000004,10.372780809000062],[114.36176243,10.372800534000078],[114.361684094,10.372797915000092]]],[[[114.36166662200003,10.372838283000078],[114.36163826500001,10.372852029000057],[114.361631676,10.372811225000078],[114.36166662200003,10.372838283000078]]],[[[114.36161780900011,10.372905349000064],[114.3615826250001,10.372925978000069],[114.36156664800001,10.372887597000044],[114.36161780900011,10.372905349000064]]],[[[114.3616382130001,10.37311003700006],[114.36151827800006,10.372965334000071],[114.36182729300003,10.37306792700008],[114.3616382130001,10.37311003700006]]],[[[114.36194599600003,10.373260848000086],[114.361803012,10.373161469000081],[114.36185113800002,10.37313288200005],[114.36194599600003,10.373260848000086]]],[[[114.36981253700003,10.379937779000045],[114.36003354400009,10.376286393000044],[114.3596759620001,10.372126742000091],[114.36157409900011,10.371347663000051],[114.35995546800007,10.372225386000082],[114.36179962200004,10.374825181000062],[114.36250658000006,10.373081411000044],[114.36995226800002,10.377211732000092],[114.37141184100005,10.378600824000046],[114.36981253700003,10.379937779000045]]],[[[116.7187577300001,20.70179401100006],[116.71873791200005,20.70179397900006],[116.71873342100002,20.701749504000077],[116.7187577300001,20.70179401100006]]],[[[116.718711869,20.701862790000064],[116.71907042500004,20.701696979000076],[116.719021397,20.701830303000065],[116.718711869,20.701862790000064]]],[[[116.71849036800006,20.701962869000056],[116.71845193700005,20.70196971300004],[116.71847303900006,20.70182390000008],[116.71849036800006,20.701962869000056]]],[[[116.71802356400008,20.702141382000036],[116.71786924000003,20.702056975000062],[116.71821316800003,20.70197099300009],[116.71802356400008,20.702141382000036]]],[[[116.71846576600001,20.702222435000067],[116.71839873400006,20.702197939000087],[116.71846134100008,20.70214209800008],[116.71846576600001,20.702222435000067]]],[[[116.71824841900002,20.702281609000067],[116.71901786700005,20.702091367000037],[116.71888602800004,20.70235198200004],[116.71824841900002,20.702281609000067]]],[[[116.70844212400004,20.703253922000044],[116.70854483400001,20.70288342200007],[116.70890328900009,20.70293681600009],[116.70844212400004,20.703253922000044]]],[[[116.70724364900002,20.704593850000037],[116.7069131080001,20.704715216000068],[116.707704057,20.70326177000004],[116.70724364900002,20.704593850000037]]],[[[116.71030107800004,20.70489149200006],[116.71022091100008,20.70481411500009],[116.710261726,20.704775126000072],[116.71030107800004,20.70489149200006]]],[[[116.71662016900007,20.709668758000078],[116.71168002800005,20.708433294000088],[116.71082443,20.70655680400006],[116.71208559000002,20.705747657000074],[116.71184237600005,20.707667364000088],[116.7153314950001,20.707449015000066],[116.71827285500001,20.705288874000075],[116.72597424500009,20.70492433000004],[116.72673423100002,20.703328471000077],[116.72108410200008,20.702036299000042],[116.72385303100009,20.701589760000047],[116.72300090400006,20.699764950000088],[116.71429518100001,20.702760013000045],[116.7129194580001,20.705185309000058],[116.71032425500005,20.70385355800005],[116.727708194,20.697404202000087],[116.73485506500003,20.69747568200006],[116.731877714,20.703276256000038],[116.71662016900007,20.709668758000078]]],[[[120.96846663200006,23.47122749600004],[120.95751490300006,23.46950276700005],[120.95599931900006,23.467335887000047],[120.94843525800002,23.46416752600004],[120.936638862,23.46378160100005],[120.93449773200007,23.46145137600007],[120.934750033,23.45844085500005],[120.92838492400006,23.45690934000004],[120.92848238400006,23.45549393500005],[120.92143776800003,23.45910106900004],[120.91616486700002,23.458889012000043],[120.90940193300003,23.45754465300007],[120.90566955700001,23.45317655300005],[120.90052262100005,23.45408986800004],[120.90041078200011,23.452094473000045],[120.89624458200001,23.45041745900005],[120.89514542800009,23.44592259500007],[120.89287116500009,23.44521517000004],[120.89176675700003,23.446609854000087],[120.88676432,23.434855155000037],[120.88382405700008,23.436256798000045],[120.88161708500002,23.433014942000057],[120.87536180400002,23.432769002000043],[120.8696196410001,23.426431225000044],[120.86624945800008,23.42607970800009],[120.86452309000003,23.423942029000045],[120.86004118900007,23.423786116000088],[120.8591019700001,23.425120699000047],[120.85707626500005,23.421969050000087],[120.8539680020001,23.42318825500007],[120.84977884900002,23.42035672800006],[120.8493071690001,23.412011249000045],[120.84475408000003,23.408230452000055],[120.8439385590001,23.40392588700007],[120.83841276800001,23.398249002000057],[120.84100644700004,23.39492486100005],[120.83687221700006,23.393388428000037],[120.83558184200001,23.389863007000088],[120.83411693400001,23.389654369000084],[120.83462706,23.38668242600005],[120.83097110000006,23.386602881000044],[120.8293776370001,23.383432717000062],[120.82911135200004,23.37579859500005],[120.82542187800004,23.371708780000063],[120.82119402300009,23.370524549000038],[120.81627516500009,23.371480594000047],[120.8085182430001,23.36839290800009],[120.80429094600004,23.37066472500004],[120.80327262500009,23.36946234900006],[120.80469406300006,23.36721318900004],[120.801081705,23.36373155600006],[120.80064454300009,23.360645315000056],[120.797902636,23.360316411000042],[120.79624122400003,23.356859566000082],[120.79198498900007,23.35724549400004],[120.79180562500005,23.35346931400005],[120.78845141300008,23.352822781000043],[120.787580832,23.34614322300007],[120.78321420400005,23.342206359000045],[120.77713461000008,23.343540475000054],[120.7733336870001,23.341825403000087],[120.76845508100007,23.343879558000083],[120.76442691900002,23.341672326000037],[120.7580685590001,23.344266598000047],[120.7570779130001,23.338561362000064],[120.75882723000007,23.336445869000045],[120.75644378700008,23.332791670000063],[120.75238093600001,23.331032744000083],[120.75287230200001,23.327044801000056],[120.74785577800003,23.321911254000042],[120.74104853300003,23.32108376800005],[120.7394310630001,23.316843632000086],[120.73230712000009,23.313860873000067],[120.73016741800006,23.31075807400009],[120.73062919900008,23.305613882000046],[120.72130942000001,23.30826877900006],[120.71216585100001,23.308699114000035],[120.70676994400003,23.30472984100004],[120.70283364600004,23.297565648000045],[120.70341507500007,23.289091590000055],[120.69954328100005,23.284425705000046],[120.6898963650001,23.28530933600007],[120.67882135700006,23.288848193000035],[120.67735418100006,23.287845808000043],[120.67454847300007,23.290890060000038],[120.670889611,23.29020048600006],[120.66731352200009,23.294027424000035],[120.662673917,23.29354257400007],[120.6584253960001,23.295974104000038],[120.65531885000007,23.291935539000065],[120.65200329900006,23.29117255600005],[120.64702357200008,23.29744069700007],[120.64374349400009,23.29609933800009],[120.64202870300005,23.292903943000056],[120.64372240600005,23.28943909700007],[120.64185625800008,23.287477353000043],[120.64405026200006,23.28223005800004],[120.64191256800007,23.278543625000054],[120.643152407,23.27598199600004],[120.6406308060001,23.27416637300007],[120.6410897940001,23.271025484000063],[120.6382846790001,23.269177549000062],[120.64069045000008,23.266517410000063],[120.64208203700002,23.256810949000055],[120.6484493910001,23.249254068000084],[120.6492336450001,23.246911194000063],[120.64789303100008,23.244630158000064],[120.651310857,23.235821181000063],[120.64952440400009,23.228460892000044],[120.65529715600007,23.223284510000042],[120.65626739300001,23.21789981200004],[120.65146174200004,23.208511998000063],[120.64835924200008,23.208578627000065],[120.64345482600004,23.203542606000042],[120.63899548300003,23.192737286000067],[120.63695102400004,23.191327653000087],[120.63840091700001,23.18568667900007],[120.64110053700006,23.182960580000042],[120.63729893200002,23.180397799000048],[120.6360606070001,23.17500764400006],[120.62920028100007,23.174254632000043],[120.63065891300005,23.17006559200007],[120.62522630300009,23.16776277300005],[120.62123767900005,23.16296029700004],[120.6165390330001,23.16309820400005],[120.61111119300006,23.155901305000043],[120.61184723600002,23.151704068000072],[120.60785486700001,23.148441597000044],[120.605570672,23.148528360000057],[120.60560829200006,23.14647554000004],[120.6011097280001,23.144167650000043],[120.59465379000005,23.131595102000063],[120.5884494610001,23.12336111700006],[120.58808174800004,23.114098916000046],[120.57412754400002,23.094860693000044],[120.574500124,23.09088619000005],[120.56689404300005,23.08182970900009],[120.55889922600011,23.07565153900009],[120.5590550930001,23.073442473000057],[120.55449949500007,23.068832843000052],[120.53007562200003,23.055822411000065],[120.52303349100009,23.049569880000035],[120.52365679500008,23.04744485000009],[120.52231087400003,23.045675234000043],[120.5196689710001,23.04497871500007],[120.50371947800011,23.028648384000064],[120.48407579100001,23.017065613000057],[120.481000601,23.01157407100004],[120.47989374200006,23.00270961800004],[120.46050037500004,23.00359476400007],[120.45950186000005,23.001032815000087],[120.46147945400003,22.99812270500007],[120.45910238500005,22.995742637000035],[120.46111204100009,22.990773656000044],[120.45471554000005,22.990625643000044],[120.45319130000007,22.98480958500005],[120.45469430100002,22.980760986000064],[120.45295613300004,22.97771410200005],[120.4517190580001,22.97863022200005],[120.44963150600006,22.977245922000066],[120.44468637800003,22.979543327000044],[120.442645373,22.97732793600005],[120.43724869100004,22.962183956000047],[120.43299408200005,22.95608991100005],[120.4285213070001,22.940619773000037],[120.42590863100008,22.93904593800005],[120.42488721900008,22.933172495000065],[120.41616993100001,22.91609928300005],[120.40868245000001,22.912341936000075],[120.40544621700008,22.91805223700004],[120.40110706000007,22.918523751000066],[120.3986335940001,22.92243421200004],[120.39216940600011,22.922295671000086],[120.38680277500009,22.918264358000044],[120.3816622710001,22.92116771600007],[120.38016940400007,22.918459720000044],[120.37728946200002,22.91798495000006],[120.376513585,22.914352674000042],[120.37116198500007,22.91227625600004],[120.37313834600002,22.909330430000068],[120.3724884940001,22.906640336000066],[120.370718334,22.90710091400007],[120.36814837600002,22.90390667400004],[120.36629241600008,22.905071599000053],[120.36598652600003,22.902237695000053],[120.35946802700005,22.90142395500004],[120.35967266600005,22.89978830800004],[120.36161422300006,22.900514817000044],[120.36108314500007,22.897809289000065],[120.35797492100005,22.89586061600005],[120.35689544500008,22.89292547200006],[120.35540016200002,22.89393908900007],[120.35543467900004,22.89195264500006],[120.35328700600007,22.892384914000047],[120.35516718300005,22.89043300700007],[120.35173161,22.889100849000044],[120.35197798400009,22.887506100000053],[120.34908902900008,22.89057692600005],[120.33226528600005,22.889328456000044],[120.3248798520001,22.90046342000005],[120.319690616,22.894951183000046],[120.31416493300003,22.899784122000085],[120.30170875900001,22.900589770000067],[120.28456457200002,22.904725019000068],[120.27798720100009,22.904410161000044],[120.27949505400011,22.89629798100009],[120.27298753700006,22.895415352000043],[120.2587742390001,22.901868353000054],[120.25682799800006,22.899544249000087],[120.2586851850001,22.895181705000084],[120.25415787100007,22.89426512600005],[120.24760759700007,22.89819191500004],[120.242861006,22.90351512700005],[120.232908178,22.90555044200005],[120.23169215600001,22.915400755000064],[120.2297244770001,22.916868540000053],[120.22665419100008,22.916281111000046],[120.22102394400008,22.909996557000056],[120.21810881900001,22.909626641000045],[120.21328793200007,22.91103249300005],[120.20806757900004,22.915242654000053],[120.20234982400007,22.915445154000054],[120.19205222700009,22.92119800800009],[120.18656982000005,22.919650170000068],[120.17474516900006,22.911707753000087],[120.192780545,22.86522396500004],[120.19020757600003,22.86390799700007],[120.18969871900003,22.860694127000045],[120.19332436500008,22.859361917000058],[120.189197025,22.858385423000072],[120.19277604700005,22.857143190000045],[120.19110803700005,22.855384728000047],[120.19295240100007,22.856287629000064],[120.1953391940001,22.850166023000043],[120.19291937100002,22.848365047000073],[120.19808204800006,22.844610695000085],[120.18980507100002,22.841749874000072],[120.19839089800007,22.844454906000067],[120.20730028100002,22.822612624000044],[120.20598155100004,22.82015782600007],[120.190282067,22.81538843600009],[120.190153893,22.81358996000006],[120.19331745700003,22.80744456700006],[120.19790515,22.805250038000054],[120.21232846100008,22.80761493600005],[120.215383105,22.80416704600009],[120.23236000300005,22.76607239200007],[120.2330488560001,22.762747022000042],[120.23093481300009,22.761931004000076],[120.23123956100005,22.760730847000048],[120.23461189200009,22.75987090500007],[120.2436474220001,22.74314735900009],[120.25033902000007,22.727884180000046],[120.24985156900004,22.724212718000047],[120.253031265,22.723910301000046],[120.25648926200006,22.71839444400007],[120.25578726900005,22.714190838000036],[120.25709097100003,22.714331246000086],[120.26160650600002,22.701403387000084],[120.26214661100005,22.697513404000063],[120.25805443000002,22.69556401400007],[120.25805396700002,22.689326332000064],[120.26282507400003,22.68904249400009],[120.264458913,22.675217107000037],[120.25925978500004,22.66904711400008],[120.25635851900006,22.66861113200008],[120.25295857000003,22.66504557500008],[120.2511569190001,22.66193968600004],[120.24986612500004,22.651467624000077],[120.25613505500007,22.636255453000047],[120.25933773700001,22.63391886800008],[120.26341448400001,22.62659687300004],[120.26329897800008,22.624021466000045],[120.2566997350001,22.620918843000084],[120.25613702400005,22.617705432000037],[120.2622670510001,22.61399062000004],[120.26318785800004,22.610356747000083],[120.26580547100002,22.61053680200007],[120.2630352330001,22.601395868000054],[120.26679309200006,22.59999749800005],[120.27836690000004,22.58436591600008],[120.285774823,22.57786218600006],[120.30284142400001,22.557776691000072],[120.30342400200004,22.55434172100007],[120.29854481100006,22.547511330000077],[120.30170591900003,22.544940197000074],[120.30749682400005,22.545258070000045],[120.32183671200005,22.527798128000086],[120.316813594,22.524236965000057],[120.30761448100009,22.535436707000088],[120.30375035300005,22.532697408000047],[120.29696722800009,22.540953802000047],[120.29341230600005,22.53843336400007],[120.28913593700008,22.544636445000037],[120.28625035900006,22.543797811000047],[120.28864502700003,22.543848151000077],[120.31244777900008,22.51487386900004],[120.32424956600005,22.522768587000087],[120.32524556600004,22.530092894000063],[120.32958134500007,22.533766280000066],[120.33143751700004,22.532862953000063],[120.32536671900004,22.529460180000058],[120.32532794000008,22.52348915200008],[120.33335691600007,22.52878607400004],[120.337003095,22.52485392600005],[120.333751753,22.521412165000072],[120.3509686320001,22.509541780000063],[120.3589230980001,22.50218868500008],[120.3587273060001,22.50068329600009],[120.40185915200004,22.473891327000047],[120.41092538600003,22.470736154000065],[120.4244373250001,22.468719526000086],[120.425733627,22.49817872600005],[120.42285946100003,22.518457949000037],[120.43087872400008,22.544012681000083],[120.436578338,22.547562523000067],[120.4420620620001,22.560236617000044],[120.44706531500003,22.586973757000067],[120.4454672810001,22.599591158000067],[120.43755156700001,22.607278395000037],[120.43368725000005,22.61759961200005],[120.433585332,22.62396428900007],[120.43591253300008,22.631368013000042],[120.43606154100007,22.661341167000046],[120.4400050810001,22.673043104000044],[120.439661161,22.67854198300006],[120.44263220900007,22.684561389000066],[120.44752744200002,22.688307803000043],[120.45061539900007,22.696218912000063],[120.45574649500008,22.718497083000045],[120.45371914000009,22.760862342000053],[120.45599160400002,22.78017507600009],[120.46403903500004,22.800291942000058],[120.46550371900003,22.812753950000058],[120.46919454300007,22.825020848000065],[120.46875965100003,22.830677089000062],[120.47624176400006,22.838188958000046],[120.478814897,22.836768875000075],[120.481458675,22.837596079000036],[120.48421592200009,22.835552028000052],[120.49080515600008,22.835272364000048],[120.49277265900002,22.83569645700004],[120.4914661040001,22.836963367000067],[120.49274264400003,22.837294084000064],[120.49769717700008,22.831715561000067],[120.5050675760001,22.83152053200007],[120.50999282500004,22.828514900000073],[120.51538684800005,22.831521844000065],[120.53057725400004,22.83298613000005],[120.52977870200004,22.831703335000043],[120.53101018900009,22.830830679000087],[120.53643788400007,22.82926900800004],[120.55326429900003,22.828406510000036],[120.56357486700006,22.835274948000063],[120.57424859900004,22.847720095000057],[120.6054160010001,22.872973141000045],[120.61509230200011,22.87674529900005],[120.62117987700003,22.87569495400004],[120.64503365200005,22.885178108000048],[120.64861754700007,22.87705115600005],[120.65102573900003,22.877215264000085],[120.65532530500002,22.88161732800006],[120.65805591200001,22.879710165000063],[120.6596699370001,22.870122328000036],[120.65865100200006,22.86607233700005],[120.66048565400001,22.86000273700006],[120.66857539800003,22.858716023000056],[120.6721179320001,22.85635390500005],[120.6767273370001,22.857256146000054],[120.67897422500005,22.862870246000057],[120.69054379900001,22.86487460300009],[120.69198158000006,22.868454176000057],[120.7045434470001,22.880669003000037],[120.7205107640001,22.881998527000064],[120.72502264500008,22.880833428000074],[120.73177593800006,22.875885973000038],[120.742422917,22.873735427000042],[120.74926424500006,22.86568285000004],[120.75504049300002,22.86467858000009],[120.7621589800001,22.856813629000044],[120.76416216900009,22.84899336500007],[120.7699182770001,22.844554550000055],[120.77441296100005,22.83765276400004],[120.778714863,22.83520389100005],[120.78584291800007,22.839903124000045],[120.79269501300007,22.841119303000085],[120.79170385500004,22.84837284300005],[120.79335080300007,22.852031840000052],[120.80108177600005,22.85102923900007],[120.81366066100009,22.857470274000036],[120.81516752900006,22.86165767400007],[120.81909192100011,22.86234601700005],[120.8249783660001,22.866460732000064],[120.83304109200003,22.866274075000035],[120.83750206800005,22.864073276000056],[120.84094610500006,22.86038293200005],[120.84298139100008,22.85421124000004],[120.84717615,22.85196731800005],[120.85318827700007,22.857622957000046],[120.8599302670001,22.85146308900005],[120.85943049500008,22.84923804400006],[120.86456827800009,22.843082037000045],[120.86835102700002,22.85074679300004],[120.86660591400005,22.853816548000054],[120.86957481600007,22.85775939100006],[120.85915405800006,22.86344714100005],[120.864202062,22.866667566000046],[120.86487450700008,22.872551822000048],[120.85973027500006,22.87836851700007],[120.8520914830001,22.878097724000042],[120.84052846500003,22.881949388000066],[120.83822938500009,22.88989394300006],[120.83495380800002,22.893100406000087],[120.83354046500006,22.899814934000062],[120.82866507800009,22.90397420700009],[120.82996198500007,22.90952589500006],[120.83329126800004,22.912268649000055],[120.83144229000004,22.919855237000036],[120.82916180200004,22.920784300000037],[120.82688369000005,22.92813502200005],[120.82181655900001,22.93525794800007],[120.82178055700001,22.94512429100007],[120.8247550430001,22.95245502100005],[120.82079560400007,22.96196720000006],[120.82244767500003,22.964870492000045],[120.83014640400006,22.96999108600005],[120.8290578970001,22.974387913000044],[120.83245938800007,22.980388812000058],[120.84118423400002,22.984001508000063],[120.84192837600006,22.99093390300004],[120.84909519300004,22.994855537000035],[120.85206702900007,22.99990580900004],[120.85107444200003,23.00512636400009],[120.85823665300006,23.005056078000052],[120.86065936300008,23.008051402000035],[120.86161575000006,23.030769915000064],[120.86397645600005,23.03249297600007],[120.87996196800009,23.03552323300005],[120.8813817350001,23.042683627000088],[120.87975118300005,23.047775254000044],[120.87450005800008,23.05094501800005],[120.86921653500008,23.05968796700006],[120.875347164,23.068544708000047],[120.8780764930001,23.078233029000046],[120.88563066900008,23.089108647000046],[120.88555144700001,23.092631182000048],[120.889152814,23.10049352900006],[120.8881423150001,23.10420675100005],[120.88940264200005,23.11044077100007],[120.884966674,23.119348564000063],[120.88805920100003,23.12243951000005],[120.88596178,23.12804615400006],[120.88787489700007,23.136682388000054],[120.88576340600002,23.14428539100004],[120.88143609100007,23.146228635000057],[120.87641247200008,23.15133671800004],[120.88333426400004,23.15343779500006],[120.887351362,23.158242811000036],[120.89500505900003,23.160719621000055],[120.89585704000001,23.171434224000052],[120.89831053400007,23.173125096000035],[120.89872454800002,23.17666511300007],[120.90590689100009,23.18057796100004],[120.90905169100006,23.179800845000045],[120.91076005900004,23.18169372600005],[120.91230054200003,23.187404615000048],[120.91089298500003,23.192168983000045],[120.90644071000008,23.19671367300009],[120.90574851400004,23.199554753000086],[120.90715339600001,23.201133172000084],[120.90673204100005,23.205652353000062],[120.911631973,23.209553690000064],[120.9115661830001,23.227858686000047],[120.91571899200005,23.237874245000057],[120.9265281480001,23.244556790000047],[120.93060515500008,23.242463270000087],[120.93789715000003,23.244950582000058],[120.94125114400003,23.251947933000054],[120.94669288300008,23.253115369000056],[120.9511038820001,23.25951047500007],[120.95737959000007,23.26415994300004],[120.95967805200007,23.27084076500006],[120.96336382900006,23.27210125000005],[120.9717374710001,23.28170997500007],[120.97899271000006,23.28226774700005],[120.98659016700003,23.280321858000036],[120.99063962900004,23.284129286000052],[121.00138440800004,23.28737691200007],[121.0103927350001,23.292699465000055],[121.01740675200006,23.292870322000056],[121.02000406700006,23.29457082500005],[121.02383507800005,23.293732755000065],[121.030041375,23.298537405000047],[121.03189539000005,23.303672341000038],[121.03642904600008,23.30380200700006],[121.04601468100009,23.308378062000088],[121.04804399200009,23.313781411000036],[121.04715942400003,23.320008114000075],[121.048781072,23.325306672000067],[121.03941962400006,23.32913471200004],[121.03704082800004,23.33302407900004],[121.0325208810001,23.33406941600009],[121.03091317000008,23.33702792300005],[121.02699629800009,23.33762330400009],[121.02004538100005,23.350383842000042],[121.018105096,23.350126687000056],[121.01519336700005,23.346341778000067],[121.01040399600004,23.345814245000042],[121.007646378,23.348952944000075],[121.00757407200001,23.35202593400004],[121.00248310100005,23.355253195000046],[120.98709501200005,23.35873194000004],[120.987957714,23.37057406300005],[120.9915487830001,23.371744897000042],[121.00009425200005,23.382372738000072],[121.00771754200002,23.384665349000045],[121.00738561100002,23.387031961000048],[121.00113268500002,23.39174562700009],[121.0032109230001,23.394788317000064],[121.006434162,23.396556048000036],[121.01046271400003,23.395098046000044],[121.01464227600002,23.396582803000058],[121.01924161000011,23.401516809000043],[121.02174552600002,23.39996803300005],[121.02834610900004,23.403763419000086],[121.02665130800005,23.406041867000056],[121.027079974,23.41278034900006],[121.02491073600004,23.414602953000042],[121.0277412580001,23.41625281100005],[121.02948511300008,23.422182642000053],[121.0225299330001,23.42490171500009],[121.02093728200009,23.42951034200007],[121.01415503400005,23.43093445100004],[121.0129487690001,23.432948706000047],[121.01526823900008,23.43541038300009],[121.01058099400007,23.44124426700006],[121.01047434500003,23.446067552000045],[121.01585459800003,23.451608863000047],[121.00846108100006,23.462086255000088],[120.99969283500002,23.462167315000045],[120.98460176000003,23.46656981700005],[120.98053731900006,23.46921452500004],[120.97063151700002,23.469042431000048],[120.96846663200006,23.47122749600004]]]]}},{"type":"Feature","properties":{"COUNTYCODE":"10014","COUNTYNAME":"臺東縣","COUNTYENG":"Taitung County"},"geometry":{"type":"MultiPolygon","coordinates":[[[[121.61179564200006,21.942896570000073],[121.61640099600004,21.94504218900005],[121.6162005330001,21.952292147000037],[121.614260661,21.955054147000055],[121.60353564000002,21.951567155000077],[121.60767829200006,21.94295409600005],[121.61179564200006,21.942896570000073]]],[[[121.57713828800001,22.078726148000044],[121.5767503290001,22.078761015000055],[121.576687763,22.078411646000063],[121.57713828800001,22.078726148000044]]],[[[121.580692483,22.07900625700006],[121.57981645500001,22.078796485000055],[121.580354596,22.078482170000086],[121.580692483,22.07900625700006]]],[[[121.57875266500002,22.079867644000046],[121.57788913400009,22.08026341100009],[121.57845232200009,22.07948329900006],[121.57875266500002,22.079867644000046]]],[[[121.50465243600001,22.084803442000066],[121.49934627000005,22.08052888600008],[121.51002180800003,22.06766250700008],[121.51069774100006,22.06331860100005],[121.506830863,22.057063704000086],[121.50859545800006,22.05687766300008],[121.51083583900004,22.04956362000007],[121.508658362,22.046430022000038],[121.51201229700007,22.047432321000088],[121.51718096000002,22.04576760300006],[121.52091058200006,22.03870949800006],[121.524927832,22.03853550300005],[121.527380849,22.034412339000085],[121.53809376700008,22.024524136000082],[121.5477050510001,22.02594716300007],[121.55769196000006,22.02114933000007],[121.56939360400008,22.008755375000078],[121.57026983100002,22.002172599000062],[121.57134605800002,22.003570963000072],[121.5781666040001,22.003234286000065],[121.57968083700007,22.004970606000086],[121.58746516100007,21.99977545900009],[121.59308421200001,22.001803889000087],[121.59859041000004,22.01192971800009],[121.6020944600001,22.015169221000065],[121.60270756300008,22.01982941400007],[121.59673789200008,22.025117306000084],[121.57867891400008,22.03242971500009],[121.57053162700004,22.038939862000063],[121.567315312,22.039510066000048],[121.56804112900011,22.040849739000066],[121.56618892300003,22.041490064000072],[121.567240137,22.042445399000087],[121.5640737110001,22.048711367000067],[121.56386079600009,22.05404580600009],[121.56692681900006,22.057563723000044],[121.57098154900007,22.059707435000064],[121.5760875950001,22.05938223600009],[121.57088128300006,22.06472701200005],[121.57011772500005,22.070118963000084],[121.56782742400003,22.073181359000046],[121.57044281600008,22.080716237000047],[121.56962929400004,22.08290532400008],[121.56646301,22.08430211700005],[121.55995541000004,22.080365044000075],[121.55205852300003,22.082634341000073],[121.53293598900007,22.081745811000076],[121.5289188050001,22.079649017000065],[121.52556480200008,22.081080746000055],[121.51252438900008,22.08050787600007],[121.50465243600001,22.084803442000066]]],[[[121.57040511800005,22.086631701000044],[121.5702048710001,22.08709743600008],[121.56975435700008,22.086282259000086],[121.57040511800005,22.086631701000044]]],[[[121.56706368000005,22.08590915800005],[121.56841524900005,22.087225214000057],[121.56855290300007,22.087527993000037],[121.56762680100007,22.08784221800005],[121.56706368000005,22.08590915800005]]],[[[121.49174764600002,22.67890701600004],[121.48998398700007,22.676981956000077],[121.484731882,22.67730856500009],[121.47984164600007,22.674073666000083],[121.46602394800004,22.676468128000067],[121.46467227400001,22.67148026400008],[121.47531135700001,22.65870333500004],[121.47350789100005,22.646474796000064],[121.48881336700003,22.642617354000038],[121.49343933500006,22.63839209000008],[121.495226247,22.632485043000088],[121.49828991600009,22.63200823300008],[121.497990265,22.634108687000037],[121.49967868500005,22.635071260000075],[121.50558096000009,22.63423376700007],[121.50623086000007,22.632585754000047],[121.50774444700005,22.634592756000075],[121.50500604700005,22.635696074000066],[121.50206915900003,22.643889241000068],[121.499531047,22.645897458000036],[121.50219605900008,22.652196910000043],[121.50560982800005,22.65148798200005],[121.50877417100003,22.653830612000036],[121.5069116310001,22.657161114000075],[121.51117860500005,22.669294966000052],[121.50929079700006,22.67146500700005],[121.51000484200006,22.67706787800006],[121.50706646100002,22.67863495000006],[121.50100081300002,22.675864536000063],[121.49603638200006,22.676457866000078],[121.49347251100005,22.67508987100007],[121.49174764600002,22.67890701600004]]],[[[121.51196914100001,22.681452083000067],[121.51131892600006,22.68170751200006],[121.51158128300006,22.68057063000009],[121.51196914100001,22.681452083000067]]],[[[121.44586589900007,23.443340893000084],[121.43977426200001,23.432923058000085],[121.43340342600004,23.432859566000047],[121.420220244,23.420576071000085],[121.41997175400002,23.416893772000037],[121.41049529500003,23.398944836000055],[121.4000410210001,23.386562929000036],[121.40362809500004,23.37580695400004],[121.4043678490001,23.367345024000088],[121.40757343000007,23.364631562000056],[121.4228794180001,23.359985409000046],[121.42253149700002,23.35569417000005],[121.41668267,23.34930786600006],[121.40971407000006,23.34589148400005],[121.402080404,23.333894332000057],[121.39994069500005,23.32317746800004],[121.39025071100002,23.320616717000064],[121.38784849900003,23.310634124000046],[121.38379521700006,23.30811902700009],[121.37785687300004,23.300932990000035],[121.37628468300011,23.295652706000055],[121.37791966100008,23.269612651000045],[121.37233550100007,23.26781965500004],[121.37056330600001,23.262212049000084],[121.363615332,23.257639467000047],[121.3594034570001,23.252682694000043],[121.358946349,23.249653658000057],[121.36153831800004,23.246897914000044],[121.36090110200007,23.244345215000067],[121.35260220800001,23.23129763500009],[121.3543809250001,23.22551820800004],[121.35716282300007,23.223707656000045],[121.34997029200008,23.217878365000047],[121.34646153100005,23.21709217700004],[121.34691737100002,23.20926538300006],[121.34428865200005,23.205752008000047],[121.34214919100009,23.195801776000053],[121.33826146900003,23.190682364000054],[121.33493380000004,23.177925850000065],[121.32974416500008,23.180363397000065],[121.323302582,23.178727157000083],[121.32393281300006,23.174783563000062],[121.32221667800002,23.173225938000087],[121.32186158000002,23.169387724000046],[121.31856495300008,23.16818069900006],[121.31740931600007,23.164573578000045],[121.32136912400006,23.159128249000048],[121.32203479300006,23.155340709000086],[121.327204747,23.152185644000042],[121.3243993970001,23.14897197500005],[121.32381378900004,23.14329155100006],[121.3203699610001,23.13791885200004],[121.32294430900004,23.123764604000087],[121.3219703100001,23.117162970000038],[121.315805931,23.109735742000055],[121.30522539800006,23.11127844500004],[121.2999817760001,23.10925711300007],[121.29142355900001,23.10936164700007],[121.2844130090001,23.10656347400004],[121.28303145400002,23.10386014100004],[121.28086751700005,23.104025767000053],[121.27820836000001,23.10074436900004],[121.27235483900006,23.09787463300006],[121.27074424700004,23.10118295600006],[121.26431960900004,23.103915808000067],[121.26737425600004,23.109332812000048],[121.26726918300005,23.114087380000058],[121.2644673750001,23.115150704000087],[121.2642610040001,23.11765498200009],[121.25956969000003,23.121010437000052],[121.25760234100005,23.12611221900005],[121.24920817200007,23.131516047000048],[121.2452104360001,23.12840234500004],[121.23845627800006,23.12873376500005],[121.230930403,23.139247303000047],[121.21195082700001,23.144229762000066],[121.210641098,23.148057617000063],[121.21248837000007,23.15493173400006],[121.19917002,23.17509007700005],[121.19825496400006,23.188440447000062],[121.19442878200005,23.192506310000056],[121.1898101380001,23.20345682100009],[121.18439489700006,23.204911956000046],[121.17562793500008,23.210185461000037],[121.1699022790001,23.207065673000045],[121.16090958000007,23.205963025000074],[121.15470183600007,23.19914686800007],[121.14735193400008,23.199006110000084],[121.139364495,23.201913855000043],[121.13809422100007,23.20808967700009],[121.1345192,23.211255555000037],[121.1293954360001,23.223297265000042],[121.12339953200001,23.225080781000088],[121.108453865,23.22348998600006],[121.09637988200006,23.229648721000046],[121.09284102800007,23.233814780000046],[121.07923903400001,23.232678501000066],[121.07795012100007,23.234220635000042],[121.07845148800004,23.237582600000053],[121.07102484000006,23.24684972600005],[121.06922519400007,23.255174947000057],[121.06585824400008,23.25754558500006],[121.0624169240001,23.26584007100007],[121.06289075200004,23.268879568000045],[121.06072022500007,23.273031312000057],[121.062067351,23.27940760300004],[121.05944830100009,23.286148085000036],[121.0559429220001,23.290626305000046],[121.0430659650001,23.29631073300004],[121.0389007660001,23.300652868000043],[121.02650416100005,23.29661744000009],[121.02374601000008,23.293706137000072],[121.02000406700006,23.29457082500005],[121.01740675200006,23.292870322000056],[121.00984422300007,23.29249813100006],[121.00138440800004,23.28737691200007],[120.99063962900004,23.284129286000052],[120.98659016700003,23.280321858000036],[120.97262947900003,23.282188483000084],[120.96611344500002,23.276584144000083],[120.96336382900006,23.27210125000005],[120.95967805200007,23.27084076500006],[120.95737959000007,23.26415994300004],[120.9511038820001,23.25951047500007],[120.94669288300008,23.253115369000056],[120.94125114400003,23.251947933000054],[120.93789715000003,23.244950582000058],[120.93060515500008,23.242463270000087],[120.9265281480001,23.244556790000047],[120.91546130500001,23.23751186800007],[120.9115661830001,23.227858686000047],[120.911631973,23.209553690000064],[120.90673204100005,23.205652353000062],[120.90715339600001,23.201133172000084],[120.90574851400004,23.199554753000086],[120.90644071000008,23.19671367300009],[120.91089298500003,23.192168983000045],[120.91230054200003,23.187404615000048],[120.91076005900004,23.18169372600005],[120.90905169100006,23.179800845000045],[120.90590689100009,23.18057796100004],[120.89872454800002,23.17666511300007],[120.89831053400007,23.173125096000035],[120.89585704000001,23.171434224000052],[120.89500505900003,23.160719621000055],[120.887351362,23.158242811000036],[120.88333426400004,23.15343779500006],[120.87641247200008,23.15133671800004],[120.88143609100007,23.146228635000057],[120.88576340600002,23.14428539100004],[120.88787489700007,23.136682388000054],[120.88596178,23.12804615400006],[120.88805920100003,23.12243951000005],[120.884966674,23.119348564000063],[120.88940264200005,23.11044077100007],[120.8881423150001,23.10420675100005],[120.889152814,23.10049352900006],[120.88555144700001,23.092631182000048],[120.88563066900008,23.089108647000046],[120.8780764930001,23.078233029000046],[120.875347164,23.068544708000047],[120.86921653500008,23.05968796700006],[120.87450005800008,23.05094501800005],[120.87975118300005,23.047775254000044],[120.8813817350001,23.042683627000088],[120.87996196800009,23.03552323300005],[120.86397645600005,23.03249297600007],[120.86161575000006,23.030769915000064],[120.86065936300008,23.008051402000035],[120.85823665300006,23.005056078000052],[120.85107444200003,23.00512636400009],[120.85206702900007,22.99990580900004],[120.84909519300004,22.994855537000035],[120.84192837600006,22.99093390300004],[120.84118423400002,22.984001508000063],[120.83245938800007,22.980388812000058],[120.8290578970001,22.974387913000044],[120.83014640400006,22.96999108600005],[120.82244767500003,22.964870492000045],[120.82079560400007,22.96196720000006],[120.8247550430001,22.95245502100005],[120.82178055700001,22.94512429100007],[120.82181655900001,22.93525794800007],[120.82688369000005,22.92813502200005],[120.82916180200004,22.920784300000037],[120.83144229000004,22.919855237000036],[120.83329126800004,22.912268649000055],[120.82996198500007,22.90952589500006],[120.82866507800009,22.90397420700009],[120.83354046500006,22.899814934000062],[120.83495380800002,22.893100406000087],[120.83822938500009,22.88989394300006],[120.84052846500003,22.881949388000066],[120.8520914830001,22.878097724000042],[120.85973027500006,22.87836851700007],[120.86487450700008,22.872551822000048],[120.8655485380001,22.86966471100004],[120.86378994200004,22.866217007000046],[120.85915405800006,22.86344714100005],[120.86957481600007,22.85775939100006],[120.86660591400005,22.853816548000054],[120.86835102700002,22.85074679300004],[120.86495459000002,22.845596674000035],[120.86399558200003,22.839434321000056],[120.86540259000003,22.83561381800007],[120.86175745500009,22.826301813000043],[120.86490332900007,22.825073933000056],[120.86840491600003,22.817129028000068],[120.87171350200003,22.814793463000058],[120.87449627800004,22.815332975000047],[120.87726857400003,22.813050866000083],[120.88157470100009,22.81445092000007],[120.89119793700002,22.81162492900006],[120.90089616800003,22.804275175000043],[120.9033033610001,22.79980804900009],[120.90169523400004,22.78754506100006],[120.90413708000005,22.783583069000088],[120.90382028400006,22.77557788300004],[120.900212291,22.769216482000047],[120.8935640850001,22.766784974000075],[120.8919652080001,22.763697793000063],[120.89481628700003,22.76258223700006],[120.89563153800009,22.756163438000044],[120.8941026,22.751610950000043],[120.8953572580001,22.748198237000054],[120.89414090100001,22.743708198000036],[120.89564336500007,22.741819256000042],[120.89503396600003,22.73860009400005],[120.89243483200005,22.73557057900007],[120.89143933900004,22.729380011000046],[120.88865329100008,22.727290354000047],[120.88351521600009,22.717068452000035],[120.86167880100004,22.71669927100004],[120.85839636000003,22.71362227800006],[120.85488210200003,22.71754724100009],[120.84851526800003,22.716948179000042],[120.842486194,22.709838215000048],[120.84336827600009,22.70764941500005],[120.8402407960001,22.70666774500006],[120.83679552400008,22.697079623000036],[120.82869690300004,22.697661012000083],[120.825455691,22.695706956000038],[120.8198832810001,22.695597305000035],[120.81911956900001,22.691029540000045],[120.8114515630001,22.69203993600007],[120.80910700300001,22.68825839400006],[120.7976803580001,22.689102752000053],[120.78913026300006,22.693289527000047],[120.78679699600002,22.692912730000046],[120.79157306400009,22.67918512400007],[120.786231434,22.672043040000062],[120.78582482000002,22.661435811000047],[120.76766032900002,22.636187782000036],[120.76132213800008,22.630041790000064],[120.76124491400003,22.62620961500005],[120.75487955800008,22.616986308000037],[120.75288304100002,22.61180531100007],[120.75465216300006,22.60078753600004],[120.74581037200005,22.58955000800006],[120.749091636,22.578636232000065],[120.74878976100001,22.572297984000045],[120.7417251490001,22.568902261000062],[120.73963610600003,22.56254227100004],[120.7393786130001,22.55174356300006],[120.75002279900002,22.53402152500007],[120.753632079,22.51103785500004],[120.75847571000008,22.507350144000043],[120.76270536900006,22.50110042600005],[120.7643477360001,22.49538787000006],[120.76368162100005,22.490917119000073],[120.758557946,22.488407081000048],[120.75746324800002,22.481832205000046],[120.75081325400004,22.479155983000055],[120.75457351600005,22.471406200000047],[120.75105323700006,22.45902309300004],[120.75461283800007,22.457248569000058],[120.75818083400009,22.458519292000062],[120.76510064800004,22.453059882000048],[120.7763367450001,22.449955446000047],[120.77513681100004,22.44329844200007],[120.78244694700004,22.433902496000087],[120.78964239300001,22.417649408000045],[120.7803613100001,22.40945312200006],[120.77555998900004,22.409655205000035],[120.77339502900008,22.406936004000045],[120.76531217400009,22.409047987000065],[120.75812057100006,22.40490496500007],[120.75342314,22.405059404000042],[120.75760844900003,22.398177781000072],[120.75380212200002,22.396436103000042],[120.75214567300009,22.392668056000048],[120.75648825100006,22.38838438500005],[120.75050391500008,22.38408933900007],[120.7486262110001,22.380384464000088],[120.74878799200008,22.373249196000074],[120.74346332700009,22.367262439000058],[120.75267694000001,22.360396337000054],[120.76100844500002,22.36042055200005],[120.76298563,22.359147006000057],[120.76338503700003,22.352785134000044],[120.76726819400005,22.34761096200009],[120.77518237800007,22.34935481100007],[120.78472731000011,22.345779021000055],[120.79247717300007,22.335623980000037],[120.79340942300007,22.323645613000053],[120.79510390900009,22.32257177300005],[120.7965903700001,22.31717161100005],[120.79269066300003,22.312152240000046],[120.78713539500006,22.309207884000045],[120.77815584000007,22.308498515000053],[120.77683802000001,22.302584633000038],[120.77774762600006,22.29797294800005],[120.7808391100001,22.294953836000047],[120.78990207700008,22.293308670000044],[120.793215455,22.28579086600007],[120.805698377,22.28379534900006],[120.80677813,22.277158929000052],[120.79806767500008,22.27637736400004],[120.796291053,22.269924505000063],[120.79654632300003,22.267138285000044],[120.79957967900009,22.265098745000046],[120.79789892500003,22.257938211000067],[120.7990650480001,22.257161646000043],[120.80802251900002,22.25936161900006],[120.81540268800006,22.263220991000082],[120.82591119900007,22.25664597900004],[120.83461896400001,22.245370998000055],[120.84465485300007,22.242862680000087],[120.85083932300006,22.243656747000045],[120.8586715030001,22.24081878000004],[120.8590065080001,22.23863416200004],[120.86430147400006,22.234284840000043],[120.86214874900008,22.230706544000043],[120.86643213600007,22.229823955000086],[120.87473372900001,22.23424501900007],[120.88061902100003,22.234698540000068],[120.8841865920001,22.240711050000073],[120.89629753300005,22.246428636000076],[120.895274449,22.26250615200007],[120.89308149500005,22.26655272000005],[120.89166377100003,22.282955924000078],[120.892437449,22.31809086700008],[120.89524290300005,22.33571586700009],[120.9026165360001,22.35254580800006],[120.90882860300007,22.359195355000054],[120.9148727050001,22.384923902000082],[120.92112722700006,22.39613689500004],[120.92884715900004,22.417180896000048],[120.93310479700006,22.42320903300009],[120.946403444,22.456880505000072],[120.95952657800001,22.505286441000067],[120.97729635600001,22.55449025900009],[120.98550814500004,22.56934441700008],[120.99833269300007,22.57839146200007],[121.00916043200004,22.58896040500008],[121.01259625800003,22.61951085600009],[121.01719323700001,22.635684935000086],[121.02573748500004,22.655844217000038],[121.0355346770001,22.667681102000074],[121.04288215100007,22.671916998000086],[121.05536057000006,22.67610052400005],[121.06424631300001,22.68200668600008],[121.081358787,22.698198482000066],[121.09318504400005,22.703711079000072],[121.10151867800005,22.705313321000062],[121.12369595900009,22.71624730900004],[121.1372658040001,22.72940559600005],[121.14509030300007,22.734446775000038],[121.1567884860001,22.747321963000047],[121.165990018,22.751173391000066],[121.17619596600002,22.758799727000053],[121.17987482600006,22.769256167000037],[121.18140340000002,22.782899953000083],[121.1874202250001,22.79040906000006],[121.19490369900006,22.79028873200008],[121.19600891800008,22.79262384200007],[121.19717412800003,22.791926139000054],[121.19846183600009,22.793408190000036],[121.19819419200007,22.79473327000005],[121.20103472800008,22.795849496000073],[121.19646790700006,22.812685891000058],[121.19813558200008,22.81480077100008],[121.19411717700007,22.817661180000073],[121.19182951100004,22.82291286700007],[121.19240769400005,22.82556446300009],[121.1882476080001,22.828259630000048],[121.18626031300005,22.832892702000038],[121.18884440600004,22.837874266000085],[121.189584309,22.846934090000047],[121.19879564400003,22.856713678000062],[121.20139179900002,22.857090335000066],[121.20904642800008,22.86308861100008],[121.224691517,22.867161304000035],[121.23335711000004,22.864482674000044],[121.2361729700001,22.867986989000087],[121.235240697,22.87096432800007],[121.23891293100007,22.87847356700007],[121.24731162600006,22.881452756000044],[121.25558563600009,22.895158544000083],[121.25915031700004,22.898272828000074],[121.26220045900004,22.90644294200007],[121.26942404200008,22.91186220600008],[121.27865098400002,22.930821407000053],[121.28303870700006,22.947869883000067],[121.285868144,22.950147134000076],[121.28784117300006,22.94940814200004],[121.2866606230001,22.951832343000035],[121.29141519100006,22.955459275000067],[121.29335188900006,22.953631574000042],[121.29518040000005,22.95451098700005],[121.31368543400004,22.976794261000066],[121.32346676600002,22.993274547000055],[121.32161574100007,22.997146952000037],[121.32203607300005,23.00207295100006],[121.32323530100007,23.00484621000004],[121.32532597400007,23.004675459000055],[121.32732367900007,23.00709858600004],[121.32944845000009,23.016195680000067],[121.33719062300008,23.020104785000058],[121.33510181400004,23.02314935600009],[121.33916456200006,23.025905022000074],[121.3385313760001,23.033289196000055],[121.34588402400004,23.05110093500008],[121.34813603200007,23.06461781300004],[121.3528392830001,23.071332634000044],[121.35664751000002,23.073631240000054],[121.3550862830001,23.07965002900005],[121.35802003100002,23.082542665000062],[121.357847935,23.085398911000084],[121.36336704500002,23.093883539000046],[121.36730829700002,23.09652558500005],[121.38294492700004,23.095483954000088],[121.38502920500002,23.097604652000086],[121.38531219600009,23.100860236000074],[121.3876241910001,23.102301374000035],[121.387411993,23.10559528400006],[121.39161227600005,23.108276728000078],[121.395159379,23.113420983000083],[121.3975271810001,23.114558111000065],[121.40182379300006,23.11350487800007],[121.40702233500008,23.115881571000045],[121.412475288,23.12234890700006],[121.41167838700005,23.123280374000046],[121.41849049000007,23.122677467000074],[121.42459168100004,23.12565231700006],[121.42315005400008,23.127748514000075],[121.41635693600006,23.12676353800009],[121.4136827000001,23.124078822000058],[121.4064855690001,23.125642070000083],[121.402962065,23.12873402100007],[121.39980029000003,23.13511120600009],[121.40109569900005,23.14603896200009],[121.39944662300002,23.148968119000074],[121.405004792,23.154104120000056],[121.40775765000001,23.16682843300009],[121.40682161500001,23.170274129000063],[121.402939468,23.17181084100008],[121.40389194000011,23.178079451000087],[121.39837029900002,23.18569913600004],[121.39611233900007,23.199197754000068],[121.39702418500008,23.205108859000063],[121.40282213700004,23.21223984800008],[121.41003991900004,23.21353433300004],[121.42039115900002,23.22631239000009],[121.4187154230001,23.228306023000073],[121.4157339090001,23.22787387200009],[121.41489992700008,23.23492053700005],[121.4208130400001,23.250040737000063],[121.42081904200006,23.25761478600009],[121.42405960100007,23.264243468000075],[121.42772057900004,23.266679880000083],[121.4274455630001,23.272652949000076],[121.43287332,23.288123666000047],[121.43432413000005,23.28822325300007],[121.43918647100008,23.296853530000078],[121.44167592100007,23.29715766700008],[121.44242344700001,23.302487617000054],[121.44709896100005,23.305312548000074],[121.44745743800001,23.309310827000047],[121.4540484580001,23.31350030300007],[121.45852392900008,23.31355269100004],[121.46049651400006,23.311826215000053],[121.46239248300003,23.312802540000064],[121.4677534000001,23.331933509000066],[121.46764356000006,23.345610643000043],[121.47220862000006,23.352423700000088],[121.47080703400002,23.35667297000009],[121.4735847180001,23.363290987000084],[121.47221255,23.371531048000065],[121.47485874800009,23.38661822200004],[121.47799376600005,23.395279155000082],[121.48203926400004,23.397274477000053],[121.48408627700007,23.41073231000007],[121.48624054900006,23.41288680000008],[121.48923593100005,23.42331842100009],[121.49609509200002,23.434818875000076],[121.49050449600009,23.435254128000054],[121.482470885,23.43016067600007],[121.47980263800002,23.431175031000066],[121.47331094200001,23.44061561600006],[121.46344477000002,23.43886131900007],[121.46158715900003,23.441530456000066],[121.45442691300002,23.44113658000009],[121.44586589900007,23.443340893000084]]]]}},{"type":"Feature","properties":{"COUNTYCODE":"10015","COUNTYNAME":"花蓮縣","COUNTYENG":"Hualien County"},"geometry":{"type":"Polygon","coordinates":[[[121.63127371100006,24.37049281800006],[121.62187275400004,24.36676301500006],[121.62036907100003,24.36321324000005],[121.62356078100004,24.362344532000066],[121.62119322600006,24.35811792900006],[121.62676260400008,24.35433392300007],[121.62684310700001,24.34953486200004],[121.6304558270001,24.348220536000042],[121.63322809300007,24.349174050000045],[121.63551317000008,24.347621932000038],[121.63528823600006,24.34481917900007],[121.63136434700004,24.34398642900004],[121.63279582300004,24.33475138500006],[121.628629423,24.333698218000052],[121.62668189100009,24.335629818000086],[121.62747153500004,24.34112254100006],[121.62277662700001,24.33947689900009],[121.61920533600005,24.345485615000086],[121.61613052000007,24.33813824300006],[121.61865339000008,24.335746786000072],[121.61752866200004,24.333650042000045],[121.61522173100002,24.33330723100005],[121.61219857800006,24.335892001000047],[121.60790840000004,24.335419542000068],[121.6064522910001,24.330060932000038],[121.60446449200003,24.329012332000048],[121.60071150800002,24.330866701000048],[121.59922152800004,24.333528582000042],[121.59697028800008,24.333470525000052],[121.59574425900007,24.331626692000043],[121.59656266700006,24.328142400000047],[121.6013187850001,24.32328834200007],[121.60109029500006,24.320584975000088],[121.60521877600002,24.31728584800004],[121.60701494,24.312640575000046],[121.60573867000005,24.309426208000048],[121.60191029100008,24.314151191000065],[121.59718388800002,24.316297401000043],[121.59375273300009,24.316416621000087],[121.58948071300006,24.313805844000058],[121.58750725200002,24.316065268000045],[121.57584702200006,24.319673347000048],[121.56989183100006,24.31794466300005],[121.56636557800005,24.319186504000072],[121.563322008,24.32223762500007],[121.559481409,24.323156705000088],[121.55607068400002,24.331156940000085],[121.54498086700005,24.33777062200005],[121.54052736100004,24.33591469600009],[121.53326449000008,24.33705793100006],[121.5221511530001,24.34302447500005],[121.51355903700005,24.340816353000037],[121.50967245700008,24.341202942000052],[121.507920958,24.343202705000067],[121.50437546400008,24.342936360000067],[121.49811394300002,24.33923629900005],[121.49223017100007,24.34209211700005],[121.48535994300005,24.34845819900005],[121.48110560400005,24.349077454000053],[121.478866982,24.351877753000053],[121.47525518500004,24.351266639000073],[121.46539314300003,24.355307923000055],[121.45200501700003,24.36468166700007],[121.44976230200007,24.36349483500004],[121.44726265100007,24.359546519000048],[121.4415676970001,24.358594735000054],[121.43562444600002,24.34758051700004],[121.43776785700004,24.34221955600009],[121.43429931800006,24.338271680000048],[121.43247405400007,24.32986599900005],[121.43459831400003,24.321776440000065],[121.4284878850001,24.31736025500004],[121.42200729800004,24.30753502300007],[121.41687961800005,24.30917498200006],[121.4114287750001,24.307265321000045],[121.40509656400002,24.30825363400004],[121.40344834500002,24.296883723000064],[121.3965774730001,24.28873873000009],[121.39351006300001,24.28823340200006],[121.39083316300002,24.289744837000057],[121.38723670400009,24.28470744400005],[121.38053921400001,24.27975738400005],[121.383263693,24.267980132000048],[121.38565334300006,24.26415568100009],[121.38505170200006,24.254989374000047],[121.37841845500009,24.252816280000047],[121.3728175330001,24.254143877000047],[121.3670179290001,24.25217447400007],[121.3606622320001,24.24394401300009],[121.35251989200003,24.243761075000066],[121.352326275,24.234632848000047],[121.34301354800004,24.223554252000042],[121.34937218900006,24.210439072000042],[121.34832737400006,24.207190385000047],[121.3494321280001,24.199775989000045],[121.3358053710001,24.19911040100004],[121.32561415600003,24.196125651000045],[121.31578171800004,24.185172270000066],[121.30707538200011,24.18033246600004],[121.29878356300003,24.180091425000057],[121.29298539700005,24.177200998000046],[121.28619991100004,24.177360176000036],[121.28783236000004,24.172456750000038],[121.28839224000001,24.15809362500005],[121.28033245000006,24.157864105000044],[121.28102721500011,24.154491070000063],[121.28467797000008,24.152287370000067],[121.28136709500006,24.13587201200005],[121.29586150500006,24.13244144500004],[121.30353970800002,24.124578587000087],[121.31565875400008,24.11649290400004],[121.32499419200008,24.116082297000048],[121.328492375,24.11440878400009],[121.3256549780001,24.10246254200007],[121.31894541300005,24.095009718000085],[121.32312931400008,24.08494031200007],[121.30818981700008,24.073307018000037],[121.29988570600005,24.062173630000075],[121.29554256600011,24.063779374000035],[121.28320657500001,24.054266572000074],[121.28261080700008,24.05127721200006],[121.28497577200005,24.048569385000064],[121.28565967300005,24.03953290800007],[121.27660831900005,24.02461451000005],[121.27631491200009,24.02015128900007],[121.27031265200003,24.01001493800004],[121.27005020400009,24.00671102800004],[121.26004193100005,23.99207790400004],[121.26142619300003,23.981796949000056],[121.264228978,23.97597950900007],[121.27356620700004,23.975251204000074],[121.27795307300005,23.965578795000056],[121.27517208900008,23.96010022100006],[121.27470398600008,23.951444610000067],[121.27175120100003,23.948503705000064],[121.2743328470001,23.94563860100004],[121.27205569900002,23.93834385300005],[121.27484873600008,23.93154051600004],[121.27340650100007,23.928489057000036],[121.27651333400001,23.92316164500005],[121.27506676900009,23.918582160000085],[121.27607712000008,23.909862073000056],[121.27445213300007,23.90731591200006],[121.26626971600001,23.90726478600004],[121.26106106300006,23.902600678000056],[121.2624389660001,23.899078493000047],[121.2665344290001,23.898409082000057],[121.26517685500005,23.89671776700004],[121.26550639600009,23.891239822000045],[121.26844986600008,23.883751035000046],[121.26531665800007,23.883029003000047],[121.26292572800003,23.879498604000048],[121.265251164,23.87290354000004],[121.25814960500009,23.872508363000065],[121.25693821200002,23.869454589000043],[121.25317509500007,23.86808329300004],[121.25291978500002,23.862953410000046],[121.24996557100008,23.85981812600005],[121.24892302900003,23.852129860000048],[121.24451722700007,23.848911482000062],[121.24347985500003,23.844982775000062],[121.2394220750001,23.84042112900005],[121.23667598300005,23.825210949000052],[121.23913296400008,23.821861325000043],[121.2347718530001,23.81794161600004],[121.23445945200001,23.811998490000065],[121.22754037900006,23.808536007000043],[121.22790901300004,23.80533313300009],[121.22605472300006,23.802276362000043],[121.22662011300008,23.792442033000043],[121.23033139400002,23.790276753000057],[121.23039998200011,23.787965408000048],[121.22629204100008,23.783672766000052],[121.21954463000009,23.781794624000042],[121.2121904710001,23.77568468000004],[121.20867545500005,23.775928671000088],[121.20465083800002,23.772397434000084],[121.20866952900008,23.76584492300009],[121.20648259200004,23.76263565900007],[121.21096704600006,23.761110269000085],[121.21340180200002,23.757469102000073],[121.21864462000008,23.75638269800004],[121.22139790000006,23.752754922000065],[121.22930584800008,23.752267817000075],[121.23251556100001,23.750599213000044],[121.2333211670001,23.74819879100005],[121.23007591500004,23.747182674000044],[121.2288147910001,23.74428266700005],[121.22963911400007,23.730189220000057],[121.23310568900001,23.73012732600006],[121.2357664430001,23.72463713700006],[121.23946280300004,23.724153157000046],[121.23778504300003,23.72006857300005],[121.23951816200008,23.716277542000057],[121.23926531100005,23.710962495000047],[121.24120750100008,23.70873217400009],[121.23935358400001,23.69978012900009],[121.24121189800007,23.698463019000087],[121.23936978800009,23.69468471600004],[121.23943200200006,23.686971571000072],[121.23240439800009,23.677039940000043],[121.23595522200003,23.67077095800005],[121.23583873400003,23.662519761000055],[121.231926832,23.65787800600009],[121.23024859000009,23.647985992000088],[121.22411880900006,23.638854112000047],[121.22499028700008,23.62877007800006],[121.22379927400004,23.62358272000006],[121.21732288200008,23.614696051000067],[121.2134100940001,23.60036950500006],[121.20812554500003,23.598241433000055],[121.20658047100005,23.59586570500005],[121.20012557200005,23.596401427000046],[121.19417305800005,23.600599009000064],[121.18940929200005,23.594811549000042],[121.18347397000002,23.593163426000046],[121.17973027200003,23.590031810000085],[121.178044236,23.582636972000046],[121.17139613400002,23.584141376000048],[121.16987048300007,23.58631789900005],[121.16674658500006,23.58714162600006],[121.1581905380001,23.585730862000048],[121.15339214200003,23.586777892000043],[121.15215026400006,23.573158642000067],[121.16035189400009,23.569763566000063],[121.16034103200002,23.56782769600005],[121.157143055,23.559555430000046],[121.15187720300003,23.560473449000085],[121.14611696200006,23.554369824000048],[121.1510599830001,23.54517482600005],[121.14687618900007,23.534105314000044],[121.1510987580001,23.52704573500006],[121.1471711370001,23.527245631000085],[121.14439937700001,23.52559506700004],[121.13833544700003,23.520591703000036],[121.13526209400004,23.51496081600004],[121.13225507000004,23.515105813000048],[121.128789418,23.518497788000047],[121.12635111400004,23.51704693700009],[121.11769807600001,23.52164291100007],[121.11079916100005,23.51906075100004],[121.1036742010001,23.51893018000004],[121.1010232320001,23.52124485300004],[121.09736286000009,23.521645568000054],[121.09185134900008,23.514516755000045],[121.08810529100003,23.51404591100004],[121.06845787600002,23.51844733300004],[121.06613858700007,23.506310143000064],[121.0629811660001,23.503837316000045],[121.0621671340001,23.499536290000037],[121.05409684400001,23.495603316000086],[121.05279950300007,23.49367740100007],[121.05361214700008,23.48782873500005],[121.05011658400008,23.486529660000087],[121.04855323600009,23.482415194000055],[121.03889587700007,23.474082742000064],[121.04965238800003,23.46783287100004],[121.05130657500001,23.46430968100009],[121.058927874,23.461941798000055],[121.05835086600007,23.460274994000088],[121.05452829600006,23.457378448000043],[121.05181696700004,23.450802399000054],[121.046464635,23.45087202800005],[121.03364870000007,23.445507193000083],[121.03314226600003,23.44332266400005],[121.02651932900005,23.439153003000058],[121.02203423500009,23.438996872000075],[121.01293295800008,23.43324093600006],[121.01415503400005,23.43093445100004],[121.02093728200009,23.42951034200007],[121.0225299330001,23.42490171500009],[121.02934212700006,23.422630650000087],[121.0277412580001,23.41625281100005],[121.02491073600004,23.414602953000042],[121.027079974,23.41278034900006],[121.02665130800005,23.406041867000056],[121.02834610900004,23.403763419000086],[121.02174552600002,23.39996803300005],[121.01924161000011,23.401516809000043],[121.01464227600002,23.396582803000058],[121.01046271400003,23.395098046000044],[121.006434162,23.396556048000036],[121.0032109230001,23.394788317000064],[121.00113268500002,23.39174562700009],[121.00738561100002,23.387031961000048],[121.00771754200002,23.384665349000045],[120.99986641300006,23.38220853100006],[120.9915487830001,23.371744897000042],[120.98778187000005,23.370055647000072],[120.98709501200005,23.35873194000004],[121.00248310100005,23.355253195000046],[121.00757407200001,23.35202593400004],[121.007646378,23.348952944000075],[121.01040399600004,23.345814245000042],[121.01519336700005,23.346341778000067],[121.018105096,23.350126687000056],[121.02004538100005,23.350383842000042],[121.02699629800009,23.33762330400009],[121.03091317000008,23.33702792300005],[121.0325208810001,23.33406941600009],[121.03704082800004,23.33302407900004],[121.03941962400006,23.32913471200004],[121.048781072,23.325306672000067],[121.04628124100009,23.308678641000085],[121.03642904600008,23.30380200700006],[121.03207456500002,23.303789194000046],[121.03136473200004,23.300433673000043],[121.028323441,23.297122797000043],[121.0389007660001,23.300652868000043],[121.0430659650001,23.29631073300004],[121.05631496800004,23.290298721000056],[121.062067351,23.27940760300004],[121.06072022500007,23.273031312000057],[121.06289075200004,23.268879568000045],[121.0624169240001,23.26584007100007],[121.06585824400008,23.25754558500006],[121.06922519400007,23.255174947000057],[121.07102484000006,23.24684972600005],[121.07845148800004,23.237582600000053],[121.07839527500005,23.233405163000043],[121.09310994100008,23.233725509000067],[121.09637988200006,23.229648721000046],[121.10362561700003,23.226962126000046],[121.10608779100005,23.223952136000037],[121.12339953200001,23.225080781000088],[121.1293954360001,23.223297265000042],[121.1345192,23.211255555000037],[121.13809422100007,23.20808967700009],[121.139364495,23.201913855000043],[121.14735193400008,23.199006110000084],[121.15470183600007,23.19914686800007],[121.16090958000007,23.205963025000074],[121.1699022790001,23.207065673000045],[121.17562793500008,23.210185461000037],[121.18439489700006,23.204911956000046],[121.1895043400001,23.20371559700004],[121.19442878200005,23.192506310000056],[121.19825496400006,23.188440447000062],[121.19917002,23.17509007700005],[121.21248837000007,23.15493173400006],[121.210641098,23.148057617000063],[121.21195082700001,23.144229762000066],[121.230930403,23.139247303000047],[121.23845627800006,23.12873376500005],[121.2452104360001,23.12840234500004],[121.24920817200007,23.131516047000048],[121.25760234100005,23.12611221900005],[121.25956969000003,23.121010437000052],[121.2642610040001,23.11765498200009],[121.2644673750001,23.115150704000087],[121.26726918300005,23.114087380000058],[121.26737425600004,23.109332812000048],[121.26431960900004,23.103915808000067],[121.27074424700004,23.10118295600006],[121.272545143,23.097794843000088],[121.278309659,23.10081840400005],[121.28086751700005,23.104025767000053],[121.28303145400002,23.10386014100004],[121.2844130090001,23.10656347400004],[121.29142355900001,23.10936164700007],[121.2999817760001,23.10925711300007],[121.30522539800006,23.11127844500004],[121.315805931,23.109735742000055],[121.3219703100001,23.117162970000038],[121.32294430900004,23.123764604000087],[121.3203699610001,23.13791885200004],[121.32381378900004,23.14329155100006],[121.3243993970001,23.14897197500005],[121.327204747,23.152185644000042],[121.32203479300006,23.155340709000086],[121.32136912400006,23.159128249000048],[121.31740931600007,23.164573578000045],[121.31851875000007,23.16807181200005],[121.32186158000002,23.169387724000046],[121.32221667800002,23.173225938000087],[121.32393281300006,23.174783563000062],[121.323302582,23.178727157000083],[121.32974416500008,23.180363397000065],[121.33493380000004,23.177925850000065],[121.33826146900003,23.190682364000054],[121.34214919100009,23.195801776000053],[121.34428865200005,23.205752008000047],[121.34691737100002,23.20926538300006],[121.34646153100005,23.21709217700004],[121.34997029200008,23.217878365000047],[121.35716282300007,23.223707656000045],[121.3543809250001,23.22551820800004],[121.35260220800001,23.23129763500009],[121.36090110200007,23.244345215000067],[121.36153831800004,23.246897914000044],[121.358946349,23.249653658000057],[121.3594034570001,23.252682694000043],[121.363615332,23.257639467000047],[121.37056330600001,23.262212049000084],[121.37233550100007,23.26781965500004],[121.37791966100008,23.269612651000045],[121.37628468300011,23.295652706000055],[121.37785687300004,23.300932990000035],[121.38379521700006,23.30811902700009],[121.38784849900003,23.310634124000046],[121.39025071100002,23.320616717000064],[121.39994069500005,23.32317746800004],[121.402080404,23.333894332000057],[121.40971407000006,23.34589148400005],[121.41668267,23.34930786600006],[121.42253149700002,23.35569417000005],[121.4228794180001,23.359985409000046],[121.40757343000007,23.364631562000056],[121.4043678490001,23.367345024000088],[121.40362809500004,23.37580695400004],[121.399924274,23.385597689000065],[121.4124904140001,23.402348905000053],[121.41997175400002,23.416893772000037],[121.420220244,23.420576071000085],[121.43340342600004,23.432859566000047],[121.4406442500001,23.43366592800004],[121.44709716800003,23.443791230000045],[121.45442691300002,23.44113658000009],[121.46158715900003,23.441530456000066],[121.46344477000002,23.43886131900007],[121.47331094200001,23.44061561600006],[121.47980263800002,23.431175031000066],[121.482470885,23.43016067600007],[121.49050449600009,23.435254128000054],[121.49609509200002,23.434818875000076],[121.49982852400001,23.45614984900004],[121.503748417,23.467605047000063],[121.50809754300008,23.47171075400007],[121.509715884,23.47943267800008],[121.5122392940001,23.481653618000053],[121.51395354700003,23.487148559000047],[121.51245237800003,23.49179355600006],[121.50772146400004,23.49122860700004],[121.50346828400006,23.520179259000088],[121.505373738,23.529398386000082],[121.50803467000003,23.531497947000048],[121.50696920200005,23.53465068400004],[121.51134384300008,23.551480538000078],[121.52201014700006,23.567058236000037],[121.52629419300001,23.57638267300007],[121.52611676400011,23.58241078000009],[121.53007456400007,23.59716174500005],[121.5312296940001,23.626469290000045],[121.53658727800007,23.647185947000082],[121.5398941630001,23.65157149500004],[121.54339535300005,23.65333090300004],[121.54376433300001,23.65600439700006],[121.54099896500009,23.660524851000048],[121.54535834900003,23.664566968000088],[121.54588061200002,23.675033650000046],[121.55336345400008,23.69834358500009],[121.54985695900007,23.702947583000082],[121.54988874500009,23.716552186000058],[121.55223991100002,23.72274092200007],[121.55654787000003,23.724795430000086],[121.5601993790001,23.729530881000073],[121.5724510980001,23.75660963300004],[121.57314159400005,23.762349734000054],[121.57125953000002,23.76613128200006],[121.570807876,23.78237597000009],[121.57285110300006,23.800421424000035],[121.57652700000006,23.81090342100009],[121.583401321,23.819829206000065],[121.58543203500005,23.828496227000073],[121.59391721200006,23.84458867300009],[121.59823581400008,23.857015464000085],[121.60496818500008,23.893660070000067],[121.6060198350001,23.91590881500008],[121.61186946300006,23.933327354000085],[121.609807553,23.948088944000062],[121.60780528100008,23.94931852700006],[121.6069056340001,23.95277330600004],[121.60782023900003,23.959899909000058],[121.61583604500004,23.97320465000007],[121.62218549900001,23.977868741000066],[121.6265991680001,23.97376567000009],[121.62827885000002,23.969469098000047],[121.63499624000008,23.979810272000066],[121.63482618400008,23.984629260000077],[121.63955087900001,23.995399839000072],[121.64790615300001,24.008942568000066],[121.64366356800008,24.019387750000078],[121.63609951500007,24.024196097000072],[121.62987940900007,24.031134173000055],[121.61918781700001,24.052229105000038],[121.61566493300006,24.07026069500006],[121.61912393600005,24.089586033000046],[121.631718718,24.10599661300006],[121.65372918600008,24.120000153000035],[121.66375161400003,24.134518533000062],[121.66513488200007,24.14052195900007],[121.66420880600003,24.155436930000064],[121.65996612900005,24.163665886000047],[121.658472287,24.171882095000058],[121.65907599900004,24.18104201300008],[121.663310626,24.19414459500007],[121.67394072100001,24.207561050000038],[121.68487993800011,24.212243750000084],[121.6962718320001,24.220725953000056],[121.70612502800009,24.225613236000072],[121.71558458800007,24.24167503600006],[121.72829328300008,24.24570791800005],[121.74306039700002,24.259639606000064],[121.74729833700007,24.277545604000068],[121.75056739700005,24.284416433000047],[121.76953064400004,24.302704178000056],[121.772998132,24.308765747000052],[121.77405669200004,24.315277433000063],[121.77084069,24.31315466800004],[121.75938963500005,24.314112815000044],[121.74472766400004,24.322858146000044],[121.73517132100005,24.323078957000064],[121.72778273800009,24.325990672000046],[121.71352670600004,24.326891971000066],[121.69497383700002,24.33485750400007],[121.68845774400006,24.33362403800004],[121.6855725150001,24.340736218000075],[121.674831573,24.337778616000037],[121.67347881300009,24.339984421000054],[121.67397440000002,24.34340105800004],[121.66910020500006,24.343104290000042],[121.66389487900005,24.349177723000082],[121.66312049700002,24.35289037800004],[121.66000302000009,24.351155990000052],[121.65663741700007,24.353258870000047],[121.65350513400006,24.352193210000053],[121.65364480100004,24.35611324200005],[121.65066818500009,24.35985723500005],[121.64784393700006,24.35772914800009],[121.65071482400003,24.350934271000085],[121.64874700100006,24.349512704000063],[121.64046614600011,24.357171694000044],[121.63832772600006,24.362322990000052],[121.635019586,24.36371993700004],[121.6349903790001,24.366342504000045],[121.63060993600004,24.366424512000037],[121.63127371100006,24.37049281800006]]]}},{"type":"Feature","properties":{"COUNTYCODE":"10016","COUNTYNAME":"澎湖縣","COUNTYENG":"Penghu County"},"geometry":{"type":"MultiPolygon","coordinates":[[[[119.44025332300009,23.22136844000005],[119.414730598,23.217310978000057],[119.41448638400004,23.215248192000047],[119.41265415100008,23.21634342300007],[119.41422902800002,23.215357234000066],[119.41273849200002,23.21418043700004],[119.41228682300004,23.21573935400005],[119.4116889600001,23.214530857000057],[119.41155214100002,23.216113780000057],[119.40950486300005,23.216288443000053],[119.41139192000003,23.211551624000037],[119.41593544700004,23.20903601400005],[119.41639685100006,23.20610670800005],[119.42062204500007,23.203318639000088],[119.42048528400005,23.19814913600004],[119.41572854700007,23.19376625500007],[119.41714812000009,23.193094251000048],[119.41627188400003,23.193947682000044],[119.417840791,23.19535677500005],[119.41928533500004,23.19456503400005],[119.41873463800005,23.195453731000043],[119.4217380660001,23.19607332000004],[119.421698558,23.194475056000044],[119.42070302500008,23.195635861000085],[119.4207901310001,23.194010167000044],[119.42161842400003,23.193355507000035],[119.42016132100002,23.194418213000063],[119.41792110800009,23.193401490000042],[119.42168385000002,23.192705146000037],[119.4221829390001,23.190653920000045],[119.42316941800004,23.19177329200005],[119.427052119,23.189943190000065],[119.43045731300003,23.186594943000046],[119.431764757,23.18993259000007],[119.43025257600004,23.192158195000047],[119.43120931300007,23.192546139000058],[119.42911151500005,23.19350908800004],[119.43034153600001,23.193819534000056],[119.42987507300006,23.19677824300004],[119.4329241160001,23.197792570000047],[119.432476382,23.199536655000088],[119.4361588480001,23.201921784000035],[119.442899012,23.20042198100009],[119.4434331220001,23.20463537800009],[119.44191668600001,23.20611384500006],[119.44320228700008,23.208421988000055],[119.44414521400006,23.20763369100007],[119.44296185600001,23.208930620000046],[119.44365525600006,23.21403078900005],[119.44797739900002,23.22008915400005],[119.44025332300009,23.22136844000005]]],[[[119.49784315700003,23.231597217000058],[119.49893236000003,23.231842095000047],[119.49818570100001,23.232731684000044],[119.49784315700003,23.231597217000058]]],[[[119.51973309000005,23.23423542100005],[119.52065304100006,23.23373571400009],[119.520982742,23.234499932000062],[119.51973309000005,23.23423542100005]]],[[[119.547721873,23.23631438500007],[119.54625989600004,23.235292290000075],[119.54815332300007,23.23503511000007],[119.547721873,23.23631438500007]]],[[[119.55092991400011,23.24238047700004],[119.55062877400007,23.241925509000055],[119.55082370500008,23.241875160000063],[119.55092991400011,23.24238047700004]]],[[[119.54958392900005,23.24315727000004],[119.54923080600008,23.24253542300005],[119.55043269800001,23.24236641600004],[119.54958392900005,23.24315727000004]]],[[[119.55138887400005,23.243934315000047],[119.55121181100003,23.244171977000065],[119.55107680200001,23.243867682000086],[119.55138887400005,23.243934315000047]]],[[[119.52018118500007,23.25017901700005],[119.51995102700005,23.25060193900009],[119.51956473400003,23.25013816200004],[119.52018118500007,23.25017901700005]]],[[[119.51930974100003,23.250694362000047],[119.51904283400006,23.251013560000047],[119.51870966400008,23.250624105000043],[119.51930974100003,23.250694362000047]]],[[[119.5156274630001,23.25234321700009],[119.51413612200008,23.25161214600007],[119.51516340300009,23.251191132000088],[119.5156274630001,23.25234321700009]]],[[[119.51424582600009,23.25258479100006],[119.5141773900001,23.252896556000053],[119.51383367100004,23.25270127500005],[119.51424582600009,23.25258479100006]]],[[[119.616139718,23.253723895000064],[119.60873087100003,23.251420762000066],[119.60867553100002,23.24891738200006],[119.61530274400002,23.244101098000044],[119.6217936060001,23.244757313000036],[119.61963265500003,23.248709743000063],[119.62138537400006,23.252944701000047],[119.616139718,23.253723895000064]]],[[[119.51965890000008,23.25379056400004],[119.51805527300007,23.25388616400005],[119.51781345500001,23.25342867800009],[119.51872111800003,23.25232174200005],[119.51965890000008,23.25379056400004]]],[[[119.61747930800004,23.25546821100005],[119.617352267,23.255204581000044],[119.618567687,23.25505080100004],[119.61747930800004,23.25546821100005]]],[[[119.50167686500004,23.258449922000068],[119.50200063600005,23.257805485000063],[119.50300438300007,23.258007709000083],[119.50167686500004,23.258449922000068]]],[[[119.66743711600009,23.26193025000009],[119.66541465500006,23.258613531000037],[119.66783707100001,23.255280201000062],[119.66457110800002,23.250542004000067],[119.66640827900005,23.25034233200006],[119.66596141700006,23.248359878000088],[119.66710875700005,23.249402493000048],[119.66934258900005,23.247729209000056],[119.67109281100011,23.24389300900009],[119.67423774500003,23.24671723000006],[119.67269247600007,23.251279498000088],[119.67790766200005,23.256042981000064],[119.67853958300009,23.260334017000048],[119.68008426400002,23.26019188500004],[119.67912873,23.26358904400007],[119.66743711600009,23.26193025000009]]],[[[119.66093148100003,23.264368785000045],[119.65747420600007,23.26327712500006],[119.65672199300002,23.260979873000053],[119.66002742600006,23.25996593800005],[119.66093148100003,23.264368785000045]]],[[[119.51856935400008,23.265276044000075],[119.51406722400009,23.262317662000044],[119.512809608,23.25748159400007],[119.51002910900002,23.257161047000068],[119.512041458,23.25683392600007],[119.51136418400006,23.255747994000046],[119.50919364600009,23.256719020000048],[119.51017204800007,23.255718008000088],[119.51167092700007,23.25521647100004],[119.51644720900003,23.254812540000046],[119.51652800700003,23.25707659400007],[119.52207274900002,23.262081297000066],[119.521796773,23.264468437000062],[119.51856935400008,23.265276044000075]]],[[[119.51192237300006,23.272512972000072],[119.51080852200005,23.27222537700004],[119.51108892100001,23.27206417900004],[119.51192237300006,23.272512972000072]]],[[[119.50800004500002,23.27322555300009],[119.5077627930001,23.27284479700006],[119.50846334900007,23.272725137000066],[119.50800004500002,23.27322555300009]]],[[[119.50275259800003,23.272711926000056],[119.5046500840001,23.268502287000047],[119.51115783700004,23.266749694000055],[119.509856582,23.273226307000073],[119.50893575100008,23.272610727000085],[119.50275259800003,23.272711926000056]]],[[[119.50176180900007,23.27640618500004],[119.50139598800001,23.275540456000044],[119.50423919900004,23.27595125000005],[119.50176180900007,23.27640618500004]]],[[[119.50119566900003,23.276699216000054],[119.50120914800004,23.27638311600009],[119.50179713900002,23.27654152300005],[119.50119566900003,23.276699216000054]]],[[[119.50034473300002,23.287102437000044],[119.50004556200008,23.28699277000004],[119.50026088100003,23.286653453000042],[119.50034473300002,23.287102437000044]]],[[[119.50092260100007,23.289033049000068],[119.50243457600004,23.289064334000045],[119.50259298000003,23.29049059400006],[119.50092260100007,23.289033049000068]]],[[[119.50042389700002,23.290791008000042],[119.50100842400002,23.290579191000063],[119.50073443400004,23.290832910000063],[119.50042389700002,23.290791008000042]]],[[[119.34257674600008,23.30562747500005],[119.34234227400009,23.305815366000047],[119.34246160300006,23.305167182000048],[119.34257674600008,23.30562747500005]]],[[[119.34242058200005,23.307641566000086],[119.34183207000001,23.308697135000045],[119.34161088100007,23.30810613500006],[119.34242058200005,23.307641566000086]]],[[[119.33666683500007,23.32235530400004],[119.33512492300008,23.32186194600007],[119.33495368700005,23.31901100500005],[119.33710617400004,23.317119065000043],[119.33842298600007,23.31803054100004],[119.33666683500007,23.32235530400004]]],[[[119.326202814,23.32430314000004],[119.32614667000007,23.324337121000042],[119.32607333200008,23.324210850000043],[119.326202814,23.32430314000004]]],[[[119.32328428900007,23.324051826000073],[119.32555521400002,23.323889094000037],[119.32522038800005,23.32442483400007],[119.32328428900007,23.324051826000073]]],[[[119.32240422200005,23.324297456000068],[119.32313323300002,23.324262090000047],[119.32294671500006,23.32459208000006],[119.32240422200005,23.324297456000068]]],[[[119.33252584800005,23.32459687700009],[119.33243679500004,23.32466705300004],[119.33237063700005,23.32448207100009],[119.33252584800005,23.32459687700009]]],[[[119.32821943700003,23.32498522900005],[119.32817195200005,23.325059829000054],[119.32808249000004,23.32496519700004],[119.32821943700003,23.32498522900005]]],[[[119.31985424700008,23.327630335000038],[119.31839032800008,23.324601406000056],[119.32294736000006,23.323847082000043],[119.32192607000002,23.324199105000048],[119.32063719200005,23.326249362000055],[119.31985424700008,23.327630335000038]]],[[[119.55542403700008,23.348777666000046],[119.55483073300002,23.348314723000044],[119.55506782300006,23.347930105000046],[119.55542403700008,23.348777666000046]]],[[[119.46588301000008,23.34783709800007],[119.46591704800005,23.348920612000086],[119.464691571,23.34736429900005],[119.46588301000008,23.34783709800007]]],[[[119.543530712,23.348923251000087],[119.5434692230001,23.349058916000047],[119.54332541500003,23.34901878100004],[119.543530712,23.348923251000087]]],[[[119.53928616000007,23.35049787300005],[119.53795369000011,23.349983228000042],[119.53753636500005,23.349415769000075],[119.53882057100009,23.349181086000044],[119.53928616000007,23.35049787300005]]],[[[119.5415841140001,23.35101142700006],[119.5414677870001,23.35126692700004],[119.54122153500009,23.350759838000045],[119.5415841140001,23.35101142700006]]],[[[119.51996137800006,23.351448195000046],[119.51985297100009,23.351550143000054],[119.5197317300001,23.351338338000062],[119.51996137800006,23.351448195000046]]],[[[119.52000630000009,23.35183859600005],[119.51994056700005,23.351990067000088],[119.5196117700001,23.351848936000067],[119.52000630000009,23.35183859600005]]],[[[119.46711888900006,23.35192406400006],[119.46765194800003,23.350800479000043],[119.46970754000006,23.35295026700004],[119.46711888900006,23.35192406400006]]],[[[119.46703425700002,23.354028335000066],[119.46696954000004,23.354051103000074],[119.46688094900003,23.353800782000064],[119.46703425700002,23.354028335000066]]],[[[119.46824575700009,23.35497287900006],[119.4681326540001,23.354968703000054],[119.46815033900009,23.354869317000066],[119.46824575700009,23.35497287900006]]],[[[119.52762300400002,23.355416108000043],[119.527232121,23.355500953000046],[119.52749887100003,23.355172714000048],[119.52762300400002,23.355416108000043]]],[[[119.4635785700001,23.35556921200009],[119.46335569900009,23.355199638000045],[119.46351451800001,23.35446321200004],[119.4635785700001,23.35556921200009]]],[[[119.46842402800007,23.35551866800006],[119.46813118,23.355767872000058],[119.46807141400006,23.355546813000046],[119.46842402800007,23.35551866800006]]],[[[119.4621019120001,23.35597993500005],[119.46020421600008,23.35466035400009],[119.46064292000005,23.353896018000057],[119.462965242,23.354979555000057],[119.4621019120001,23.35597993500005]]],[[[119.518074866,23.356680605000065],[119.51745766200008,23.356572028000073],[119.51749808200009,23.356434186000058],[119.518074866,23.356680605000065]]],[[[119.48033250500009,23.35673776400006],[119.48160472900008,23.356183017000035],[119.47980861600001,23.359028503000047],[119.48033250500009,23.35673776400006]]],[[[119.53644717500003,23.36334159100005],[119.53556624400005,23.36127898300009],[119.53765423100003,23.35993312100004],[119.53644717500003,23.36334159100005]]],[[[119.55261043500002,23.36426510800004],[119.55237275700006,23.365254735000065],[119.55220146300007,23.36382182200009],[119.55261043500002,23.36426510800004]]],[[[119.55256597300001,23.36673949300007],[119.55197432700004,23.365660235000064],[119.55339197600006,23.36668916600007],[119.55256597300001,23.36673949300007]]],[[[119.53132130800009,23.374387023000054],[119.53119598900003,23.374236194000048],[119.53144963700004,23.373989264000045],[119.53132130800009,23.374387023000054]]],[[[119.523626412,23.374864469000045],[119.524536635,23.373362433000068],[119.52704009400009,23.373347245000048],[119.5256571220001,23.375033746000042],[119.523626412,23.374864469000045]]],[[[119.53711022000005,23.37527477200007],[119.532997991,23.37240373900005],[119.53126042300005,23.37383639600006],[119.5305413320001,23.371730321000086],[119.5270998520001,23.372380830000054],[119.52538105500003,23.36998236100004],[119.52680370900009,23.371002488000045],[119.52764593300003,23.368708274000085],[119.5265423400001,23.369450198000038],[119.52648362500008,23.367894970000066],[119.52542647500002,23.36971808000004],[119.5263490530001,23.36764258100004],[119.52527516100008,23.36661224900007],[119.51958146900006,23.36682766200005],[119.51856978300009,23.364092653000057],[119.52132758000005,23.36225264300009],[119.52051094400008,23.361253026000043],[119.51958404000004,23.36238712100004],[119.52046548100009,23.35994155900005],[119.52129599700004,23.361209777000056],[119.52387671300005,23.36061194800004],[119.52390936200004,23.357561934000046],[119.52524967700003,23.357268479000084],[119.52664099700007,23.359677090000048],[119.52592101500011,23.362810684000067],[119.53246679900008,23.366910766000046],[119.54383696700006,23.36497535500007],[119.54146820000005,23.36755938600004],[119.54082004700001,23.372724550000044],[119.53711022000005,23.37527477200007]]],[[[119.4874065570001,23.378884767000045],[119.48737345400002,23.378108283000074],[119.48824351100006,23.37829068600007],[119.4874065570001,23.378884767000045]]],[[[119.52637290300004,23.379413166000063],[119.529619722,23.37650130500009],[119.52799138700004,23.37937159100005],[119.52637290300004,23.379413166000063]]],[[[119.51446669400002,23.38407390900005],[119.51285891100008,23.38476772900009],[119.5139548300001,23.383885960000043],[119.51209833900009,23.382149251000044],[119.5127267800001,23.38101617800004],[119.51521535300003,23.381619786000044],[119.51446669400002,23.38407390900005]]],[[[119.51233468800001,23.395515195000087],[119.514065082,23.395900064000045],[119.51401022200002,23.396103420000088],[119.51233468800001,23.395515195000087]]],[[[119.49372324600006,23.397236614000064],[119.49096585100006,23.39699697000009],[119.48942259900002,23.39469463100005],[119.49595052300003,23.38746356000007],[119.4916625940001,23.379510322000044],[119.4938316790001,23.37799095400004],[119.49200816900009,23.375407326000072],[119.49353511700008,23.375007450000055],[119.49340733300005,23.372197241000038],[119.49421473200005,23.373874286000046],[119.4948550690001,23.372702867000044],[119.49329004200001,23.37048641100006],[119.494642365,23.365547201000084],[119.48628801300003,23.355996967000067],[119.4907236030001,23.353039310000042],[119.50298418500006,23.355732000000046],[119.50556315800009,23.35500128500007],[119.50611136200007,23.35303772700007],[119.5082628340001,23.35403083700004],[119.51310149900007,23.35247768100004],[119.51380012000004,23.353574802000082],[119.508323507,23.358484730000043],[119.5094211070001,23.36089219200005],[119.50834170500002,23.360613512000043],[119.50801100700005,23.363025616000073],[119.50950990700005,23.36149466100005],[119.50913190100005,23.363279331000058],[119.50764647200003,23.364661243000057],[119.51629828700004,23.36784538200004],[119.51471601700007,23.37058219000005],[119.51661577200002,23.373499408000043],[119.5145953330001,23.374953134000066],[119.513968868,23.37103614700004],[119.50861978700004,23.371177792000083],[119.51339962100008,23.376889495000057],[119.51245954000001,23.377025770000046],[119.51159097300001,23.375723770000036],[119.50835844200003,23.376790826000047],[119.508617985,23.381761028000085],[119.5067780500001,23.383387896000045],[119.5075057570001,23.392250785000044],[119.50478498300004,23.39487604900006],[119.501977818,23.38937224400007],[119.49907182200002,23.389821761000064],[119.49752743400006,23.390585207000072],[119.49727308500007,23.394109995000065],[119.49372324600006,23.397236614000064]]],[[[119.31971589600005,23.411679354000057],[119.31748148100007,23.40457490500006],[119.31443824000007,23.402745673000084],[119.31636913700004,23.396854098000063],[119.316741159,23.399013815000046],[119.31801210100002,23.39758898200006],[119.32722106800009,23.400346755000044],[119.32756444400002,23.40296478600004],[119.33068661200002,23.404861321000055],[119.32885732800003,23.407113692000053],[119.32488626100007,23.406936880000046],[119.32502239900009,23.40834530300009],[119.31971589600005,23.411679354000057]]],[[[119.53758526700005,23.498076106000042],[119.53483869000002,23.49589806700004],[119.52930454900002,23.49584472500004],[119.52559531200006,23.49274196300007],[119.52071083300007,23.492218823000087],[119.52061488800007,23.489991011000086],[119.51813234100007,23.487777925000046],[119.51657508400001,23.488561925000056],[119.515935119,23.488266056000043],[119.51645471400002,23.48837043800006],[119.517683992,23.48727148200004],[119.51712546800002,23.48651933700006],[119.5166376300001,23.48796799900009],[119.51413098100011,23.48700782900005],[119.512739399,23.490922372000057],[119.51036578100002,23.491465185000038],[119.509022233,23.48506058600009],[119.51172059300006,23.482997442000055],[119.51725714700001,23.485453368000037],[119.52856121700006,23.486598364000088],[119.5368637570001,23.491947295000045],[119.54371523500004,23.49380853100007],[119.53758526700005,23.498076106000042]]],[[[119.52050925100002,23.51504934700006],[119.51968296100006,23.512223494000068],[119.51604490300008,23.51465108800005],[119.51445501500007,23.50940320500007],[119.52181254700008,23.50969477500007],[119.52179780400002,23.514340704000062],[119.52050925100002,23.51504934700006]]],[[[119.72398130200008,23.534906438000064],[119.72697870700006,23.534348418000036],[119.7261861180001,23.53603163100007],[119.72398130200008,23.534906438000064]]],[[[119.66130206300011,23.540387486000043],[119.659828554,23.540052872000047],[119.6610219910001,23.539463132000037],[119.66130206300011,23.540387486000043]]],[[[119.696898616,23.540636197000083],[119.69730168500007,23.538370204000046],[119.69947514700004,23.538924803000043],[119.696898616,23.540636197000083]]],[[[119.53285173200004,23.54196399600005],[119.53009144500004,23.541235235000045],[119.53262532400004,23.538716286000067],[119.53285173200004,23.54196399600005]]],[[[119.66005250800004,23.541814971000065],[119.6596695390001,23.542534457000045],[119.65901345000009,23.541758426000058],[119.66005250800004,23.541814971000065]]],[[[119.66095273200006,23.54471194100006],[119.659392981,23.54433931200009],[119.6594799290001,23.542932567000037],[119.66007920000004,23.543054185000074],[119.66095273200006,23.54471194100006]]],[[[119.68991411400009,23.547570502000042],[119.68968525900004,23.54752862500004],[119.6894338830001,23.54674867500006],[119.68991411400009,23.547570502000042]]],[[[119.68555524600004,23.549271547000046],[119.68518738800003,23.547273098000062],[119.68633414500005,23.54801976300007],[119.68555524600004,23.549271547000046]]],[[[119.7068037040001,23.554113396000048],[119.706879007,23.55400018200004],[119.70704250800009,23.554123599000036],[119.7068037040001,23.554113396000048]]],[[[119.54150700500008,23.554289177000044],[119.54123529800006,23.554240460000074],[119.54138412600003,23.554106752000052],[119.54150700500008,23.554289177000044]]],[[[119.7065163850001,23.554819013000042],[119.70627672100011,23.554648538000038],[119.70646850700007,23.554566401000045],[119.7065163850001,23.554819013000042]]],[[[119.541377872,23.55497137900005],[119.54183900400005,23.55433542800006],[119.541367788,23.55295776400004],[119.54320314300003,23.553409627000065],[119.541377872,23.55497137900005]]],[[[119.6968452960001,23.555605336000042],[119.6954508660001,23.555455817000052],[119.69688783400011,23.554036244000088],[119.6968452960001,23.555605336000042]]],[[[119.66067477600006,23.555421580000086],[119.65970719400002,23.556085979000045],[119.65978819300005,23.55531355900007],[119.66067477600006,23.555421580000086]]],[[[119.70612661400003,23.556687658000044],[119.7060969900001,23.55647108100004],[119.70676474700008,23.556673473000046],[119.70612661400003,23.556687658000044]]],[[[119.66286714600005,23.557295097000065],[119.66243686300004,23.557622823000088],[119.66248152700007,23.556762812000045],[119.66286714600005,23.557295097000065]]],[[[119.69445872300003,23.557826016000035],[119.6940614450001,23.557308585000044],[119.69604205500002,23.556990468000038],[119.69445872300003,23.557826016000035]]],[[[119.72533726800009,23.55872119500009],[119.72328800800005,23.558678821000058],[119.72273948300005,23.557672314000058],[119.72503802200004,23.55718078700005],[119.72533726800009,23.55872119500009]]],[[[119.6628985000001,23.559566421000056],[119.664093643,23.557181169000046],[119.66425311600005,23.557660118000058],[119.6628985000001,23.559566421000056]]],[[[119.6609016650001,23.558778761000042],[119.66180644200006,23.557191124000042],[119.66222287000005,23.55799477100004],[119.6609016650001,23.558778761000042]]],[[[119.66410647700002,23.559669763000045],[119.66510331100005,23.55689620600009],[119.66541157900008,23.557682098000043],[119.66410647700002,23.559669763000045]]],[[[119.68960396900002,23.563098359000037],[119.68887497100002,23.56248306000009],[119.68916189600009,23.562208642000087],[119.68960396900002,23.563098359000037]]],[[[119.69212711900002,23.563893043000064],[119.69070595700009,23.56333049600005],[119.6909060270001,23.56125790100009],[119.692433445,23.561480766000045],[119.69212711900002,23.563893043000064]]],[[[119.693694789,23.563906373000066],[119.69458709100002,23.564252287000045],[119.69380750300002,23.564443134000044],[119.693694789,23.563906373000066]]],[[[119.54022636400009,23.580502653000053],[119.54016333000004,23.58021166000009],[119.54022849300009,23.58020014600004],[119.54022636400009,23.580502653000053]]],[[[119.59814923400006,23.587051494000036],[119.59706765600004,23.58701050600007],[119.59616062300006,23.586433829000043],[119.59708538900009,23.58605780000005],[119.59814923400006,23.587051494000036]]],[[[119.48119220700005,23.594479101000047],[119.480646396,23.59374940400005],[119.48106350100011,23.59343885800007],[119.48119220700005,23.594479101000047]]],[[[119.55169361200001,23.59452397800004],[119.55166630200006,23.59487623800004],[119.55141352800001,23.594543032000047],[119.55169361200001,23.59452397800004]]],[[[119.58900982,23.596396063000043],[119.58760763200007,23.595541294000043],[119.587525218,23.594911782000054],[119.58826321000004,23.594791602000043],[119.58900982,23.596396063000043]]],[[[119.6894260790001,23.59861264700004],[119.69043044800003,23.596517834000053],[119.69103958100004,23.59788536600007],[119.6894260790001,23.59861264700004]]],[[[119.67842161400006,23.598816872000043],[119.67791054700001,23.598275069000067],[119.679327328,23.598280165000062],[119.67842161400006,23.598816872000043]]],[[[119.67486334,23.599417042000084],[119.67519821100007,23.59837943900004],[119.676257545,23.599435810000045],[119.67486334,23.599417042000084]]],[[[119.67389550000007,23.60284121300009],[119.67492542000002,23.602452982000045],[119.67467978100001,23.60279943200004],[119.67389550000007,23.60284121300009]]],[[[119.67441063400008,23.60531534800009],[119.67538961900004,23.604484884000044],[119.6719486940001,23.60483165100004],[119.67355144700002,23.603224208000086],[119.67290341,23.602003504000038],[119.674216935,23.603304844000036],[119.67643922600007,23.60262021500006],[119.67550615000005,23.60374169100004],[119.67729266700007,23.60406123200005],[119.67710927100006,23.604721193000046],[119.67441063400008,23.60531534800009]]],[[[119.56430477600009,23.60379285600004],[119.5657966550001,23.605582089000052],[119.56517069800009,23.60685530300009],[119.5642830050001,23.606361897000056],[119.56430477600009,23.60379285600004]]],[[[119.61434760400005,23.607724976000043],[119.613866013,23.60695484200005],[119.61402181100004,23.60687521600005],[119.61434760400005,23.607724976000043]]],[[[119.59878123300007,23.60817632600009],[119.59833269900003,23.608058412000048],[119.598661892,23.607723045000057],[119.59878123300007,23.60817632600009]]],[[[119.58448435500009,23.611467962000063],[119.58438439700001,23.61199206200007],[119.5836511010001,23.61181196800004],[119.58448435500009,23.611467962000063]]],[[[119.5782202580001,23.611629124000046],[119.57773986100005,23.612484221000045],[119.576984133,23.611236417000043],[119.5782202580001,23.611629124000046]]],[[[119.69999981300009,23.615504833000045],[119.6999339890001,23.61504687900009],[119.7005142480001,23.615152617000035],[119.69999981300009,23.615504833000045]]],[[[119.701348499,23.616087924000055],[119.7013969300001,23.616211862000057],[119.70086937500002,23.61622778900005],[119.701348499,23.616087924000055]]],[[[119.69872432400007,23.617289406000054],[119.69762986400008,23.61607985200004],[119.69975116100011,23.615679774000057],[119.6997900020001,23.61590082400005],[119.69872432400007,23.617289406000054]]],[[[119.70168227300007,23.617291863000048],[119.70166123000001,23.61667569100007],[119.70285635200003,23.61665448100007],[119.70168227300007,23.617291863000048]]],[[[119.6975806690001,23.618414217000065],[119.69821017100003,23.617928303000042],[119.69844629200009,23.618277138000053],[119.6975806690001,23.618414217000065]]],[[[119.69418684200002,23.61979289900006],[119.69418070100005,23.61996448900004],[119.69393856700003,23.619751119000057],[119.69418684200002,23.61979289900006]]],[[[119.69640302000005,23.620354089000045],[119.69525617400006,23.61949013700007],[119.69529784600002,23.61891431500004],[119.69623924100006,23.619264505000046],[119.69640302000005,23.620354089000045]]],[[[119.69982796500005,23.620338683000057],[119.6985967380001,23.618466082000054],[119.69979626500003,23.617022718000044],[119.70125139600009,23.619650526000044],[119.69982796500005,23.620338683000057]]],[[[119.57082010200008,23.61774480300005],[119.56859381100003,23.62266288300009],[119.56776128400008,23.62035884000005],[119.5651790070001,23.61921923200009],[119.56771798600005,23.61656425700005],[119.57082010200008,23.61774480300005]]],[[[119.69292335300008,23.622949866000056],[119.69291672400004,23.62302890300009],[119.69280023300007,23.622948158000042],[119.69292335300008,23.622949866000056]]],[[[119.5296283020001,23.62298174600005],[119.53122016300006,23.62320433600007],[119.5303904540001,23.624410347000037],[119.5296283020001,23.62298174600005]]],[[[119.70903319000001,23.626856864000047],[119.70928008200008,23.626411030000043],[119.70985237000002,23.62690278100007],[119.70903319000001,23.626856864000047]]],[[[119.68607311700009,23.627763720000075],[119.68422693800005,23.626105916000085],[119.68334399300011,23.62693149800009],[119.6838458530001,23.625319766000075],[119.68707949400005,23.626120400000048],[119.68607311700009,23.627763720000075]]],[[[119.55766976300004,23.628531213000088],[119.55730318300004,23.62860928300006],[119.557328912,23.628248001000088],[119.55766976300004,23.628531213000088]]],[[[119.5588368980001,23.629601551000064],[119.55935806800005,23.62972157300004],[119.55917452000006,23.629988611000044],[119.5588368980001,23.629601551000064]]],[[[119.61752718500009,23.630295554000043],[119.61732956100002,23.630409211000085],[119.61732101700011,23.63008869400005],[119.61752718500009,23.630295554000043]]],[[[119.55401523700004,23.63141124300006],[119.55337583700009,23.63121712900005],[119.55428837000011,23.630886543000088],[119.55401523700004,23.63141124300006]]],[[[119.6599004840001,23.63165162100006],[119.65856569000005,23.630230616000063],[119.66211487200007,23.629041661000088],[119.66215913500002,23.62986542400006],[119.6599004840001,23.63165162100006]]],[[[119.60841861900008,23.637433371000043],[119.60802665800009,23.63771708300004],[119.608031676,23.63747777800006],[119.60841861900008,23.637433371000043]]],[[[119.605014568,23.638970440000037],[119.6047987390001,23.638860669000053],[119.60525495400009,23.63889275100007],[119.605014568,23.638970440000037]]],[[[119.54699681600005,23.640005356000074],[119.54669230000002,23.640065123000056],[119.54661882000005,23.638966013000072],[119.54699681600005,23.640005356000074]]],[[[119.58734106600002,23.64077658900004],[119.58724715900007,23.63956922500006],[119.58795375700004,23.639496567000037],[119.58734106600002,23.64077658900004]]],[[[119.53934755,23.64063069300005],[119.53905332800002,23.640963544000044],[119.53882814000008,23.640797272000043],[119.53934755,23.64063069300005]]],[[[119.6310171020001,23.64101288200004],[119.63124646400001,23.64079711900007],[119.63166541300006,23.64086483500006],[119.6310171020001,23.64101288200004]]],[[[119.62990829500006,23.640660508000053],[119.63073104,23.640843218000043],[119.63066666100008,23.641053684000042],[119.62990829500006,23.640660508000053]]],[[[119.69656130400006,23.641247769000074],[119.69637608100004,23.64201611100009],[119.69578625200006,23.641106775000083],[119.69656130400006,23.641247769000074]]],[[[119.5295044180001,23.641921462000084],[119.52927889800003,23.642131414000062],[119.52907126800005,23.64190738900004],[119.5295044180001,23.641921462000084]]],[[[119.63034139000001,23.64238468900004],[119.63036019900005,23.642162001000088],[119.630431574,23.642171073000043],[119.63034139000001,23.64238468900004]]],[[[119.53862678200005,23.642427807000047],[119.53821579200007,23.64183778200004],[119.53919703300005,23.641504824000037],[119.53862678200005,23.642427807000047]]],[[[119.53876999300007,23.643980403000057],[119.53791027600005,23.64369441200006],[119.53871470900003,23.64318824700007],[119.53876999300007,23.643980403000057]]],[[[119.53125147200001,23.644935136000072],[119.53085537800007,23.64383321200006],[119.53192557300008,23.643654403000085],[119.53125147200001,23.644935136000072]]],[[[119.5440208760001,23.64629261300007],[119.54349541500005,23.647181524000075],[119.54325609900002,23.64633801800005],[119.5440208760001,23.64629261300007]]],[[[119.525042998,23.647280075000083],[119.52448722500003,23.647750166000037],[119.52398329300001,23.646696579000036],[119.525042998,23.647280075000083]]],[[[119.54419993800002,23.64802101500004],[119.54353402100003,23.64810892400004],[119.54362812400007,23.647668513000042],[119.54419993800002,23.64802101500004]]],[[[119.58112958200002,23.648935726000047],[119.58109522200004,23.648854588000063],[119.5818649570001,23.648361841000053],[119.58112958200002,23.648935726000047]]],[[[119.54536452700006,23.648939235000057],[119.54531397400001,23.649158383000042],[119.54502043800005,23.648915613000042],[119.54536452700006,23.648939235000057]]],[[[119.52369246400008,23.648944653000058],[119.52373851100003,23.649274093000088],[119.52290852600004,23.64914648900009],[119.52369246400008,23.648944653000058]]],[[[119.54494984300004,23.64939895200007],[119.54467496900008,23.650113263000037],[119.54381967900008,23.64950901800006],[119.54494984300004,23.64939895200007]]],[[[119.52375450600005,23.64959242000009],[119.52442895500008,23.64958990300005],[119.524637375,23.65007173300006],[119.52375450600005,23.64959242000009]]],[[[119.54560136700002,23.650430561000064],[119.54532139000003,23.65050378300009],[119.54496401100005,23.64986167300009],[119.54560136700002,23.650430561000064]]],[[[119.52847930300004,23.65133504000005],[119.52840281800002,23.651391834000037],[119.52830031500002,23.651211981000074],[119.52847930300004,23.65133504000005]]],[[[119.63230410800008,23.651405984000064],[119.6316222050001,23.647760798000036],[119.630023972,23.647460295000087],[119.62954104100004,23.64678052000005],[119.629876513,23.646666288000063],[119.630091666,23.64726814100004],[119.63179293000007,23.647656263000044],[119.63161544500008,23.645842034000054],[119.62966186200003,23.646296944000085],[119.62962728000002,23.64617518600005],[119.63154118300008,23.645749782000053],[119.63065193600005,23.64465404400005],[119.633098174,23.646522238000045],[119.63396729600004,23.642924898000047],[119.6341458060001,23.64666243000005],[119.63686275200007,23.65045953300006],[119.63230410800008,23.651405984000064]]],[[[119.5270719450001,23.651977592000037],[119.52679821000004,23.652085775000046],[119.5267771980001,23.651997361000042],[119.5270719450001,23.651977592000037]]],[[[119.54751159400007,23.652274917000057],[119.547393919,23.652264045000038],[119.54738152100003,23.65215573200004],[119.54751159400007,23.652274917000057]]],[[[119.52636368800006,23.652339916000074],[119.52634906900005,23.652440298000045],[119.52578175000008,23.652390326000045],[119.52636368800006,23.652339916000074]]],[[[119.54971669300005,23.65312493500005],[119.54938204700011,23.65323899300006],[119.54939688400009,23.653123812000047],[119.54971669300005,23.65312493500005]]],[[[119.52791372200011,23.65331478300004],[119.52774948500007,23.65333736300005],[119.5277580930001,23.653249260000052],[119.52791372200011,23.65331478300004]]],[[[119.5263393890001,23.65337538700004],[119.526279896,23.653441645000044],[119.52624033900008,23.653262876000042],[119.5263393890001,23.65337538700004]]],[[[119.52653430100008,23.653550875000064],[119.52648662700005,23.653584067000054],[119.52645354100002,23.653529130000038],[119.52653430100008,23.653550875000064]]],[[[119.54894243400008,23.653597222000087],[119.54881874,23.653538967000088],[119.54926520900005,23.65335453600005],[119.54894243400008,23.653597222000087]]],[[[119.525799731,23.65358360500005],[119.5257446710001,23.653376278000053],[119.52590659100008,23.653323528000044],[119.525799731,23.65358360500005]]],[[[119.52754162000008,23.653657447000057],[119.5275298900001,23.653712532000043],[119.52716472100008,23.65354863500005],[119.52754162000008,23.653657447000057]]],[[[119.527237442,23.65380160300009],[119.5271957120001,23.653826516000038],[119.527168502,23.65374679200005],[119.527237442,23.65380160300009]]],[[[119.52708544100005,23.65389569900009],[119.527040779,23.65393438500007],[119.52700751500004,23.65383541400007],[119.52708544100005,23.65389569900009]]],[[[119.52741766400004,23.65400741800005],[119.52734022300001,23.654068231000053],[119.52731577500003,23.653963726000086],[119.52741766400004,23.65400741800005]]],[[[119.52686770700006,23.653990020000037],[119.52687413000001,23.65406981600006],[119.52677830100004,23.65401509500009],[119.52686770700006,23.653990020000037]]],[[[119.549299582,23.654103879000047],[119.54896403000009,23.654001226000048],[119.54897905200005,23.653856696000048],[119.549299582,23.654103879000047]]],[[[119.54748374300004,23.65390036200006],[119.54773558400007,23.65332157100005],[119.54885868000008,23.653787143000045],[119.54748374300004,23.65390036200006]]],[[[119.52560643000004,23.654240712000046],[119.52549382400002,23.654456288000063],[119.52521149500001,23.65398996400006],[119.52560643000004,23.654240712000046]]],[[[119.52488240600007,23.656084561000057],[119.52686544000005,23.654828355000063],[119.52726042800009,23.656997163000085],[119.52488240600007,23.656084561000057]]],[[[119.63823808300003,23.65809291900007],[119.6454196200001,23.659997771000064],[119.64215025600004,23.660410910000053],[119.63823808300003,23.65809291900007]]],[[[119.5482802780001,23.66376700300009],[119.54912619900006,23.662980683000058],[119.54896160200008,23.66362011700005],[119.5482802780001,23.66376700300009]]],[[[119.5549527070001,23.669093339000085],[119.554650563,23.669076363000045],[119.5546178830001,23.66888234000004],[119.5549527070001,23.669093339000085]]],[[[119.55446591300006,23.669533022000053],[119.55439321900008,23.669585202000064],[119.554191565,23.669278915000064],[119.55446591300006,23.669533022000053]]],[[[119.66431080900009,23.66957054900007],[119.6618303240001,23.663506529000074],[119.65754843400009,23.66256762100005],[119.654741586,23.660511734000067],[119.6556519080001,23.659259546000044],[119.65569637200008,23.66092757200005],[119.65671169000007,23.65972233900004],[119.6584479920001,23.660942995000084],[119.659215141,23.659063840000044],[119.65713198600008,23.659722816000055],[119.65407432900008,23.65680565200006],[119.65729289600006,23.65912618100009],[119.657454422,23.659511511000062],[119.659887207,23.658751719000065],[119.66173225300008,23.658506826000064],[119.66417691900006,23.65871308000004],[119.667678572,23.660512976000064],[119.66567520700005,23.66046967400007],[119.66527523600007,23.663457918000063],[119.66735584000003,23.66862967700007],[119.66431080900009,23.66957054900007]]],[[[119.61228455100002,23.671058047000088],[119.61207413300008,23.671135632000073],[119.61221666300003,23.67062489500006],[119.61228455100002,23.671058047000088]]],[[[119.64248068400002,23.673802666000086],[119.64244014200005,23.673468739000043],[119.64333392000003,23.67361401900007],[119.64248068400002,23.673802666000086]]],[[[119.64464400000008,23.675746324000045],[119.6435937980001,23.67544368600005],[119.643859808,23.675146861000087],[119.64464400000008,23.675746324000045]]],[[[119.61892173900003,23.675372657000082],[119.61622826600001,23.67403798500004],[119.61589703000004,23.66853575600004],[119.616493537,23.673244581000063],[119.61846592400002,23.673304443000063],[119.61648639000009,23.668650798000044],[119.61420559300007,23.665251175000037],[119.61679035200007,23.669053664000046],[119.61838514100009,23.67300001600006],[119.61948437000001,23.673514826000087],[119.61892173900003,23.675372657000082]]],[[[119.67099480800005,23.67614234000007],[119.66962202500008,23.67507602200004],[119.66858344900004,23.673455190000084],[119.67270952900003,23.674455410000064],[119.67099480800005,23.67614234000007]]],[[[119.55622652500006,23.676612746000046],[119.55406647100006,23.67550532200005],[119.556334289,23.67340908400007],[119.55685570900005,23.675427599000045],[119.55622652500006,23.676612746000046]]],[[[119.582291811,23.67752150800004],[119.57870949800008,23.676245952000045],[119.57765132100008,23.67437624900009],[119.57122665000009,23.67155573100007],[119.57041417300002,23.67240525400007],[119.56823037100003,23.67247648700004],[119.57036572100003,23.672324166000067],[119.57024010300006,23.67027489500009],[119.56973652300007,23.67036478700004],[119.56959118500004,23.670902587000057],[119.56965732900005,23.671814338000047],[119.5686024470001,23.672084589000065],[119.5551854150001,23.668555240000046],[119.55084827200005,23.662782691000075],[119.5520649550001,23.660270365000088],[119.55013948800001,23.657608938000067],[119.5521505050001,23.659486735000087],[119.553988506,23.657513962000053],[119.55130719400006,23.65803595600005],[119.55339203800008,23.656777916000067],[119.54029626900001,23.640452306000043],[119.53554849900001,23.638670533000038],[119.527748578,23.640504385000042],[119.52531734000002,23.642184231000044],[119.52572744400004,23.643939124000042],[119.52261848400008,23.642328795000083],[119.5193430710001,23.644468561000053],[119.519518866,23.647623554000063],[119.52430046900008,23.651300866000042],[119.52409751700009,23.65586268800007],[119.51791018300003,23.654574853000042],[119.514258692,23.655556473000047],[119.514212574,23.652025463000086],[119.51727355000003,23.652325270000063],[119.51966342800006,23.648155236000036],[119.51561279100008,23.64984241800005],[119.51415403400006,23.647630461000062],[119.51202307300002,23.64835537600004],[119.50750200300001,23.63632003300006],[119.50395362300003,23.635591160000047],[119.50215264300004,23.63092861000007],[119.50409345100002,23.62379105100007],[119.499280709,23.62010439700009],[119.50431190100005,23.615092400000037],[119.50381597100011,23.616500401000053],[119.50570309800003,23.617394984000043],[119.50527941600001,23.615360147000047],[119.50731711000003,23.615195480000068],[119.50893832700001,23.612655060000066],[119.50819291900007,23.610738671000036],[119.504470545,23.609734961000072],[119.50503774100002,23.60775333500004],[119.50264221600003,23.605677481000043],[119.50242007600002,23.599614686000052],[119.504052322,23.59966357600007],[119.50442205900004,23.59730107900009],[119.49836822100008,23.595677197000043],[119.49816890300008,23.60070744300009],[119.49447205800004,23.60045513700004],[119.4937937840001,23.602082662000043],[119.49145241100007,23.59860457900004],[119.49409371200011,23.59607462300005],[119.49030341800005,23.59568706400006],[119.4895097000001,23.59426737000007],[119.49852454300003,23.592965494000055],[119.50213871200003,23.590454848000036],[119.50445629800004,23.587356886000066],[119.50458451400004,23.585977163000052],[119.5031474110001,23.586074378000035],[119.504253113,23.585142980000057],[119.5033665200001,23.579141020000066],[119.50086095000006,23.576236993000066],[119.49916459600001,23.57705062100007],[119.499673895,23.574992438000038],[119.50081263100003,23.575927876000037],[119.50026638200006,23.57461353700006],[119.498886965,23.574227430000064],[119.49915930200007,23.57613636700006],[119.49716904700006,23.572237338000036],[119.4918366390001,23.56983430300005],[119.48828217100004,23.570263141000055],[119.48338815400007,23.575409653000065],[119.48129235100009,23.57543196000006],[119.47784554100008,23.568945608000035],[119.46952898200004,23.56536803000006],[119.467211905,23.561293504000048],[119.47218851900004,23.55926706300005],[119.47651060500004,23.559809217000065],[119.47962909800003,23.562630495000064],[119.480873438,23.561865884000042],[119.48017481600004,23.562942599000053],[119.47898895100002,23.562953028000038],[119.48064424100005,23.56441301700005],[119.48307215600005,23.56434679700004],[119.48077543000011,23.56260889400005],[119.48443669700009,23.563888802000065],[119.48972345600009,23.56266675200004],[119.49206995600002,23.56606585800006],[119.49616667200007,23.56814324800007],[119.50171973800002,23.56673934400004],[119.50113439900008,23.56584501900005],[119.49865361600007,23.56610131700006],[119.50036774300008,23.565328272000045],[119.50193973900002,23.56622844700007],[119.5021382540001,23.56683054800004],[119.50125311400006,23.567361651000056],[119.51129777900007,23.56372377400004],[119.51622406500007,23.56479784900006],[119.51803545400003,23.56731340500005],[119.51313113000003,23.570580410000048],[119.51519816400003,23.574585075000073],[119.51252934400009,23.575648130000047],[119.51326861500002,23.57948788100009],[119.51202035200004,23.580891621000035],[119.5147548970001,23.58244474500009],[119.51383062000002,23.579935257000045],[119.51612550200002,23.58351926100005],[119.51630799100008,23.585401371000046],[119.5122745750001,23.592160913000043],[119.51487985800009,23.59469778400006],[119.51707480000005,23.594349616000045],[119.51658438700008,23.593281216000037],[119.51961965500004,23.59453300800004],[119.52311993400008,23.601767665000068],[119.51980780300005,23.61088306700009],[119.52094709300002,23.61083635700004],[119.52009421600007,23.612225288000047],[119.521761534,23.61482704100007],[119.51952038000002,23.618683499000042],[119.52113651700006,23.620793303000085],[119.51809963300002,23.625363505000053],[119.51817443900006,23.62865234500009],[119.52167109000004,23.63126610200004],[119.5227561050001,23.629083949000062],[119.52335120100008,23.631244569000046],[119.52481041700003,23.63065947700005],[119.52295549200005,23.628776266000045],[119.530245519,23.630194024000048],[119.53190740000002,23.63232838400006],[119.53648800100007,23.63366029900004],[119.53918629200007,23.632226571000047],[119.5374078960001,23.634067968000068],[119.53937945100006,23.632652487000087],[119.54373866600008,23.640800141000057],[119.54073711900003,23.640616497000053],[119.55397828900004,23.656978989000038],[119.5560339320001,23.655490759000088],[119.55447405000007,23.657514483000057],[119.5580848940001,23.655724933000045],[119.55808133100004,23.65531861100004],[119.55628670500005,23.655792347000045],[119.55595767400007,23.65433523300004],[119.5567652960001,23.65451292700004],[119.5570424440001,23.655435217000047],[119.55831592900006,23.655234240000084],[119.558629139,23.65562816000005],[119.56325681600003,23.65139229500005],[119.567055944,23.65604227700004],[119.56739505200005,23.65987639100007],[119.57103541200001,23.66223105100005],[119.5809791800001,23.66183516600006],[119.5808615730001,23.65906801600005],[119.58269626900005,23.658038520000048],[119.57981996900003,23.657735526000067],[119.58074078700008,23.65668915300006],[119.57940952900003,23.65635552300006],[119.58323018600004,23.655476605000047],[119.58241598100005,23.65264435100005],[119.588509305,23.64715387800004],[119.58788811700003,23.644070345000046],[119.59410867100007,23.64118649100004],[119.59579101500003,23.635471031000066],[119.59498245600003,23.63249434100004],[119.59069828700001,23.62956252300006],[119.5912830960001,23.628025249000075],[119.58850461700001,23.622669918000042],[119.59554668100009,23.62465215700007],[119.59851476800009,23.623335947000044],[119.5999973260001,23.620373002000065],[119.60188917100004,23.62395948900007],[119.60452255500002,23.625003467000056],[119.6054597430001,23.620080896000047],[119.60224724700004,23.617206156000066],[119.59734468500005,23.617416983000055],[119.59731026700001,23.615904641000043],[119.601277805,23.61306980200004],[119.60053310900003,23.611670824000043],[119.60248702900003,23.61211473800006],[119.60084398700008,23.611213621000047],[119.60207256500007,23.610743832000082],[119.6024443980001,23.611564091000048],[119.60300213800008,23.61098402600004],[119.60313495600008,23.611902282000074],[119.60434748900002,23.609069015000046],[119.60530884500008,23.610697387000073],[119.60963766000009,23.610371179000083],[119.61236066900005,23.60544154200005],[119.60579421200009,23.605566627000087],[119.60570100900009,23.60254204200004],[119.60308250500009,23.600972038000066],[119.60452607400009,23.596124246000045],[119.60661804800009,23.596007731000043],[119.60573125200006,23.59425943100007],[119.60769994000009,23.59370770000004],[119.60611719200006,23.593957687000056],[119.60757755100008,23.592994832000045],[119.60612418300002,23.586948346000042],[119.60726113800001,23.585982242000057],[119.60066236800003,23.584716643000036],[119.5984211540001,23.58280647500004],[119.59971009700007,23.58058470700007],[119.598045146,23.57874228700007],[119.59937704800006,23.576953781000043],[119.59870795400002,23.577525235000053],[119.59773646000008,23.57750640100005],[119.5974779820001,23.57694529300005],[119.59778348400005,23.577411407000056],[119.5986236,23.57742171700005],[119.59872394600006,23.577001447000043],[119.59985606400005,23.57679617100007],[119.602124334,23.577071837000062],[119.59783785400009,23.574882871000057],[119.59727116200008,23.568988628000056],[119.59392315100001,23.570443958000055],[119.59411029500006,23.574820412000065],[119.59109800500005,23.57451134200005],[119.58701953000002,23.571192563000068],[119.58554559100003,23.573561661000042],[119.58559699500006,23.57604013400004],[119.58905323200008,23.57985117000004],[119.58847386700006,23.58078568700006],[119.58662948100005,23.578282390000084],[119.58273222300011,23.57981631000007],[119.58296710600007,23.58045428400004],[119.585528952,23.58009474700009],[119.58321158400008,23.581184776000043],[119.58570745300005,23.58023629300004],[119.58559148800009,23.580803347000085],[119.58327011800009,23.58140578600006],[119.58239640900001,23.583016356000087],[119.58617952500003,23.587814982000054],[119.58332607700004,23.58935626300007],[119.5843989440001,23.589431242000046],[119.58285425200006,23.590879545000064],[119.5843433020001,23.59373637500005],[119.583359341,23.59424799800007],[119.58184086300002,23.593671274000087],[119.581793232,23.590091163000068],[119.57626762000007,23.587493134000056],[119.57708807100005,23.58628235900005],[119.57468283200001,23.58495261300004],[119.561664802,23.58506342900006],[119.56741032000002,23.574947272000088],[119.5599343340001,23.570359504000066],[119.55975170200009,23.56415284400009],[119.55572704000008,23.563250758000038],[119.55816887000003,23.56070012400005],[119.56154418900007,23.56260680200006],[119.56477335600005,23.56266960100004],[119.56456358100002,23.561503262000087],[119.56899653100004,23.564663330000087],[119.56822998200005,23.56209490300006],[119.57128969200005,23.565092865000054],[119.5701435530001,23.56430696700005],[119.56947147300002,23.565905444000066],[119.57186732800005,23.56516072100004],[119.57429361300001,23.567971325000087],[119.57608751700002,23.566427370000042],[119.57482216100004,23.56519723200006],[119.576825622,23.56580609300005],[119.57953801200006,23.563398600000085],[119.57843593900009,23.562197230000038],[119.57659838400002,23.563750405000064],[119.5781891260001,23.56189790800005],[119.57682654400003,23.560548503000064],[119.57234871500009,23.56314982400005],[119.57514214600008,23.561139421000064],[119.57419643200001,23.559910351000042],[119.57744274000004,23.558656735000056],[119.57628340200006,23.557015358000058],[119.57372741400002,23.559261937000088],[119.5720977850001,23.55843268700005],[119.57571112900007,23.554868388000045],[119.5683115380001,23.552800692000062],[119.5629000030001,23.557728068000074],[119.56104128100003,23.554829446000042],[119.56198587600011,23.552521179000053],[119.56554815700008,23.552661774000057],[119.56293563100007,23.551431911000066],[119.56225452900003,23.54861255900005],[119.56300882700009,23.549860460000048],[119.56505794400005,23.54918708100007],[119.5647765330001,23.547797512000045],[119.5690452230001,23.551303578000045],[119.56864101600002,23.548417778000044],[119.5723244300001,23.54913116700004],[119.57326344600006,23.54530810600005],[119.57442794100007,23.547324227000047],[119.58132844400006,23.549750180000046],[119.583732145,23.548368650000043],[119.58661533400004,23.549658093000062],[119.5880424610001,23.55045183900006],[119.58749021000006,23.55195061200004],[119.58848952200003,23.550009946000046],[119.59104013500007,23.55227126400007],[119.59107405600002,23.54979471900009],[119.59148892900009,23.55153363100004],[119.59101296400002,23.552492596000036],[119.59213229600005,23.55275697400009],[119.59280702400008,23.55121031400006],[119.59144251700002,23.551285489000065],[119.59540993000007,23.550245472000086],[119.59439476700004,23.54843437100004],[119.59956336900007,23.550283697000054],[119.60224562000008,23.547871418000057],[119.60409834900008,23.548347326000055],[119.60010753300003,23.54534908700009],[119.60312402500006,23.540346217000035],[119.59512805300005,23.538214374000063],[119.59723412200003,23.532811009000056],[119.5956573200001,23.53252584100005],[119.599373055,23.53233549400005],[119.59977444700007,23.531090094000035],[119.59588708700005,23.52652917800009],[119.59254007700008,23.527905455000052],[119.5907437950001,23.532185634000086],[119.5905141610001,23.53079140200009],[119.58765898700005,23.531452355000056],[119.58814171200004,23.53002833700009],[119.58640104100004,23.529147728000055],[119.58510987500006,23.531985687000088],[119.582720075,23.532701235000047],[119.58047400100008,23.53144319800009],[119.580334128,23.523693884000068],[119.57834801400008,23.523620006000044],[119.57973109800002,23.523097905000043],[119.5745636050001,23.519645095000044],[119.57144501000005,23.525246036000055],[119.57445530400003,23.527831028000037],[119.57287682800006,23.528690165000057],[119.57212739800002,23.52749872800007],[119.57203514600008,23.530016129000046],[119.57348861600008,23.529119085000048],[119.57187228500004,23.53198748500006],[119.56776828900001,23.531214659000057],[119.56551577700009,23.53471288500009],[119.56442473900006,23.53357231700005],[119.56606808700008,23.53161139200006],[119.56461996500002,23.529835518000084],[119.560847674,23.530833408000035],[119.5597753180001,23.528376639000044],[119.5611227280001,23.526773507000087],[119.55743362800001,23.526728069000058],[119.55502301500007,23.52891738900007],[119.55456984800003,23.531418013000064],[119.5572684120001,23.533932210000046],[119.556937188,23.537547586000073],[119.55103709800005,23.54065227700005],[119.55136864000008,23.542725707000045],[119.5506272450001,23.540129999000044],[119.54977160500005,23.54067255700005],[119.55185394700004,23.548417289000042],[119.54793592800002,23.551036243000055],[119.54877711800009,23.553999573000056],[119.54503022300003,23.546208723000063],[119.54232673900003,23.548247625000045],[119.54039600600004,23.541965066000046],[119.54144963200008,23.541327056000057],[119.54023123500008,23.541489313000056],[119.54390323100006,23.537200892000044],[119.54769510100004,23.539524062000055],[119.5494616850001,23.53900764900004],[119.55020217800006,23.536905596000054],[119.54829124800006,23.534045366000043],[119.55340352500002,23.532004588000063],[119.55352810900001,23.528279337000072],[119.55697891500006,23.523467666000045],[119.56453103400008,23.526278088000083],[119.57216473800008,23.522473493000064],[119.57402106900008,23.517534115000046],[119.57069547100002,23.512236795000035],[119.572839929,23.508068423000054],[119.58428951400003,23.50920654300006],[119.59021587500001,23.512832245000084],[119.59551034000003,23.512509590000036],[119.59705270300003,23.51063902900006],[119.59599061900008,23.51234295800009],[119.59781544500004,23.514209651000044],[119.59755471000005,23.510271396000064],[119.598719157,23.511792962000072],[119.60625690400002,23.507815520000065],[119.60799339200003,23.50901874500005],[119.60793104200002,23.512567699000044],[119.60555099700002,23.516516222000064],[119.61160626700007,23.518838044000063],[119.61176307700009,23.521846604000075],[119.60642442900007,23.522147414000074],[119.60595382200006,23.52476562800007],[119.6044502090001,23.525143952000064],[119.60546608600009,23.52712204100004],[119.6070606400001,23.52528278500006],[119.6055653950001,23.528627372000074],[119.61168816500003,23.532718750000072],[119.61427768200008,23.53800902200004],[119.62145535000002,23.538084364000042],[119.62085981100006,23.54207112000006],[119.62362367200001,23.543843440000046],[119.62490635400002,23.54305496300009],[119.62405686,23.544643093000047],[119.6252421580001,23.544295203000047],[119.6247912770001,23.54247300700007],[119.62543296400008,23.542768411000054],[119.625493248,23.54431902600004],[119.62489475900009,23.544811295000045],[119.62913410400006,23.54763180300006],[119.63139281800011,23.54773100700004],[119.63197180300006,23.546042355000054],[119.63503923000007,23.54673418100009],[119.63467191400002,23.551191851000056],[119.63776607400007,23.552892582000084],[119.640943408,23.55171920300006],[119.63869286300007,23.552818800000068],[119.63874841300003,23.554306216000043],[119.6440259520001,23.559560057000056],[119.66658157100005,23.561386063000043],[119.666930471,23.558705011000086],[119.66953673500007,23.556431880000048],[119.67091887400011,23.556997049000074],[119.66814281100005,23.558074503000057],[119.66811004300007,23.560916733000056],[119.66965555800004,23.560792699000046],[119.66750930300009,23.561187945000086],[119.66924238000001,23.562074432000088],[119.66935422900008,23.561010707000037],[119.67195121200007,23.561426157000085],[119.6719097140001,23.55940595000004],[119.67606459400008,23.55973332600007],[119.675695313,23.557314980000058],[119.67697817800001,23.556898550000085],[119.67585522700006,23.556442922000087],[119.67501879300005,23.55808544000007],[119.671913045,23.558074058000045],[119.67440543000009,23.557857845000058],[119.67541781800003,23.55237018400004],[119.67790789800006,23.55136834500007],[119.68828277500006,23.554690839000045],[119.69357449200004,23.55515944600006],[119.69597736900005,23.553832641000042],[119.692724688,23.55852903300007],[119.69433793000007,23.560352598000065],[119.687014912,23.562044324000055],[119.68310674000008,23.565639542000042],[119.6830631470001,23.570055229000047],[119.67997600500007,23.574662595000063],[119.68201106700008,23.576590534000047],[119.68082430300001,23.578282023000042],[119.68171417200006,23.57820362800004],[119.68259486400007,23.57640963700004],[119.68115213300007,23.579933010000047],[119.68264073,23.583917573000065],[119.67205886900001,23.597909971000036],[119.67215275800004,23.601072189000035],[119.66813925200006,23.60068092100005],[119.66922093200003,23.599208949000058],[119.6680400790001,23.598270437000053],[119.66772985900002,23.596869921000064],[119.66836932300009,23.598045539000054],[119.66986557500002,23.596576290000087],[119.666827388,23.59581507300004],[119.66915434200007,23.594895330000043],[119.6679989380001,23.591234273000055],[119.66020159100003,23.591615249000085],[119.659647415,23.593759886000043],[119.6621055920001,23.59439730400004],[119.66013174500006,23.59534027500007],[119.66199823000011,23.59576123700009],[119.66242642100008,23.594386907000057],[119.66611842300006,23.59548402000007],[119.66276029100004,23.594778272000042],[119.66236657600007,23.596371425000086],[119.656458585,23.59832659600005],[119.65532506500006,23.600053787000036],[119.655324887,23.598539066000058],[119.65440796000007,23.60047753400005],[119.65742097000009,23.603857694000055],[119.65482814100005,23.608877840000048],[119.65107473500007,23.609853026000053],[119.64654685800008,23.60677478200006],[119.65081796100003,23.60758766400005],[119.65007540500005,23.60380284000007],[119.64645161400006,23.60265088600005],[119.64812952600005,23.602632605000053],[119.64687064600002,23.601931284000045],[119.64686652900002,23.596784399000057],[119.64359219800008,23.595104941000045],[119.645868769,23.594806541000082],[119.648432361,23.59391321000004],[119.64786934000006,23.593861383000046],[119.64567413400005,23.59476445900009],[119.64459903400007,23.59468540100005],[119.64349136800001,23.594834468000045],[119.64278162100004,23.59332493900007],[119.641846461,23.590351273000067],[119.64461249300007,23.589168219000044],[119.64365952000003,23.587691306000067],[119.63960778,23.587398774000064],[119.64135473800002,23.588838577000047],[119.63770665700008,23.591555724000045],[119.64014630600002,23.59389340300004],[119.6413808740001,23.59648208100009],[119.63998897500005,23.598257638000064],[119.64138192100006,23.598649197000043],[119.63737026700005,23.598990781000055],[119.63168358500002,23.59393933800004],[119.63314150800011,23.593976294000072],[119.63196546200004,23.593403184000067],[119.6323265640001,23.592787697000063],[119.63360659700004,23.592827629000055],[119.63435021700002,23.59083355000007],[119.631798624,23.583114537000085],[119.62881500000003,23.58026648500004],[119.62425845400003,23.580381926000086],[119.62733977800008,23.583836921000056],[119.62393227100006,23.58709004600007],[119.62462211400009,23.59272631500005],[119.6278842050001,23.59569070000009],[119.62510717400005,23.600428940000086],[119.62735401000009,23.601124195000068],[119.6279444270001,23.60396615400009],[119.630332684,23.602778106000073],[119.63153276500009,23.60400577900009],[119.628848425,23.603660001000037],[119.63207733900003,23.604353463000052],[119.63028443600001,23.605496232000064],[119.63093479100007,23.60740787900005],[119.6263462710001,23.60814431700004],[119.62731195800006,23.60760315300007],[119.6261429110001,23.606912588000057],[119.62424994100002,23.607764485000075],[119.62656746300001,23.608294672000056],[119.62528463600006,23.608988356000054],[119.61949696900001,23.60688055500009],[119.62173730900008,23.603128799000046],[119.62087041400002,23.60214803300005],[119.61681534000002,23.601033224000048],[119.61563669400005,23.60357524400007],[119.6170938890001,23.603695876000074],[119.6136260180001,23.604208509000046],[119.61476356100002,23.603086585000085],[119.61376967800004,23.60382418000006],[119.614652084,23.60295158200006],[119.61320875400008,23.601991112000064],[119.61250203100008,23.60680221000007],[119.60987070200008,23.610571176000064],[119.61373241500007,23.614039154000068],[119.61347630600005,23.620069731000058],[119.607163786,23.622358748000067],[119.60602384700007,23.620812356000044],[119.60470593700006,23.625122395000062],[119.60232991300006,23.628522278000048],[119.60416992,23.63165067600005],[119.60953127900007,23.63265231400004],[119.61034445200005,23.635694367000042],[119.60685860500007,23.636615524000035],[119.60251354100001,23.633648161000053],[119.600754929,23.634797234000075],[119.60301864900009,23.637404796000055],[119.60172209500001,23.637999015000048],[119.60273508300008,23.63741718500006],[119.60084548000009,23.635176130000048],[119.59739084800003,23.63961400900007],[119.597611035,23.64122495500004],[119.60243173000003,23.641739054000084],[119.60018920200002,23.645203850000087],[119.60087929000008,23.64768207500009],[119.602406986,23.647240468000064],[119.60074778,23.648061831000064],[119.6037402710001,23.64949269400006],[119.60963511500006,23.647799143000043],[119.6089786020001,23.649368365000043],[119.61107844000003,23.64740067300005],[119.61169695900003,23.651766320000036],[119.61360273500009,23.652916840000046],[119.60942948500008,23.65465570400005],[119.6063771040001,23.65947595600005],[119.6098286990001,23.663588952000055],[119.60406039300005,23.664038193000067],[119.60456831300007,23.66636811300009],[119.60290625200003,23.664478366000083],[119.60419288100002,23.666936186000044],[119.603255235,23.667693813000085],[119.60509418600009,23.66720355800004],[119.60357603700004,23.668904792000035],[119.605479221,23.668256263000046],[119.60001362800006,23.67117603400004],[119.59986522100007,23.673765854000067],[119.59677564700007,23.674414374000037],[119.59455176200004,23.671790788000067],[119.59088936700005,23.67177319500007],[119.58745736100002,23.67292172300006],[119.582291811,23.67752150800004]]],[[[119.65668484700007,23.67857166300007],[119.658130476,23.676211072000058],[119.6569713340001,23.678453064000053],[119.65668484700007,23.67857166300007]]],[[[119.66349615600006,23.68200094900004],[119.664380575,23.68155245400004],[119.664700348,23.682623341000067],[119.66349615600006,23.68200094900004]]],[[[119.66683525000008,23.68286021700004],[119.66681332200005,23.680472000000066],[119.66494693800007,23.681220446000054],[119.66599678800003,23.67853416300005],[119.664717838,23.67754189100009],[119.66802734600003,23.676037781000048],[119.66944160800006,23.677548637000086],[119.66683525000008,23.68286021700004]]],[[[119.66803664200006,23.68352999700005],[119.66765504500006,23.683743837000065],[119.6680497960001,23.68280306400004],[119.66803664200006,23.68352999700005]]],[[[119.65444741800002,23.68461287100007],[119.654431778,23.684671628000046],[119.65422410000008,23.684498687000087],[119.65444741800002,23.68461287100007]]],[[[119.65421992900008,23.68464543500005],[119.65420925800004,23.68471771700007],[119.65400675700005,23.684537981000062],[119.65421992900008,23.68464543500005]]],[[[119.65495491600007,23.684757456000057],[119.6549500110001,23.68481842500006],[119.65479614900005,23.684807789000047],[119.65495491600007,23.684757456000057]]],[[[119.65518125400001,23.684862595000084],[119.65509800300003,23.684695901000055],[119.65517814100008,23.684668473000045],[119.65518125400001,23.684862595000084]]],[[[119.6560403630001,23.68504180700006],[119.65600722700003,23.685093866000045],[119.65582102500002,23.684927610000045],[119.6560403630001,23.68504180700006]]],[[[119.65422700300007,23.685266186000035],[119.65421546300001,23.685286551000047],[119.65403086700007,23.685072881000053],[119.65422700300007,23.685266186000035]]],[[[119.6544638800001,23.685211009000056],[119.65432610900007,23.684924901000045],[119.65444573700006,23.684890537000058],[119.6544638800001,23.685211009000056]]],[[[119.62331021900002,23.685246978000066],[119.62270181500003,23.684944676000043],[119.62418810600002,23.684936435000054],[119.62331021900002,23.685246978000066]]],[[[119.65524662200005,23.68531379600006],[119.65485510300005,23.68501747600004],[119.6555256690001,23.68517491500006],[119.65524662200005,23.68531379600006]]],[[[119.62079972700008,23.686117128000035],[119.62140151300002,23.685408150000058],[119.62190348000001,23.686008859000083],[119.62079972700008,23.686117128000035]]],[[[119.67018214300003,23.688182220000044],[119.66995918000009,23.688381837000065],[119.66982116600002,23.688235702000043],[119.67018214300003,23.688182220000044]]],[[[119.65488109400007,23.688509543000066],[119.65509287300006,23.688765989000046],[119.65500966400009,23.688854380000066],[119.65488109400007,23.688509543000066]]],[[[119.65066069700003,23.68987273600004],[119.65163994300008,23.688446464000037],[119.65245133000008,23.689007394000043],[119.65066069700003,23.68987273600004]]],[[[119.67255838400001,23.68993493100004],[119.67239615300002,23.69020652100005],[119.67233197200005,23.689759838000043],[119.67255838400001,23.68993493100004]]],[[[119.6723323650001,23.690434794000055],[119.672301769,23.69044395500009],[119.67230976500002,23.690389744000072],[119.6723323650001,23.690434794000055]]],[[[119.67217798900003,23.690505443000063],[119.67212413200002,23.690519221000045],[119.67218867300005,23.690437676000045],[119.67217798900003,23.690505443000063]]],[[[119.55810774400004,23.68982088200005],[119.556585509,23.68946291800006],[119.5581169300001,23.688089414000046],[119.55832248200011,23.68829409600005],[119.55810774400004,23.68982088200005]]],[[[119.670737347,23.690642617000037],[119.67144848300006,23.68853791500004],[119.66955421500006,23.687440000000038],[119.67157335700006,23.681918732000042],[119.672148204,23.682530247000045],[119.67206123200003,23.683616424000036],[119.6710647210001,23.68431150400005],[119.67259582300005,23.688869286000056],[119.670737347,23.690642617000037]]],[[[119.59483450300002,23.69106794000004],[119.59538234000001,23.690183191000074],[119.59692273200005,23.690333020000082],[119.59651504400006,23.690634827000054],[119.59483450300002,23.69106794000004]]],[[[119.67029351200006,23.691272091000087],[119.67080628600002,23.69076196000009],[119.67082619200005,23.691599361000044],[119.67029351200006,23.691272091000087]]],[[[119.55770092700004,23.692440945000044],[119.55663307600003,23.69114226100004],[119.55781818700007,23.690903226000046],[119.55770092700004,23.692440945000044]]],[[[119.5595923300001,23.693206156000088],[119.55942894500004,23.693190946000072],[119.55955244400002,23.69305054000006],[119.5595923300001,23.693206156000088]]],[[[119.65183010700002,23.693793412000048],[119.64955336000003,23.69315962400009],[119.65263385700007,23.690715466000086],[119.65327317900005,23.69216201200004],[119.65183010700002,23.693793412000048]]],[[[119.67023840400009,23.693622261000087],[119.66960955900004,23.69294551200005],[119.670554992,23.692914332000043],[119.67023840400009,23.693622261000087]]],[[[119.559885183,23.694049369000084],[119.55945253000004,23.69426764600007],[119.559264385,23.693979375000083],[119.559885183,23.694049369000084]]],[[[119.59346579700002,23.69433062300004],[119.59492684200006,23.69116013900009],[119.59533897400001,23.693594291000068],[119.59346579700002,23.69433062300004]]],[[[119.56379258100003,23.695387379000067],[119.56483940400005,23.693625040000086],[119.56559799600006,23.693814150000037],[119.56501898600004,23.69526778000005],[119.56379258100003,23.695387379000067]]],[[[119.592786897,23.69625878700009],[119.59356832000003,23.69491264000004],[119.59363478800003,23.695991424000056],[119.592786897,23.69625878700009]]],[[[119.60341705500002,23.70645501300004],[119.6032913890001,23.706383266000046],[119.6037511620001,23.706205396000087],[119.60341705500002,23.70645501300004]]],[[[119.61863009300009,23.709196372000065],[119.6179375690001,23.70875443200009],[119.6188405260001,23.708265486000073],[119.61863009300009,23.709196372000065]]],[[[119.60879962400008,23.71044306400006],[119.60815697100008,23.71030789100007],[119.6083629210001,23.710178408000047],[119.60879962400008,23.71044306400006]]],[[[119.551549088,23.71069383200006],[119.55130226100005,23.710590869000043],[119.5514285050001,23.710294699000087],[119.551549088,23.71069383200006]]],[[[119.5884652200001,23.710709093000048],[119.58807177300002,23.70976248100004],[119.58899147600005,23.71004115900007],[119.5884652200001,23.710709093000048]]],[[[119.6098519520001,23.710235755000042],[119.609532994,23.70892998100004],[119.6104395960001,23.710402742000042],[119.6126894250001,23.710102647000042],[119.61256973800005,23.711247617000083],[119.6098519520001,23.710235755000042]]],[[[119.5658060500001,23.71115704500005],[119.56682768300004,23.71049414500004],[119.56760038800007,23.712434938000058],[119.5658060500001,23.71115704500005]]],[[[119.61003940400008,23.71304772600007],[119.60981679600002,23.712825121000037],[119.61019610400001,23.71254145200004],[119.61003940400008,23.71304772600007]]],[[[119.60976429300001,23.713529635000043],[119.6095894340001,23.71316236800004],[119.60995579400003,23.713059343000054],[119.60976429300001,23.713529635000043]]],[[[119.60952554100004,23.713591526000073],[119.60930243500002,23.71365786800004],[119.60933304700006,23.71345232500005],[119.60952554100004,23.713591526000073]]],[[[119.61017932000004,23.711173538000082],[119.60877483900003,23.713687033000042],[119.60696357900008,23.711423213000046],[119.61017932000004,23.711173538000082]]],[[[119.61336025800006,23.715411629000073],[119.61244973200007,23.714819284000043],[119.61250476700002,23.714135078000083],[119.613051616,23.71435639400005],[119.61336025800006,23.715411629000073]]],[[[119.61224945200001,23.715835905000063],[119.61169936700003,23.715447551000068],[119.61219341100002,23.715122790000066],[119.61224945200001,23.715835905000063]]],[[[119.6105596220001,23.716239881000035],[119.6114450010001,23.71544855600007],[119.61190464800006,23.71589596000007],[119.6105596220001,23.716239881000035]]],[[[119.56600744800005,23.717206150000038],[119.56566569000006,23.71741056700006],[119.56568288100004,23.716990627000087],[119.56600744800005,23.717206150000038]]],[[[119.56551789100001,23.717605243000037],[119.56519947600009,23.717893098000047],[119.56520988300008,23.717676349000044],[119.56551789100001,23.717605243000037]]],[[[119.55275743100003,23.721958491000066],[119.55101552100007,23.71900524700004],[119.5532932100001,23.719426026000065],[119.556229314,23.71711971400009],[119.55420675800008,23.716508445000045],[119.55608261900011,23.713892153000074],[119.5531862140001,23.711570634000054],[119.55530831600004,23.70863969000004],[119.55860610900004,23.71095069200004],[119.556732839,23.715167507000046],[119.558948762,23.719947472000058],[119.5581741740001,23.71862517200009],[119.55702588400004,23.720665489000055],[119.551688743,23.719707159000052],[119.55275743100003,23.721958491000066]]],[[[119.55130668700008,23.72309011400006],[119.55102176700007,23.722971487000052],[119.55116861800002,23.722763282000074],[119.55130668700008,23.72309011400006]]],[[[119.60932850100005,23.732258650000063],[119.60901229900003,23.73274523400005],[119.608434525,23.732083835000083],[119.60932850100005,23.732258650000063]]],[[[119.61005902900001,23.73129638100005],[119.60951299500005,23.733901298000035],[119.60985333300005,23.73135588300005],[119.6089413410001,23.731194688000073],[119.61005902900001,23.73129638100005]]],[[[119.612672342,23.73406037500007],[119.61243160900005,23.73403423900004],[119.61246113200002,23.732546507000052],[119.612672342,23.73406037500007]]],[[[119.610326687,23.733419524000055],[119.61069714000007,23.733196837000037],[119.6115503210001,23.733362770000042],[119.610326687,23.733419524000055]]],[[[119.61103512300008,23.735148140000035],[119.61147663300005,23.735306670000057],[119.61216660900004,23.736096281000073],[119.61103512300008,23.735148140000035]]],[[[119.60917878300006,23.736909453000067],[119.60888937200002,23.73808443300004],[119.60864314300011,23.737536859000045],[119.60920049900005,23.73670168700005],[119.61069830000008,23.73772063200005],[119.61027120300002,23.737959344000046],[119.60917878300006,23.736909453000067]]],[[[119.62474238000004,23.74850219500007],[119.62443754600008,23.748410874000058],[119.62446888800002,23.748297879000063],[119.62474238000004,23.74850219500007]]],[[[119.62484718600001,23.74862366900004],[119.6249276530001,23.748334399000044],[119.62520064,23.748432621000063],[119.62484718600001,23.74862366900004]]],[[[119.62495282500004,23.748855752000054],[119.62466742600009,23.748983319000047],[119.62475250800003,23.748761753000053],[119.62495282500004,23.748855752000054]]],[[[119.62484071000006,23.749129348000054],[119.624678034,23.74927899100004],[119.624658565,23.749053334000052],[119.62484071000006,23.749129348000054]]],[[[119.62463131000004,23.748994752000044],[119.62452817600001,23.749288628000045],[119.62416771700009,23.74891084500007],[119.62463131000004,23.748994752000044]]],[[[119.6251266920001,23.749381018000065],[119.6252829770001,23.749048551000044],[119.625579001,23.749284379000073],[119.6251266920001,23.749381018000065]]],[[[119.62471674400001,23.75051813500005],[119.62412881300008,23.75013901500006],[119.62427264200005,23.74982917200009],[119.62471674400001,23.75051813500005]]],[[[119.62481063200005,23.750985033000063],[119.62476539900001,23.751077769000062],[119.62454143100001,23.750846164000052],[119.62481063200005,23.750985033000063]]],[[[119.62430764200008,23.751190229000088],[119.62404006300005,23.751392217000046],[119.62409183700004,23.750999225000044],[119.62430764200008,23.751190229000088]]],[[[119.62449577400002,23.751686093000046],[119.62413562000006,23.75150244300005],[119.62433680900006,23.751264605000074],[119.62449577400002,23.751686093000046]]],[[[119.62497526700008,23.75169544000005],[119.62499213500007,23.751760837000063],[119.62462811800003,23.751667499000064],[119.62497526700008,23.75169544000005]]],[[[119.62434730400003,23.751729583000042],[119.62445968400004,23.75189617300009],[119.62406677600006,23.75178715000004],[119.62434730400003,23.751729583000042]]],[[[119.62463856900001,23.75212344600004],[119.624847811,23.751838170000042],[119.62518297600002,23.75198805900004],[119.62463856900001,23.75212344600004]]],[[[119.62370161400008,23.752289761000043],[119.62366812900007,23.75221089100006],[119.62388267600011,23.75213778600005],[119.62370161400008,23.752289761000043]]],[[[119.62494496400006,23.752282482000055],[119.62499393600001,23.75213781100007],[119.62513876500009,23.75216657100009],[119.62494496400006,23.752282482000055]]],[[[119.62335972300002,23.752659092000044],[119.62333608300003,23.752715624000075],[119.6231184940001,23.75240724100007],[119.62335972300002,23.752659092000044]]],[[[119.59759568300001,23.754433593000044],[119.59900542600008,23.75400374800006],[119.59793138100008,23.755174975000045],[119.59759568300001,23.754433593000044]]],[[[119.62112971300007,23.75521665100007],[119.62053453400006,23.75544478000006],[119.62068973400005,23.75487981300006],[119.62112971300007,23.75521665100007]]],[[[119.62007993500004,23.75609898600004],[119.61978758200007,23.756057270000042],[119.62001757500002,23.755489744000045],[119.62007993500004,23.75609898600004]]],[[[119.60697774900007,23.75663634700004],[119.60820846900003,23.757200368000042],[119.60795367200001,23.75725780500005],[119.60697774900007,23.75663634700004]]],[[[119.60730762000003,23.75848835900007],[119.60750570500011,23.757968383000048],[119.60826474200007,23.757963139000083],[119.60730762000003,23.75848835900007]]],[[[119.61128241800009,23.758777431000055],[119.608277649,23.754209066000044],[119.60574574100008,23.75334089200004],[119.60563754700001,23.75228486000009],[119.60791256300001,23.75236622400007],[119.6075226160001,23.75375153100009],[119.60860555200009,23.752469594000047],[119.6077646,23.751992080000036],[119.60581009700002,23.75201104200005],[119.60386407100009,23.745359378000046],[119.59739955400005,23.741883292000068],[119.5959621500001,23.739035502000036],[119.59653911500004,23.736563695000086],[119.60022165200007,23.73476159200004],[119.60199796900008,23.73017218800004],[119.60140385200009,23.72607282200005],[119.60264498000004,23.725368201000038],[119.603984868,23.726744496000038],[119.60316114300008,23.73143630800007],[119.60705666400008,23.737552125000036],[119.60991459900004,23.739053325000043],[119.61497203600004,23.737441835000084],[119.61050946700004,23.73955888800009],[119.61243488100001,23.73991471100004],[119.61135525000009,23.74148109400005],[119.61308328400003,23.741115328000035],[119.61369868400004,23.739521429000035],[119.61500186700005,23.740663003000066],[119.61545422900008,23.739081033000048],[119.61398384100005,23.739409686000045],[119.61575439900002,23.73759899500004],[119.61602907600002,23.741713109000045],[119.61963462100005,23.74031718200007],[119.61875747700003,23.741124323000065],[119.6201646720001,23.742856867000057],[119.62380413100004,23.74369325500004],[119.6219107710001,23.74933078500004],[119.62143496500005,23.74835299700004],[119.61249231400006,23.752851535000048],[119.61128241800009,23.758777431000055]]],[[[119.60654360800004,23.759802897000043],[119.606368137,23.75918280800005],[119.60684174000005,23.75910645500005],[119.60654360800004,23.759802897000043]]],[[[119.60667432500009,23.765118510000036],[119.60563226200009,23.765321249000067],[119.60759350000001,23.76466342300006],[119.60667432500009,23.765118510000036]]],[[[119.60530248200007,23.765609227000084],[119.60644700800003,23.766279694000048],[119.60638226900005,23.766467311000042],[119.60530248200007,23.765609227000084]]],[[[119.60408691400005,23.767146746000037],[119.60408741200001,23.767255099000067],[119.60329483700002,23.76684735400005],[119.60408691400005,23.767146746000037]]],[[[119.60313212300002,23.767331067000043],[119.60303096900009,23.767469163000044],[119.60242480800002,23.76706294300004],[119.60313212300002,23.767331067000043]]],[[[119.58449199200004,23.767531399000063],[119.58477249300006,23.766221055000074],[119.58591156600005,23.766995535000035],[119.58449199200004,23.767531399000063]]],[[[119.58700840000006,23.76853542000009],[119.58737557400002,23.767960649000088],[119.58779544600009,23.76819833400009],[119.58700840000006,23.76853542000009]]],[[[119.59354008500009,23.770673170000066],[119.593163527,23.770629462000045],[119.593226662,23.77050315100007],[119.59354008500009,23.770673170000066]]],[[[119.60805809600004,23.774715945000082],[119.60788949900007,23.774987493000083],[119.6078014950001,23.774590543000045],[119.60805809600004,23.774715945000082]]],[[[119.60740274500006,23.77534833100009],[119.60720229600008,23.774967625000045],[119.60770440400006,23.77474442600004],[119.60740274500006,23.77534833100009]]],[[[119.606248327,23.77567115900007],[119.60184706200005,23.769033628000045],[119.59880394300001,23.768862609000053],[119.59976874000006,23.767847560000064],[119.59648662200004,23.762052030000063],[119.597563347,23.757826565000073],[119.59925866700007,23.758361771000068],[119.60249381200003,23.767333559000065],[119.60740198200006,23.77069362800006],[119.60808105800004,23.77325759200005],[119.60645276800005,23.773209817000065],[119.60734713600004,23.773739042000045],[119.606248327,23.77567115900007]]],[[[119.61179427500008,23.77593145800006],[119.61146839900005,23.775614459000053],[119.611751766,23.775561417000063],[119.61179427500008,23.77593145800006]]],[[[119.61161581400006,23.776650008000047],[119.611507566,23.776122211000086],[119.61183572900006,23.77607576400004],[119.61161581400006,23.776650008000047]]],[[[119.61106538000001,23.777094633000047],[119.61109905600006,23.77669042900004],[119.61160092800003,23.776744878000045],[119.61106538000001,23.777094633000047]]],[[[119.61031964100005,23.77747682100005],[119.61078960200007,23.77706637700004],[119.61079644600011,23.77741624400005],[119.61031964100005,23.77747682100005]]],[[[119.6124883540001,23.77807321000006],[119.61236246300007,23.778100796000047],[119.61199651200002,23.777542419000042],[119.6124883540001,23.77807321000006]]],[[[119.60750832000008,23.77820801000007],[119.6078370350001,23.778543065000065],[119.607636523,23.778546110000036],[119.60750832000008,23.77820801000007]]],[[[119.61397817200009,23.778394612000056],[119.61264112900005,23.778090663000057],[119.61243377900007,23.776633222000044],[119.61338276800006,23.777096731000086],[119.61397817200009,23.778394612000056]]],[[[119.61177497400001,23.77875324900009],[119.61127007200002,23.77759270200005],[119.612033526,23.777851533000046],[119.61177497400001,23.77875324900009]]],[[[119.6077759960001,23.77893382900004],[119.60723637800004,23.779005931000086],[119.60690550200002,23.778469977000043],[119.6075165090001,23.77891453500007],[119.60803768700009,23.77856936200004],[119.6077759960001,23.77893382900004]]],[[[119.60786741300001,23.77940526200007],[119.60819145000005,23.77939269700005],[119.60816547800005,23.779873621000036],[119.60786741300001,23.77940526200007]]],[[[119.61151166100001,23.780079368000088],[119.61051283400002,23.77892754900006],[119.61094647100003,23.77776328500005],[119.61185014700004,23.77889516600004],[119.61075032000008,23.778831799000045],[119.61151166100001,23.780079368000088]]],[[[119.6102017720001,23.780669210000042],[119.60929307900005,23.778921079000042],[119.61175517200002,23.780550195000046],[119.6102017720001,23.780669210000042]]],[[[119.577228504,23.78072602900005],[119.57549827700007,23.779621856000063],[119.57546865500001,23.77860388600004],[119.57778140100004,23.77907381500006],[119.577228504,23.78072602900005]]],[[[119.6072485420001,23.781823085000042],[119.6066043620001,23.78031092000009],[119.60708457100009,23.77932933200009],[119.60818618600001,23.780304698000066],[119.6072485420001,23.781823085000042]]],[[[119.60460351800009,23.78207048900009],[119.60406313500005,23.781449571000053],[119.60494207900001,23.781683154000063],[119.60460351800009,23.78207048900009]]],[[[119.60575800200002,23.781682210000042],[119.60631421900007,23.780294002000062],[119.60671158500008,23.780951593000054],[119.6062511670001,23.781508715000086],[119.60575800200002,23.781682210000042]]],[[[119.60678038000003,23.782231252000088],[119.60659681700008,23.781857250000087],[119.60704848,23.78179226900005],[119.60678038000003,23.782231252000088]]],[[[119.60570011900006,23.78262376300006],[119.60523560900003,23.782232804000046],[119.60558509500004,23.781953774000044],[119.60570011900006,23.78262376300006]]],[[[119.60465733000001,23.78270008600009],[119.60415406700008,23.782548555000062],[119.60429452000005,23.782220687000063],[119.60465733000001,23.78270008600009]]],[[[119.60517920300003,23.783361710000065],[119.605186043,23.782984700000043],[119.60553452300007,23.78301719600006],[119.60517920300003,23.783361710000065]]],[[[119.607213269,23.783669753000083],[119.606110457,23.782507027000065],[119.6067685910001,23.78299429200007],[119.607865522,23.78176873700005],[119.60826512400001,23.783035806000044],[119.607213269,23.783669753000083]]],[[[119.60241493000001,23.785286773000053],[119.6022667310001,23.784932944000047],[119.603167117,23.785157423000044],[119.60241493000001,23.785286773000053]]],[[[119.60218442100006,23.786102584000048],[119.60299824200001,23.785839809000038],[119.60334460800004,23.786276386000054],[119.60218442100006,23.786102584000048]]],[[[119.60251659300002,23.786719808000043],[119.603675426,23.78666561700004],[119.60304625200001,23.786808034000046],[119.60251659300002,23.786719808000043]]],[[[119.60078564000003,23.787588869000047],[119.59843493900007,23.785442210000042],[119.60006557400004,23.78496634600009],[119.59963782900002,23.78356392200004],[119.60047617500004,23.783969248000062],[119.6017913290001,23.78643820800005],[119.60078564000003,23.787588869000047]]],[[[119.60096967600009,23.788400808000063],[119.60162780500002,23.787018989000046],[119.60263494600008,23.78778256800007],[119.60096967600009,23.788400808000063]]],[[[119.59878249500002,23.79263510900006],[119.59804447600004,23.792922400000066],[119.59811133000005,23.79238714300004],[119.59878249500002,23.79263510900006]]],[[[119.59818389300005,23.793836095000074],[119.59712481400004,23.79305237200009],[119.598978278,23.793000044000053],[119.59818389300005,23.793836095000074]]],[[[119.59671456500007,23.796085609000045],[119.5976711300001,23.795235394000088],[119.59754453900007,23.796053052000048],[119.59671456500007,23.796085609000045]]],[[[119.59679936100008,23.798067254000046],[119.595834502,23.795759434000047],[119.59667344400009,23.79722122800007],[119.59931448300006,23.795098093000036],[119.59916553300002,23.793511740000042],[119.60062629800007,23.794284855000058],[119.60021032000009,23.79605399400009],[119.59679936100008,23.798067254000046]]],[[[119.59649599000011,23.810136322000062],[119.593649798,23.81045204700007],[119.59294350500011,23.809443462000047],[119.59529037200002,23.808989721000046],[119.59649599000011,23.810136322000062]]]]}},{"type":"Feature","properties":{"COUNTYCODE":"10018","COUNTYNAME":"新竹市","COUNTYENG":"Hsinchu City"},"geometry":{"type":"Polygon","coordinates":[[[120.92532243600007,24.854775751000105],[120.91638394000009,24.852798241000087],[120.91296087600001,24.85408044500013],[120.91323460800001,24.85192475600011],[120.91675202100008,24.8487482540001],[120.91574781900012,24.841129001000105],[120.91312347599997,24.836555782000083],[120.90930540500007,24.83423245700005],[120.90177841400008,24.822060766000064],[120.89694142499998,24.809220579000105],[120.89613895900003,24.800824781000074],[120.89225819,24.79302016600011],[120.89319997500003,24.78078439100007],[120.89136067199999,24.77478370800015],[120.89274321099998,24.769319926000065],[120.89514006600007,24.765578171000094],[120.89675251499999,24.768065153000073],[120.89777134699999,24.764684736000063],[120.893185731,24.76136256600008],[120.88262217900004,24.746473655000067],[120.87452940000003,24.738322779000057],[120.88102853400007,24.733291088000108],[120.88356027400002,24.734530927000108],[120.88479265500003,24.73279036300007],[120.887456613,24.7338727590001],[120.89103395400005,24.7317752190001],[120.89234658200003,24.733157873000103],[120.89742569799999,24.73346685700009],[120.90779922300005,24.741073948000135],[120.90850535200003,24.73650770600007],[120.91417415000004,24.7270638500001],[120.91378921999998,24.72420596200007],[120.91627261400002,24.721534465000097],[120.91365913800006,24.717335695000145],[120.92057856600005,24.716735272000115],[120.92363584000006,24.71455310900013],[120.9302348330001,24.716635845000056],[120.93157514100005,24.71426715400009],[120.93542097000002,24.71259658700007],[120.93861905700022,24.716613968000203],[120.93926623500013,24.725420246000084],[120.93800466300011,24.729423266000005],[120.94181439800012,24.728559861000157],[120.94232259900006,24.730443978000174],[120.93985352700022,24.73274611400023],[120.943974998,24.74404552399998],[120.94810174700004,24.745232856000165],[120.95397682000022,24.74340859699995],[120.95761159300014,24.745348617000154],[120.95746769400004,24.74963641600001],[120.96145375700016,24.751223291000123],[120.9634979870002,24.75551646300007],[120.96740489099997,24.75646549300017],[120.96983310400016,24.765164709000167],[120.97940877700002,24.763294509000147],[120.98196091700007,24.767431123000016],[120.98837276399999,24.76806783600003],[120.984751113,24.775898752000124],[120.98583273799997,24.776909391000082],[120.99027681499996,24.77689315000007],[120.99315152600005,24.780598974000092],[121.00970002599998,24.773793154000167],[121.01358774800003,24.77089997200006],[121.01824374300007,24.7639476680001],[121.02058327000012,24.756611315000065],[121.02776772400001,24.758058292000065],[121.03353589200006,24.76388827900007],[121.02988536300008,24.76647091500015],[121.02926456100013,24.770904031000043],[121.03036909600004,24.772037936000068],[121.02814872000009,24.7731654170001],[121.02969491400005,24.77701212000005],[121.02765200100012,24.77705093700007],[121.02793895199997,24.77881258200008],[121.02494723100006,24.779990247000086],[121.02751560100002,24.782710858000122],[121.02304727800006,24.785102452000118],[121.02508142400006,24.786244077000077],[121.02458027799999,24.78907330300013],[121.02180205400006,24.790447990000096],[121.02061295000009,24.794102652000063],[121.02314436300001,24.796050219000087],[121.02059974799997,24.798808114000103],[121.02573707700004,24.799076056000068],[121.02130795300003,24.801609949000117],[121.01820013800003,24.807299184000108],[121.01512763800008,24.808564543000088],[121.00827053400009,24.816216176000097],[121.00038357499999,24.8220611510001],[120.98790316900012,24.82541809800012],[120.98308302300009,24.8309311430001],[120.97463785900007,24.829957763000124],[120.96786475700002,24.832541951000067],[120.95528413700004,24.834363484000058],[120.94480959799996,24.841068903000107],[120.94044179600006,24.84996464400011],[120.92532243600007,24.854775751000105]]]}},{"type":"Feature","properties":{"COUNTYCODE":"10004","COUNTYNAME":"新竹縣","COUNTYENG":"Hsinchu County"},"geometry":{"type":"Polygon","coordinates":[[[121.03813259800008,24.94638162300007],[121.03075717500009,24.943900831000064],[121.02883878500008,24.94515322600013],[121.02579073900004,24.94048411600007],[121.01936163000002,24.94041882000009],[121.00706240600006,24.946216636000095],[121.00292191300004,24.940015476000113],[120.99905744200012,24.94092266200012],[120.99419236200002,24.93913968500012],[120.99240461699998,24.93502736700013],[120.98737741900005,24.939049068000088],[120.98106674400006,24.93935149600015],[120.969026083,24.927368094000116],[120.95888080799999,24.90286621900009],[120.95260510700005,24.89537837400013],[120.95172821200006,24.890663604000117],[120.94734837600005,24.88382845600008],[120.94654010899997,24.878656015000125],[120.94259327000007,24.871530246000106],[120.93351227900003,24.86166306900011],[120.92780894700002,24.859540725000095],[120.92693998900006,24.85540647300015],[120.92522125600004,24.854813765000138],[120.94044179600006,24.84996464400011],[120.94480959799996,24.841068903000107],[120.95528413700004,24.834363484000058],[120.96786475700002,24.832541951000067],[120.97463785900007,24.829957763000124],[120.98308302300009,24.8309311430001],[120.98790316900012,24.82541809800012],[121.00038357499999,24.8220611510001],[121.00827053400009,24.816216176000097],[121.01512763800008,24.808564543000088],[121.01820013800003,24.807299184000108],[121.02130795300003,24.801609949000117],[121.02573707700004,24.799076056000068],[121.02059974799997,24.798808114000103],[121.02314436300001,24.796050219000087],[121.02061295000009,24.794102652000063],[121.02180205400006,24.790447990000096],[121.02458027799999,24.78907330300013],[121.02508142400006,24.786244077000077],[121.02304727800006,24.785102452000118],[121.02751560100002,24.782710858000122],[121.02494723100006,24.779990247000086],[121.02793895199997,24.77881258200008],[121.02765200100012,24.77705093700007],[121.02969491400005,24.77701212000005],[121.02814872000009,24.7731654170001],[121.03036909600004,24.772037936000068],[121.02926456100013,24.770904031000043],[121.02988536300008,24.76647091500015],[121.03344268500007,24.763431793000137],[121.02776772400001,24.758058292000065],[121.02058327000012,24.756611315000065],[121.01824374300007,24.7639476680001],[121.01358774800003,24.77089997200006],[121.00970002599998,24.773793154000167],[120.99315152600005,24.780598974000092],[120.99027681499996,24.77689315000007],[120.98583273799997,24.776909391000082],[120.984751113,24.775898752000124],[120.98837276399999,24.76806783600003],[120.98196091700007,24.767431123000016],[120.97940877700002,24.763294509000147],[120.96983310400016,24.765164709000167],[120.96740489099997,24.75646549300017],[120.9634979870002,24.75551646300007],[120.96145375700016,24.751223291000123],[120.95746769400004,24.74963641600001],[120.95761159300014,24.745348617000154],[120.95397682000022,24.74340859699995],[120.94810174700004,24.745232856000165],[120.943974998,24.74404552399998],[120.93985352700022,24.73274611400023],[120.94232259900006,24.730443978000174],[120.94181439800012,24.728559861000157],[120.93800466300011,24.729423266000005],[120.93926623500013,24.725420246000084],[120.93861905700022,24.716613968000203],[120.93541917100006,24.71251982200011],[120.94220553099997,24.707310187000097],[120.94978991400001,24.711199379000107],[120.953400988,24.704044894000113],[120.95934259100001,24.706658734000108],[120.96336713200002,24.71147762900012],[120.96611964500003,24.70964325600005],[120.97164352700011,24.71245517400009],[120.97502507000004,24.71100999500007],[120.97581955899996,24.709497172000127],[120.97455479500003,24.708566938000075],[120.97664516900007,24.70626275000012],[120.97217837399997,24.703360675000077],[120.97399358800006,24.69694485900009],[120.97187207100002,24.696775782000138],[120.9663737640001,24.691169007000127],[120.96516344900006,24.68810920100009],[120.96673930500006,24.686110527000096],[120.96439805500006,24.68361789100009],[120.97057463100005,24.684212958000117],[120.97269154400006,24.68585655900013],[120.97556197900006,24.684566030000113],[120.97751195100001,24.678295982000108],[120.97698989500007,24.673683634000042],[120.98174735699997,24.67178481400014],[120.98318302200002,24.667195769000053],[120.98531547299997,24.666744969000057],[120.98676600100009,24.66376760900009],[120.98907703000008,24.663033934000133],[120.99063897200008,24.66479051000008],[120.99063058600001,24.6603939390001],[120.99508343000002,24.659299158000117],[120.99723477600004,24.65461512700007],[121.01027296599996,24.656208691000117],[121.01067314700002,24.65233372800013],[121.0080945300001,24.650441884000095],[121.00820247999997,24.644324627000124],[121.01438115100005,24.640852052000128],[121.02542919900006,24.641212328000094],[121.02589646999999,24.635913794000096],[121.03018070000009,24.632463939000118],[121.03905252000007,24.62962669200011],[121.0405342710001,24.626968160000054],[121.04337905600002,24.6271458290001],[121.04824982400007,24.61983502500005],[121.051681827,24.617357131000105],[121.05153325200004,24.615159658000096],[121.06233146500007,24.62182963800015],[121.06808004600009,24.61486583000012],[121.07513540700006,24.611987544000094],[121.07542824599994,24.60424029200008],[121.08127154699999,24.600570678000125],[121.08302754500006,24.5897596210001],[121.07949774600004,24.58809942700013],[121.07873705699998,24.583754447000075],[121.07525405800001,24.58066779000012],[121.07058504200006,24.563357515000142],[121.06272827300005,24.55745712200008],[121.06139858200007,24.560003182000067],[121.05842035900002,24.560635323000056],[121.05819950100005,24.557911215000082],[121.07346069300004,24.54942052900011],[121.07622711400006,24.54379683600012],[121.08053619900008,24.540961256000074],[121.07779838800003,24.53423708400007],[121.0782981850001,24.52890280700013],[121.066924942,24.522549282000064],[121.06931250200002,24.509332149000087],[121.06809915599999,24.507002344000142],[121.07210791200012,24.503371592000114],[121.07188299700007,24.498381365000135],[121.085551462,24.5013082890001],[121.0904165100001,24.497857738000064],[121.09807352100002,24.496424574000145],[121.10532376300003,24.500606861000065],[121.10892986899997,24.500971295000106],[121.11333146300001,24.50646523400011],[121.11695759200009,24.508388923000112],[121.12095780800006,24.508420415000053],[121.12332455600003,24.510232600000073],[121.12965303899999,24.506695139000122],[121.13699107400006,24.50665454000014],[121.1450210490001,24.51192025600009],[121.15058163300003,24.50609166800011],[121.155016774,24.506798796000083],[121.16141365800001,24.50358064600009],[121.16913322499995,24.50258851700007],[121.17941220200011,24.507983693000156],[121.18318402400008,24.507933440000087],[121.18670521100002,24.505361420000085],[121.19161649700003,24.507468988000113],[121.1954173360001,24.50708083700006],[121.20051754000004,24.511458656000087],[121.20649139900004,24.51295774600004],[121.20972578899996,24.51153030000006],[121.21581238500005,24.51552208500012],[121.21761353100004,24.513902402000042],[121.21746662200006,24.50965089000008],[121.22363666099996,24.506306914000064],[121.218667095,24.498262508000067],[121.22877923400002,24.492412178000066],[121.22992197400006,24.488914713000057],[121.23442906800004,24.488018506000067],[121.23471344100003,24.483660899000114],[121.24329314400009,24.47729469700006],[121.24442185300003,24.46993863100009],[121.24930512800005,24.46587071700013],[121.25796455100013,24.463353420000125],[121.25803479,24.45746394700008],[121.26263296700004,24.4552463860001],[121.26060622300004,24.451410906000092],[121.26218989200007,24.448032223000048],[121.2616537130001,24.44421704100013],[121.25893366300011,24.44072416100005],[121.26003119499997,24.429159019000068],[121.26989537000009,24.427375744000138],[121.27152102600003,24.429747716000108],[121.29274864700004,24.43092143300005],[121.29674768900007,24.43302788100008],[121.305703599,24.43264902500009],[121.3174613430001,24.441209086000114],[121.32433099800006,24.457623976000086],[121.33087094600002,24.46520725400012],[121.33599377500003,24.4673667770001],[121.33563460600007,24.472036005000078],[121.34006686599999,24.47485228100004],[121.34283241100002,24.48226040400006],[121.34631010899999,24.484657004000113],[121.35073240799996,24.48434423300008],[121.35774332200006,24.48660961800011],[121.36384391500007,24.494957709000097],[121.37124686400003,24.49836416400013],[121.37334674300004,24.50989661000007],[121.38356097399998,24.51021827600013],[121.3851093930001,24.516821507000166],[121.38852642200004,24.517801334000147],[121.390613884,24.523032328000063],[121.39770639100003,24.524814597000088],[121.40141486800009,24.5288637840001],[121.39673962000006,24.53982351900008],[121.3987550730001,24.548204160000097],[121.39467297000013,24.555575253000164],[121.40124904399995,24.562006582000095],[121.40357748100006,24.56870830800011],[121.4122492920001,24.573232981000118],[121.41020594500004,24.579387737000083],[121.403038938,24.59170819400012],[121.39370884800003,24.587104812000085],[121.38720093000006,24.586563185000124],[121.37277591699997,24.59374762800011],[121.37181652600009,24.59700526000008],[121.36691604799998,24.59906735900008],[121.36332396500005,24.60312856800011],[121.36416918799999,24.606765216000092],[121.361293558,24.609878349000105],[121.35881031599997,24.61717527200007],[121.36305453400004,24.62067207200012],[121.36641052500008,24.631792302000143],[121.35780755300006,24.633712872000068],[121.35592058300007,24.6410546190001],[121.3523882960001,24.64354160700009],[121.35351087500008,24.667798753000113],[121.35167443700001,24.666099804000055],[121.34898459700003,24.667913516000105],[121.34547347900005,24.666436929000056],[121.34365986200008,24.6693958870001],[121.33919568300003,24.66656125800013],[121.33856904800004,24.67995945300008],[121.32975809700004,24.690967232000126],[121.3241607130001,24.69497323300012],[121.31717662100007,24.69813883000012],[121.31283995600009,24.69752536000007],[121.30389612500001,24.69291816600017],[121.29983285299998,24.694960488000127],[121.30760938900002,24.719905795000074],[121.30538773500005,24.725995102000134],[121.29822258899998,24.732237948000105],[121.30112156600003,24.741994765000122],[121.30527843500008,24.746282882000095],[121.30509891500006,24.750202915000074],[121.30770761900007,24.75498350500012],[121.30413411399998,24.7574468580001],[121.3015356220001,24.763010221000073],[121.29418198800006,24.763867264000105],[121.29245016700003,24.767726177000092],[121.28555100300002,24.77008116300008],[121.27715896200004,24.771005545000094],[121.27354411400009,24.774593988000085],[121.27129208400001,24.774819671000103],[121.27059261700003,24.77835291200006],[121.26485113800007,24.781378815000046],[121.26000492600011,24.78196055200013],[121.25847554800005,24.785874446000044],[121.26116649200003,24.789957474000104],[121.26030591499996,24.793219427000082],[121.25316883800008,24.793655560000104],[121.24771973599996,24.796720870000065],[121.247434437,24.803494248000057],[121.24343427600004,24.8086923690001],[121.23823670200014,24.804655218000107],[121.22848153599999,24.802914140000112],[121.22159847799998,24.79937985500007],[121.21871628799998,24.808648190000085],[121.219580627,24.811790789000042],[121.2148887430001,24.811972712000085],[121.20953223000002,24.80948401800005],[121.20804332700001,24.807157546000113],[121.20466158300007,24.807249643000098],[121.20289738300004,24.810308128000116],[121.20585615700006,24.81265189500006],[121.20314096400003,24.814571931000117],[121.202237963,24.81643163100007],[121.20330590900008,24.817315406000098],[121.20079469599996,24.81781612900005],[121.198768598,24.814961951000058],[121.19651034100004,24.817813722000118],[121.185902047,24.823823679000093],[121.17365530500001,24.827710203000052],[121.17617804500003,24.832134678000116],[121.16010265200008,24.83736504500007],[121.15440855700004,24.8440616270001],[121.15003244600007,24.844289785000065],[121.15705098600009,24.852435747000115],[121.15650016199999,24.85590983800006],[121.16137667600006,24.85947087600009],[121.15943993200004,24.868733197000047],[121.15620379900007,24.874437265000118],[121.15805712400002,24.87460604600014],[121.15787728200007,24.877272816000072],[121.15566249399996,24.8807113820001],[121.14465451500007,24.880206214000133],[121.13908526700006,24.88243934400016],[121.13558152400006,24.87799053700013],[121.12814252799997,24.880954605000063],[121.123894187,24.879935612000125],[121.116326383,24.881680566000085],[121.10776663400009,24.886069485000142],[121.11101648100005,24.891222706000107],[121.10907169100007,24.897738274000083],[121.09127197400001,24.89336261600006],[121.08344160000004,24.898854372000145],[121.07109914500005,24.899479938000127],[121.06908794,24.90277851400011],[121.05828586300001,24.90521565600006],[121.0582312140001,24.91390446900008],[121.06095318800007,24.92355965400013],[121.05756320400008,24.930453883000084],[121.05832910100003,24.936843470000113],[121.05544059300004,24.93624271000006],[121.05009454600011,24.938705416000076],[121.04628460700009,24.943550169000098],[121.04054466600007,24.943273756000053],[121.03813259800008,24.94638162300007]]]}},{"type":"Feature","properties":{"COUNTYCODE":"10013","COUNTYNAME":"屏東縣","COUNTYENG":"Pingtung County"},"geometry":{"type":"MultiPolygon","coordinates":[[[[120.82675913900005,21.756676800000037],[120.8263711840001,21.756923803000063],[120.82608331400002,21.756295097000077],[120.82675913900005,21.756676800000037]]],[[[120.82637550800007,21.75707327200007],[120.82637292000004,21.757216201000062],[120.8260760180001,21.757003747000056],[120.82637550800007,21.75707327200007]]],[[[120.82650971600003,21.757732075000035],[120.82609449200004,21.757806196000047],[120.82599147100007,21.757662664000065],[120.82650971600003,21.757732075000035]]],[[[120.826480586,21.758337124000036],[120.82608035600003,21.758189128000083],[120.8261761550001,21.75810971900006],[120.826480586,21.758337124000036]]],[[[120.82686676700007,21.75879369200004],[120.82686776000003,21.75891539400004],[120.82662125800005,21.75875562400006],[120.82686676700007,21.75879369200004]]],[[[120.82657536300007,21.759021586000074],[120.8262957820001,21.75906511100004],[120.82618795600001,21.758825683000055],[120.82657536300007,21.759021586000074]]],[[[120.82672249900008,21.759720412000036],[120.82658560300001,21.759949702000085],[120.82617611600006,21.759770852000088],[120.82672249900008,21.759720412000036]]],[[[120.82632962600007,21.76045804800009],[120.82629839700007,21.76022714900006],[120.8265799190001,21.760150578000037],[120.82632962600007,21.76045804800009]]],[[[120.37964589900002,22.35598933400007],[120.36742660700008,22.352121701000044],[120.361118336,22.34652423700004],[120.36324411700002,22.340030701000046],[120.36034758100004,22.334713442000066],[120.35362146700004,22.329422006000073],[120.35319043300001,22.325003680000066],[120.35465711200004,22.32326391500004],[120.35894232700002,22.32220927800006],[120.36312827300003,22.323586058000046],[120.37675612600003,22.33573534100009],[120.38801652200004,22.34274040400004],[120.3884904040001,22.350683308000043],[120.37964589900002,22.35598933400007]]],[[[120.64910514200005,22.876967452000088],[120.64503365200005,22.885178108000048],[120.62117987700003,22.87569495400004],[120.61563005300002,22.876832319000073],[120.60582552100004,22.873213560000067],[120.57424859900004,22.847720095000057],[120.56357486700006,22.835274948000063],[120.55326429900003,22.828406510000036],[120.53643788400007,22.82926900800004],[120.53101018900009,22.830830679000087],[120.52977870200004,22.831703335000043],[120.53057725400004,22.83298613000005],[120.51538684800005,22.831521844000065],[120.50999282500004,22.828514900000073],[120.5050675760001,22.83152053200007],[120.49769717700008,22.831715561000067],[120.49274264400003,22.837294084000064],[120.4914661040001,22.836963367000067],[120.49277265900002,22.83569645700004],[120.49080515600008,22.835272364000048],[120.48421592200009,22.835552028000052],[120.481458675,22.837596079000036],[120.478814897,22.836768875000075],[120.47624176400006,22.838188958000046],[120.46875965100003,22.830677089000062],[120.46919454300007,22.825020848000065],[120.46550371900003,22.812753950000058],[120.46403903500004,22.800291942000058],[120.4574351330001,22.785389620000046],[120.45381218700004,22.769581878000054],[120.45600678700009,22.73057692000009],[120.455401187,22.716663891000053],[120.4488338430001,22.69118779300004],[120.447171228,22.687893387000088],[120.44263220900007,22.684561389000066],[120.439661161,22.67854198300006],[120.4400050810001,22.673043104000044],[120.43606154100007,22.661341167000046],[120.43591253300008,22.631368013000042],[120.433585332,22.62396428900007],[120.43368725000005,22.61759961200005],[120.43755156700001,22.607278395000037],[120.4454672810001,22.599591158000067],[120.44706531500003,22.586973757000067],[120.4420620620001,22.560236617000044],[120.436578338,22.547562523000067],[120.43087872400008,22.544012681000083],[120.42285946100003,22.518457949000037],[120.425733627,22.49817872600005],[120.4244373250001,22.468719526000086],[120.43310669300001,22.468365487000085],[120.43601184700003,22.459481272000062],[120.43851335200009,22.459368881000046],[120.44707955500007,22.449345428000072],[120.45854806600005,22.43936443700005],[120.50854063400004,22.41215255600008],[120.51755434500001,22.41149198000005],[120.517527879,22.408986672000083],[120.54959765500007,22.39244492000006],[120.58557903600001,22.369389389000048],[120.5989413750001,22.355748617000074],[120.60564984400003,22.340212275000056],[120.6305095890001,22.319227141000056],[120.6420702800001,22.30305209100004],[120.64271176300008,22.29107283600007],[120.65210022100007,22.268241493000062],[120.64928931500003,22.255747562000067],[120.65016600400008,22.252376148000053],[120.65791484700003,22.24709798100008],[120.65792495700009,22.242864655000062],[120.66600878600002,22.23932994900008],[120.6718838910001,22.233422645000076],[120.67379968900002,22.229395387000068],[120.67232121100005,22.227535668000087],[120.67276883900001,22.224825790000068],[120.67675606900002,22.222739852000075],[120.68037249300005,22.215245322000044],[120.68478213900005,22.210461208000083],[120.6857851530001,22.20321545300004],[120.68402489700009,22.19697546200007],[120.68967474200008,22.186585973000035],[120.69109179000009,22.175096823000047],[120.69381951500009,22.17248100800009],[120.69370829900004,22.16793371700004],[120.69547251200004,22.166457215000037],[120.69602491700005,22.159676735000062],[120.6945995860001,22.15739664000006],[120.69994361700003,22.14832572000006],[120.69800533900002,22.143777666000062],[120.6980327330001,22.138169943000037],[120.70206233400006,22.13328491200008],[120.70232607500009,22.129841248000048],[120.70905520500003,22.122757170000057],[120.71058466800002,22.11726029600004],[120.70965167700001,22.116034119000062],[120.7131064130001,22.111468738000042],[120.71250306700006,22.10834210200005],[120.71586912400005,22.104829022000047],[120.71685194400004,22.093254395000088],[120.71452175000002,22.090781742000047],[120.70131724300006,22.08614688700004],[120.69930381500001,22.082781181000087],[120.70333896800003,22.078335265000078],[120.70573594400003,22.070744946000048],[120.70527828600007,22.057510162000085],[120.704481719,22.05604638400007],[120.69757863900008,22.05499289100004],[120.69442027800005,22.048265066000056],[120.69468749000009,22.043337402000077],[120.69644141600008,22.04307297200006],[120.6968932740001,22.04094456200005],[120.6938524310001,22.04153151400004],[120.68715059700003,22.032769262000045],[120.68478325000001,22.02562245300004],[120.69319199100005,22.007592164000073],[120.693834605,22.002591360000054],[120.70070041600002,21.99599838900008],[120.70469358700007,21.99469636200007],[120.70694347900007,21.987504046000083],[120.71006926700011,21.985645210000087],[120.71415063900008,21.978759812000078],[120.71503204200008,21.971140326000068],[120.7115275650001,21.963925024000048],[120.7105815860001,21.93411534200004],[120.7126590800001,21.933311827000068],[120.71633126100005,21.934868965000078],[120.71907045,21.93314160300008],[120.719039372,21.92726304000007],[120.72681218500009,21.918773420000036],[120.73962326500009,21.919429284000046],[120.739964375,21.926639798000053],[120.74338806100002,21.92892603100006],[120.7440545720001,21.932208959000036],[120.74709476600003,21.93181517000005],[120.74517193700001,21.942734432000066],[120.748475977,21.94181386300005],[120.74844685700009,21.949466229000052],[120.7526774270001,21.95075627600005],[120.75490989000002,21.953819053000075],[120.75330458200006,21.953674164000063],[120.75316095300002,21.955228462000036],[120.75509693100003,21.956434999000066],[120.75984993400004,21.956799911000076],[120.76162875900002,21.95893626700007],[120.7664525130001,21.95867534900009],[120.77107218900005,21.951529166000057],[120.77760632900004,21.94928111300004],[120.78302192800004,21.943544547000045],[120.79431524200004,21.94315649100008],[120.79663010400009,21.942176730000085],[120.7991574880001,21.937414382000043],[120.80179276500007,21.937232933000075],[120.80293761000007,21.93983802200006],[120.80422828200005,21.93961997100007],[120.8126309060001,21.933543479000036],[120.82222630500007,21.934363619000067],[120.82373308900003,21.93104718300009],[120.83184411600007,21.924804063000067],[120.83625783900004,21.916521137000075],[120.8456350990001,21.914416118000076],[120.84661654800004,21.90290907800005],[120.85021531300004,21.89731898200006],[120.85325437000006,21.89562290000009],[120.85860730900004,21.895599675000085],[120.86565377700003,21.898736176000057],[120.86713781000003,21.902726485000073],[120.86333917500008,21.905594342000086],[120.86202484400008,21.90895394000006],[120.86201765700002,21.91889815500008],[120.854253201,21.929447894000077],[120.84891910600004,21.93380582700007],[120.8427620220001,21.94771617300006],[120.84295246300007,21.954241550000063],[120.841386425,21.957379139000068],[120.84485220400006,21.97031855700004],[120.84431964800001,21.98086393400007],[120.84669247200009,21.987153139000043],[120.86158848700006,21.99081410000008],[120.87578872300003,21.998845547000087],[120.87929078700006,22.00573190500006],[120.87823407600001,22.01071111400006],[120.88708402700001,22.016452580000077],[120.88923002700005,22.02576084000009],[120.90125662100002,22.034136171000057],[120.89392769800008,22.048354353000036],[120.8929673560001,22.067977433000067],[120.89408191300004,22.08860665900005],[120.89914545900001,22.094426153000086],[120.89880719000007,22.100987287000066],[120.90203909000002,22.10530351700004],[120.89246735100005,22.109742029000074],[120.88662714100008,22.128046275000088],[120.88785884000004,22.133295402000044],[120.895788756,22.13978095300007],[120.89707910100003,22.14343355500006],[120.89255793000007,22.150319394000064],[120.89397771800009,22.155776613000057],[120.89209292600003,22.162443558000064],[120.89423418700005,22.172554172000048],[120.89070005100007,22.19532763600006],[120.89641350700003,22.20348406700009],[120.89417037400005,22.220600137000076],[120.89648980700008,22.22847736400007],[120.89913503500009,22.23036555400006],[120.8992735280001,22.23404234600008],[120.89629753300005,22.246428636000076],[120.8841865920001,22.240711050000073],[120.88051070800009,22.234644867000043],[120.87473372900001,22.23424501900007],[120.8666799770001,22.22980814500005],[120.86219759000005,22.230675913000084],[120.86430147400006,22.234284840000043],[120.8590065080001,22.23863416200004],[120.85883500400007,22.240709397000046],[120.85083932300006,22.243656747000045],[120.84465485300007,22.242862680000087],[120.83461896400001,22.245370998000055],[120.82591119900007,22.25664597900004],[120.81540268800006,22.263220991000082],[120.80802251900002,22.25936161900006],[120.7990650480001,22.257161646000043],[120.79789892500003,22.257938211000067],[120.79957967900009,22.265098745000046],[120.79654632300003,22.267138285000044],[120.796291053,22.269924505000063],[120.79806767500008,22.27637736400004],[120.80677813,22.277158929000052],[120.805698377,22.28379534900006],[120.793215455,22.28579086600007],[120.78977429000008,22.293423766000046],[120.78155591400002,22.294596595000087],[120.77774762600006,22.29797294800005],[120.77683802000001,22.302584633000038],[120.77815584000007,22.308498515000053],[120.78713539500006,22.309207884000045],[120.79269066300003,22.312152240000046],[120.7965903700001,22.31717161100005],[120.79510390900009,22.32257177300005],[120.79340942300007,22.323645613000053],[120.79247717300007,22.335623980000037],[120.78472731000011,22.345779021000055],[120.77518237800007,22.34935481100007],[120.76726819400005,22.34761096200009],[120.76338503700003,22.352785134000044],[120.76298563,22.359147006000057],[120.76100844500002,22.36042055200005],[120.75267694000001,22.360396337000054],[120.74346332700009,22.367262439000058],[120.74878799200008,22.373249196000074],[120.7486262110001,22.380384464000088],[120.75050391500008,22.38408933900007],[120.75648825100006,22.38838438500005],[120.75214567300009,22.392668056000048],[120.75380212200002,22.396436103000042],[120.75760844900003,22.398177781000072],[120.75342314,22.405059404000042],[120.75812057100006,22.40490496500007],[120.76531217400009,22.409047987000065],[120.77339502900008,22.406936004000045],[120.77555998900004,22.409655205000035],[120.7803613100001,22.40945312200006],[120.78964239300001,22.417649408000045],[120.78244694700004,22.433902496000087],[120.77513681100004,22.44329844200007],[120.7763367450001,22.449955446000047],[120.76510064800004,22.453059882000048],[120.75818083400009,22.458519292000062],[120.75461283800007,22.457248569000058],[120.75105323700006,22.45902309300004],[120.75457351600005,22.471406200000047],[120.75081325400004,22.479155983000055],[120.75746324800002,22.481832205000046],[120.758557946,22.488407081000048],[120.76368162100005,22.490917119000073],[120.7643477360001,22.49538787000006],[120.76270536900006,22.50110042600005],[120.75847571000008,22.507350144000043],[120.753632079,22.51103785500004],[120.75002279900002,22.53402152500007],[120.73905203100003,22.553662564000035],[120.74153499700003,22.568672366000044],[120.74878976100001,22.572297984000045],[120.749091636,22.578636232000065],[120.74581037200005,22.58955000800006],[120.75465216300006,22.60078753600004],[120.75288304100002,22.61180531100007],[120.75487955800008,22.616986308000037],[120.76124491400003,22.62620961500005],[120.76132213800008,22.630041790000064],[120.76766032900002,22.636187782000036],[120.78622309600007,22.662544365000088],[120.786231434,22.672043040000062],[120.7915779760001,22.679442425000047],[120.78679699600002,22.692912730000046],[120.78913026300006,22.693289527000047],[120.7976803580001,22.689102752000053],[120.80910700300001,22.68825839400006],[120.8114515630001,22.69203993600007],[120.81911956900001,22.691029540000045],[120.8198832810001,22.695597305000035],[120.825455691,22.695706956000038],[120.82869690300004,22.697661012000083],[120.83723618400006,22.69734617100005],[120.8402407960001,22.70666774500006],[120.84336827600009,22.70764941500005],[120.842486194,22.709838215000048],[120.84851526800003,22.716948179000042],[120.85488210200003,22.71754724100009],[120.85839636000003,22.71362227800006],[120.86167880100004,22.71669927100004],[120.879426158,22.71606993100005],[120.88374762300009,22.717277068000044],[120.88865329100008,22.727290354000047],[120.89143933900004,22.729380011000046],[120.89243483200005,22.73557057900007],[120.89503396600003,22.73860009400005],[120.89564336500007,22.741819256000042],[120.89414090100001,22.743708198000036],[120.8953572580001,22.748198237000054],[120.8941026,22.751610950000043],[120.89563153800009,22.756163438000044],[120.89481628700003,22.76258223700006],[120.8919652080001,22.763697793000063],[120.8935640850001,22.766784974000075],[120.900212291,22.769216482000047],[120.90382028400006,22.77557788300004],[120.90413708000005,22.783583069000088],[120.90169523400004,22.78754506100006],[120.90344578600002,22.799282109000046],[120.90089616800003,22.804275175000043],[120.89119793700002,22.81162492900006],[120.88113522200001,22.814514632000055],[120.87716251300003,22.813073056000064],[120.8747375700001,22.815256011000088],[120.87171350200003,22.814793463000058],[120.86863313200001,22.816852364000056],[120.86490332900007,22.825073933000056],[120.86163200600004,22.82666204700007],[120.86540259000003,22.83561381800007],[120.86462182800005,22.843019217000062],[120.85943049500008,22.84923804400006],[120.8599302670001,22.85146308900005],[120.85318827700007,22.857622957000046],[120.84835806800004,22.85194776800006],[120.84384882400002,22.85343503000007],[120.84027597400006,22.861242449000088],[120.83304109200003,22.866274075000035],[120.8229599450001,22.86572243800009],[120.81909192100011,22.86234601700005],[120.81516752900006,22.86165767400007],[120.81366066100009,22.857470274000036],[120.80108177600005,22.85102923900007],[120.79335080300007,22.852031840000052],[120.79170385500004,22.84837284300005],[120.79269501300007,22.841119303000085],[120.78584291800007,22.839903124000045],[120.778714863,22.83520389100005],[120.77441296100005,22.83765276400004],[120.7699182770001,22.844554550000055],[120.76416216900009,22.84899336500007],[120.7621589800001,22.856813629000044],[120.75504049300002,22.86467858000009],[120.74926424500006,22.86568285000004],[120.742422917,22.873735427000042],[120.73177593800006,22.875885973000038],[120.72502264500008,22.880833428000074],[120.7205107640001,22.881998527000064],[120.7045434470001,22.880669003000037],[120.69198158000006,22.868454176000057],[120.69054379900001,22.86487460300009],[120.67897422500005,22.862870246000057],[120.6767273370001,22.857256146000054],[120.6721179320001,22.85635390500005],[120.66857539800003,22.858716023000056],[120.66005517400004,22.860661381000057],[120.65865100200006,22.86607233700005],[120.6596699370001,22.870122328000036],[120.65677061600002,22.88111353900007],[120.65487801100005,22.88147537900005],[120.64910514200005,22.876967452000088]]]]}}]}